Time,V1,V2,V3,V4,V5,V6,V7,V8,V9,V10,V11,V12,V13,V14,V15,V16,V17,V18,V19,V20,V21,V22,V23,V24,V25,V26,V27,V28,Amount
105918.0,2.12048439023265,0.0856991043499022,-1.22481458298429,0.43721684049104,0.347834273362307,-0.723561048638411,0.112594756337324,-0.398899791714821,1.7935442355315,-0.312161921724976,-0.370916476724653,-2.01939709517189,2.39409618479408,1.55356997793801,-0.703871561106276,0.0585402728847257,0.138905048141131,-0.419629777642313,0.222855413172669,-0.20935578322236,-0.483338934233381,-0.977588255693453,0.253114442937833,-0.76157499201232,-0.201905379845529,0.202195748923539,-0.0946282230854071,-0.0729343194947389,0.89
46245.0,0.857628763214649,-1.23536430479431,0.722817478370285,-1.13266172717507,-1.4486838289099,-0.159561971463103,-0.72636656102304,0.256433402069518,2.15877684079362,-1.26921551312815,0.0473857772768244,0.0835957698870399,-1.77459437038881,0.229040888294252,2.02558790969764,-1.0067074098567,0.710469604087921,-0.572279848819692,-0.211312982279854,0.0486793772902074,0.2658299925041,0.663943852409593,-0.120831747063876,0.130139436302827,0.177288512352121,0.142613642588146,0.0381919947846228,0.043326142624242,160.0
124877.0,0.0183533800199089,0.623429704839621,0.123546885926351,-0.763006654171294,0.428464430253461,-0.584967213953854,0.719690227298672,0.128612376843721,0.0964555178607268,-0.176439471270311,0.100963902748593,-0.596370047428475,-2.52922523028926,0.793708656732014,-0.757413800643364,0.258062730568299,-0.579123702405902,0.0725328473452926,0.274542105405435,-0.186479538896649,-0.254127999711742,-0.700807671589829,0.0512321234161205,-0.471017239071885,-0.575896109138496,0.15474503464567,0.230073565771383,0.0778160384127888,2.67
133654.0,0.219043647671525,0.230239460877348,0.342860499456175,-1.53725062786524,-0.126829498508148,-0.899737040211094,0.0599777387020588,-0.168835154008309,-0.859711879509439,-0.646017509170484,-0.417972628503937,-0.333057617815192,1.62741284798888,-2.53838568278918,-0.272494837410377,1.65648183085104,1.11945429738928,-0.453479048568289,0.0503838086299767,0.186802131144772,0.326881745990238,1.0346637684739,-0.147567758825439,-0.174645413922991,-0.320413344573675,-0.159850639303911,0.109017443172588,0.0851912130725262,19.99
133400.0,0.216903266513304,-0.687670373085923,1.04296950400244,-2.38681084974671,-1.05059047121569,-0.0620176348289379,-0.6814051716821,0.181550159276502,-1.82781399320104,1.14132484575582,0.0458317344583243,-1.23282700098338,-1.01967943499616,-0.169192247996329,-0.636657373488281,-0.170421110804167,0.21134497006801,0.749470482581332,0.555332529779163,-0.388943049788325,-0.243758096222068,-0.352929176085533,0.243717074850969,-0.500981310110583,-1.38823369593468,-0.532223131755878,0.259968711761401,0.222394144776698,19.98
155394.0,-2.19289266871577,-1.51833159796722,-3.05116061206897,-0.563123308327689,-6.77716522429627,3.9774508431829,9.73734566163662,-1.78678064723795,-0.195671564664997,-1.70813736113459,-1.38837230226351,-1.14647721002549,-0.246806755067885,-0.0478718809267802,0.110400588001676,0.418647881120365,-0.971245587696376,-0.0142423340666651,0.153199356660777,0.535664262044679,-0.359474375707647,-0.208854962966251,1.17482203024275,-0.67231025414497,0.32129826405208,-0.0612779831978614,1.12314311469517,-0.454273779777559,2006.03
27772.0,1.09283547235357,0.0459681275779473,0.0700584896055821,0.457979582085481,-0.157686677575105,-0.585331233168193,0.258356776609125,-0.0218009245139923,-0.357420701052007,0.0695473273337484,1.76908889713288,0.730995565434604,-0.847066997490241,0.877345820024871,0.384137608607456,-0.0880983177394727,-0.103524006272449,-0.801277918104095,-0.0470559401533698,-0.0841038155456058,-0.271558558520985,-0.961662090725331,0.157146502717974,0.193600068063023,0.113410050268987,0.135763768244968,-0.0645687935286307,0.0043835060126742,52.9
51830.0,-0.788351239155999,-0.109142948277198,1.09218899779306,-1.78638149629097,0.0937618189727212,-0.553571404871608,0.386482513985554,-0.117382116736908,-1.34054622356938,0.0367952181374896,-0.596796774872944,-0.938789342969913,0.105629949327002,-0.234321569713557,0.297369008287363,0.96942286936452,0.165274473801901,-1.62351572326416,-0.248335736492839,0.0216595517816832,0.326667570313679,0.79020005953424,-0.22696794603483,-0.245633717172892,0.100835403227517,-0.254132736907782,-0.0181081982054451,0.131280675567408,69.65
11185.0,-1.17166766183111,1.46897317176943,2.79966088572771,1.30953081295491,0.112196246797959,0.549534059533142,0.673826348219458,0.0150305283083503,0.189088366161249,-0.497981792104299,0.613743675004398,-2.11265074340285,3.01804113743528,0.930154593529076,-0.47214859107101,0.967004834668528,-0.228186164815681,-0.252205033237258,-2.5323680059725,-0.202561353798658,-0.0396288963747842,0.022672655662606,-0.208796855236048,0.0215360896466239,0.188227885514364,-0.249152500469909,-0.20729914217137,0.0508251443058543,57.43
154607.0,2.01322798664589,-1.64221262060104,-1.07900854710622,-1.64558039393478,-0.539641933652492,0.999288717218608,-1.20577341565471,0.24099258532546,-1.3426833152056,1.34875080313669,0.0041548382859664,-0.115077306846861,0.918796312652854,-0.373524753021291,0.813220581367745,-1.90130940867973,1.67700581419332,-2.1411473042079,-1.68229269156142,-0.434954319528219,-0.0135682101682116,0.550006753668614,0.294826105664204,-1.37022439445468,-0.475025566493913,-0.0382026585800629,0.0738051808857755,-0.0559881562160138,69.32
126039.0,2.25794173975632,-1.65071549203883,-2.37421561752537,-2.58812023212135,1.15616053863034,3.4366133472665,-1.60909301645542,0.795781913403277,-1.40504110485496,1.58900996398359,-0.219287911990859,-0.722018821760203,0.317222643904791,-0.202793696138697,0.188987612978807,-0.706726924123171,0.435992426478714,-0.284983212870633,-0.263004107015272,-0.333495584288606,-0.16090658414206,-0.0812072201687271,0.25491571746305,0.68766438364856,-0.133762274825758,-0.141901522513784,0.0258276206300827,-0.0551194297721703,30.0
150150.0,2.06285728392187,-0.0994381969864744,-1.74100677147424,0.251223058998608,0.395018897424233,-0.703280960254462,0.284275841115481,-0.174615592865074,0.240674627124995,0.299599719983766,0.67524596692942,0.533583653918903,-1.08227802278359,0.771522008364588,-1.00937686864198,-0.314846130904205,-0.282573500706002,-0.22026767858231,0.494251214188915,-0.265131602768203,-0.0002387755807598,0.107841321458385,0.120120778974784,0.799973481670433,0.13463578527809,0.508390000639223,-0.110306292368731,-0.0823016945844969,0.0
164603.0,1.81763436732671,-0.183721937719854,-1.9466311256477,0.620665238568909,0.115846514753965,-1.41341146452013,0.444663175530991,-0.417965378590036,0.590235196126158,-0.572204870280223,-0.45783730626408,-0.0283376370907971,-0.0151928034204213,-0.801228599202764,0.941319642911498,0.298332738372006,0.429908076148453,0.626234556096225,-0.433230772227829,0.0604993187952563,0.257749560728248,0.626398235129142,-0.153344350591811,-0.177842433311325,0.223811528343236,-0.107835432937912,-0.026035104427758,-0.0079923051560875,132.45
69361.0,-0.70248522106063,-0.49752918590917,1.91176945063737,-0.571630343726026,-0.37620556427019,0.690549053787855,1.03966175932597,-0.596061942096232,-0.617550186871728,1.04072068026304,1.09951700135915,0.503734337163908,0.549438466760291,-0.995856423819319,-0.762596059900776,-1.61152890031008,-0.715157618320121,1.42227850508159,-1.68671154659352,-0.647642789680879,-0.232436238297833,0.732972678128488,0.154669862516245,0.0094411656723769,-0.674939851404141,-0.572911448408407,-0.317590642973936,-0.572894194060435,158.0
58762.0,1.35752390995157,-0.55236999171686,0.381725882959741,-0.621167754656807,-1.10357677084972,-1.06892927650058,-0.476032606009019,-0.228765401552607,-0.763216313253298,0.626157125494012,-0.284784311663154,-0.697364526663718,-0.0088834391316403,-0.104813771569575,0.747051295589626,1.11697706040998,0.266057909986433,-1.35314992846963,0.509527134160011,0.117065553018677,0.161097692401702,0.318341426464025,-0.0674273272002473,0.413945157752093,0.480889651252649,-0.210527662679804,-0.002487774723899,0.0204361003539553,39.65
95395.0,1.62762095305694,-0.0853718731933824,0.204441838609336,4.0003815826216,-0.242990244233407,0.806692078346507,-0.620986635908397,0.202227361029396,0.87495401040395,1.13715039108638,0.854910729907113,-2.45521818719653,1.06335899116855,1.49693872346752,-1.91377061769606,1.49982130375727,-0.508721790939858,1.01127479298008,-1.56749676976481,-0.115460618354733,0.114238924080623,0.37197537448241,0.0555959303935388,-0.432424790635056,-0.311132281359537,-0.0196637551991675,-0.0400520025452852,-0.0323586113820412,119.0
147089.0,2.12780593526135,0.0073852923630698,-1.51651521271522,0.115555600709078,0.587189219788685,-0.336869693188704,0.188626954523118,-0.256267982911986,0.405091275625268,0.0332556510722815,-1.23184723485475,0.764831216497554,1.37350654319356,-0.0148772972355589,0.012100090131171,0.0866025677748778,-0.651060302859184,-0.730975065556688,0.433008041948094,-0.0969203757785896,-0.331552057418541,-0.798912525154447,0.270256462533895,0.0622981215515591,-0.140083446508326,0.204408469984843,-0.068981111100632,-0.0581459007926377,0.99
88041.0,1.82530710156201,-0.659419011285048,-0.2295074867633,0.199867054302787,-0.685318145870717,-0.0237914539250731,-0.648176708993542,0.0550717829595237,0.828306933678353,0.0868223179851479,0.720503349084276,1.58511537563865,1.38432802598338,-0.281455344163473,-0.134097718886779,0.826396081938561,-1.03934404194254,0.311770546662596,0.197780725550827,0.0715412510395521,0.0084718413833774,0.0196816315713393,0.22400466714097,-0.356350465982765,-0.58045279153886,0.381807191274535,-0.0325886123500427,-0.0383173440574376,83.87
163057.0,-0.748092466582908,0.911207468219303,-0.205419098654062,-0.482839217387601,0.222136831963133,-1.00426237346591,1.69040756494524,-0.298978352138192,-0.0027654639269117,-1.05761407662198,-0.679813600197664,-0.994733438138397,-1.27767474835352,-0.648291336412089,0.735474481393716,0.181567716318084,0.432937574036164,0.737253216314379,-0.56692556266477,-0.0286929940612281,0.230881438718296,0.799698783916801,-0.218718301621204,-0.107864273479194,0.199339143476256,-0.108972932161439,0.300761276130299,0.210527015993601,153.98
57499.0,0.957967860566168,-0.005983144360019,0.739076736623337,1.34485767774024,-0.507085724775855,-0.348649631115374,0.0213411285132698,-0.0986975519653602,-0.061508367280565,-0.0808914379905347,0.298646952607876,1.08258346781336,1.41895981587029,-0.0263426065332728,1.21685209745265,-0.0992768012638582,-0.248337955970241,-0.528390569655698,-1.13262852242287,0.115110535566664,0.293355821381707,0.783046027105232,-0.158711053615209,0.467910913574656,0.514538953003982,-0.227666594137905,0.0423950189813233,0.04765197509906,103.6
73464.0,1.21908526351441,0.530382269996268,-0.484101112559711,0.816447658064394,-0.0303404511985997,-1.2769515495204,0.236216724714496,-0.120572191163413,-0.271408163094488,-0.511202993070067,1.88415470132957,0.0180186694964417,-1.32753628905063,-0.865662866303377,0.37556707669004,0.740180309316971,0.924126139281287,0.832055878785166,-0.145948561370032,-0.137460822267898,-0.10169306333082,-0.327426188808245,-0.0572113366119197,0.393099419725808,0.475594499614326,0.342567014284945,-0.0415488165629077,0.0323608702842253,0.76
170899.0,-0.430256926305929,0.347433789570094,1.40488324761958,-0.552156626090585,0.447385333895778,-0.209601226847295,0.0852323437724723,0.0769272832624099,0.0100752200465984,-0.630719426951747,-0.990116411695608,0.0731536772593371,0.772406219813569,-0.267979230320876,0.751501987655791,0.325388469063769,-0.621647512975078,0.287862883463596,0.0991057671792328,0.108725448336469,0.271789617144002,0.781914263798621,-0.154214274559679,0.739282445717021,-0.390233256708535,0.675436597390724,0.106815323568668,0.166063840981781,1.0
128622.0,2.08819366814687,-0.63622735494224,-0.87433704404942,-0.440582890392686,-1.05060437566278,-1.26537227759919,-0.843916085596075,-0.205168187458671,-0.0366017126159859,0.0577277814560601,0.162251842822456,-0.353638632246345,0.563846856250292,-2.16745481175685,0.296642133104019,1.46247134528661,1.55696371600537,-0.733591450478898,-0.0321124221434969,0.0530170856427628,0.281572972700144,0.921292891538053,0.150798037739926,0.315265681085579,-0.206856686422814,-0.112654033271169,0.0346227963053258,-0.005537974145682,24.99
155444.0,1.40411572554559,-2.93419131333798,-1.55488151380324,-0.920475022474056,-1.79922002140583,-0.504241011487982,-0.490560871160323,-0.217195530477184,-1.02549238151654,1.44990215099121,0.0642943587947875,-0.489649703499218,-1.14837542444874,-0.148059355335272,-2.41516768592676,-1.24117578169244,1.00743754388654,0.244395392110661,0.444227944743847,0.327415429058283,0.207520666352617,0.306211602061863,-0.352143247118199,0.112802046738305,0.030392633276769,0.0610927014006789,-0.0880836156412817,-0.0021842565249176,450.0
28361.0,1.29992975053655,-0.0591476158884826,-1.09896599400879,-0.550580804397756,2.02203136477471,3.27101216030315,-0.524364710512707,0.806171071804549,-0.0536675053586304,-0.0025820145852291,-0.0284941695140753,0.0739864366704824,0.0427129054087242,0.42731391747386,1.24628418364394,0.641423987768566,-0.909999030218705,-0.0670569525853809,0.252709358649747,0.0332642009672294,-0.308453939397352,-1.07316196043951,0.0967365960043523,0.992536727581736,0.366457084483457,0.109519263754431,-0.0298155315024531,0.0132309897601929,9.99
138750.0,1.91283232092328,-0.284553795078158,-0.705012941376756,1.22261472378371,0.175142924695061,0.820669006606241,-0.426631753748635,0.289426220689696,0.998829107582634,0.148833506997766,-0.210889522496522,1.00750840789927,-0.502315042865478,-0.0482325641280515,-1.73958244044707,-0.05540790430021,-0.48172411546726,-0.187539254861443,0.683060702675784,-0.233673446798534,-0.51118294754954,-1.28273857425865,0.381246796767736,-0.0633006956499891,-0.275337861469972,-1.1139707446234,0.0436418241262846,-0.0388784307349271,20.66
52371.0,1.25133966572691,-0.606993386317849,-1.20515974225726,-0.563052872338715,1.65581983062474,3.43628856624538,-0.709390577161878,0.768214556014521,-1.25161458465431,0.876735332071016,-0.359966253123221,-0.222175070206367,0.296205234603601,0.36312670862333,0.93585770959435,-0.997921656585996,-0.692943207836867,1.46054570931156,-0.74398301229746,-0.270919952551512,-0.54548203125007,-1.41803879616649,0.0282363216271853,0.926517252943165,0.488011658854649,-0.527343318044678,0.0316977375559222,0.0374432844725913,80.09
62495.0,1.24567381944824,0.166975019545401,0.488305742562781,0.6353219207244,-0.562776680773863,-1.01107261632698,0.0149526614685896,-0.160210863301812,0.17036185217373,-0.0445745893804268,-0.35674901847752,-0.0734595173503765,-0.517759694198053,0.406968934383731,1.12414692288685,0.342469754110769,-0.374656440051376,-0.438992432436683,-0.116090785002835,-0.132079724302295,-0.262580846041176,-0.816263763157847,0.140304302014326,0.357827249299806,0.186422945723389,0.0965444707905616,-0.035866315294695,0.0184945729704665,8.99
146020.0,-2.30367787657387,-0.594010013743343,0.302468758551259,0.0513155029838358,1.78415235910898,-1.99309703938162,0.418221953669487,0.162360536135754,-0.962537176905827,-1.05654394006727,-1.10794173383945,0.459896474305024,0.460653776535695,0.636917643734028,-0.715471862908013,-0.547102866056161,0.0999363091726409,-0.611723944651905,0.168322034754148,0.439399580673218,0.205363262752732,-0.126698606450902,-0.481309489635526,0.131957565227104,1.0392580067918,0.492781126217011,-0.152833649157244,-0.320870709999204,33.35
56570.0,1.43134863834062,-1.02457784128206,0.439748130644256,-1.49126514494638,-1.27346717380541,-0.219003098960674,-1.06551211136764,0.016181198769783,-2.16142585306732,1.55479584583014,1.49896915584631,0.078197259403723,0.739775968272062,-0.151190480913927,0.0813440947699392,-0.512579714135827,0.515667707273799,-0.0364662164663983,-0.315156238433055,-0.324028057528256,-0.130479184653693,0.030191334888501,0.0465696431591732,0.017040579403414,0.296218092153698,-0.195671288843947,0.0445712240221652,0.0084519019041871,15.0
61910.0,-1.51206485055316,1.07774245457758,1.10293495180366,-0.39609778273084,0.486740913561602,-0.391229354541996,1.54409223833351,-0.808875674800208,0.983516885416619,2.06211781184481,1.67090618301605,0.0924952570883339,-0.139895119074819,-1.43481168827775,0.492754178407407,0.315236333875235,-0.84047410025074,0.277742619615909,0.215814475112307,0.823389882716528,-0.688075035601543,-0.663897722675644,-0.226494749730835,-0.0559340107495191,0.0134400448791349,-0.0089248582290005,0.131581152034901,-0.288400432568646,89.99
37946.0,0.572902979480126,-2.66583438795054,-1.06945090245403,-1.0891268547835,-1.13196057665375,-0.0313413511324213,0.0622484119832942,-0.404940378186033,-1.88819793789489,1.11572365675921,-1.84270543722316,-0.842899096612524,1.36069610375244,-0.455942743989066,-0.292000496100762,-0.533407526116639,0.344027789616162,0.160721853651487,0.400435527127794,0.851470492715124,0.0377796779706914,-0.573096127175002,-0.74838910902832,-0.947823354137623,0.687760277477222,-0.0381111200214476,-0.0843798806787489,0.0918785033897181,561.0
47035.0,-0.358860256783352,0.183760598151204,0.996205809504066,-1.52124477780319,-0.448353229273651,-1.2197068152356,0.877413026903177,-0.295182008473178,0.414136835871665,-1.31732750148225,-0.115573924661084,0.558270461464463,0.643653924188819,0.20329299196494,1.74493061944551,-0.8423566904785,0.0452080419576159,0.0356573653834026,1.48692949541248,0.33252345616451,0.136348896308013,0.33355110880614,0.137104487483613,0.44260092719935,-0.380601304518929,-0.0223059341425183,0.120725220888481,0.167323538815312,100.85
28669.0,1.27585430208881,-0.760900816717349,1.06943822025038,-0.746144025041956,-1.38146587153411,-0.0556422303763635,-1.21585793142804,0.219683546881274,-0.646175029417439,0.738758084493665,1.75042445837222,0.104749081826005,-0.0177399608304501,-0.173879565279884,0.671870005368424,1.33243558210801,0.168401439859725,-0.850459698861103,0.0790644299870923,0.0493376385113913,0.471346314978103,1.30614033557643,-0.0567291885459297,0.274792690795471,0.291123152380527,-0.0493285236843878,0.0493788370906167,0.013843165947484,11.0
26434.0,-1.72319336067866,3.41591723090617,-3.45087124848259,-0.735390342349577,4.19898749500655,2.42890008385067,2.20052072797214,-1.28320120519636,4.0372380824411,5.9138594428216,2.19143887474151,-1.62196809837105,-0.59572826645029,-6.57162334109235,1.81091876891782,-0.0096128677469244,1.15693769234471,1.44403363526056,-0.491101993787992,3.03915764493543,-1.17470953620351,-0.56837424758469,-0.13919827439555,0.587941245419869,0.255051583344922,-0.599083446344236,0.292155577756278,-1.25646401885191,0.89
31977.0,0.908622855093357,-0.391876482053502,0.762261909690482,0.264702485508568,-0.0661199754561162,1.61714485536472,-0.74711291583363,0.6821357615239,0.16150058429187,-0.132481812804316,2.29627257217006,1.11391938099293,-0.294913032858006,0.440824824664318,1.74972731123108,-0.467342661651217,0.442859883027295,-1.55510235027726,-1.56469159036287,-0.132639135151885,0.105349202915473,0.299743595440723,0.174446224352492,-1.01232334089716,-0.235341837731219,0.426830697092341,0.0422160984256585,0.0073356124034501,52.93
53879.0,-1.18134810212105,-0.916395915440657,0.346424925307835,-0.180606110753365,-0.678344358684901,0.473790216317244,2.03551179289808,0.0224627247574334,-0.322610035211537,-0.911372002734056,-0.0136791455497763,-0.152095633849338,-1.10309767416901,0.359812149723021,-0.9567817462341,0.640325542012074,-0.900158115315678,0.542226896163215,-0.0118470700025388,0.884473460177013,0.172841783026044,-0.43474405330088,0.983410806016844,-0.576682445151626,0.0634108480819802,0.080998617686199,-0.171989402432031,0.0634054271067325,474.19
120450.0,-0.408926982314068,-0.303913046431478,0.872847403492306,-2.62916626292302,0.280501201842178,0.682226497035686,-0.0215409362849046,0.280539994917621,-0.924516267816724,-0.150096897076375,-0.352910418221601,-0.752409303382615,-0.196060752084949,-0.407537344002394,-1.04048672179153,1.81410587376338,-0.713561352141317,-0.210782396581065,0.425866699425055,0.155828756684742,0.400500227286872,0.944857597872087,-0.276582561733536,-0.341614991872002,0.100453360894663,-0.167953231179814,0.0901490021295657,0.122737188711537,55.0
59209.0,0.623420102868409,-1.85264321049616,0.284454559228732,-1.61434466870993,-1.91087886903755,-1.02743229135898,-0.316362583394608,-0.0716111366676472,2.73625978879414,-1.72494647448334,-0.661715632139045,-0.0735475748156456,-1.90815705059649,0.313727486532525,1.92254227975646,-0.728835761924326,0.116108799207584,0.725564377915507,0.914568709208705,0.469110224433465,0.330298466168007,0.408216136204832,-0.435390968085753,0.415678747396019,0.487957280927395,-0.670142955336753,0.0280911297323819,0.0867432816215383,345.15
161616.0,-0.385426015093398,0.293092637222095,1.83701051105928,0.168332070259822,-0.214428947930705,0.291325570273817,-0.222087183334875,0.0570557355997182,1.5827610090815,-0.96620192370702,-1.22899897677272,0.846274287312754,1.18107696049428,-3.05544573578549,-1.75166064084303,-0.235581661939569,1.01405299675632,0.0909725272008017,0.617414191720921,0.201386983204547,-0.240122369466889,0.136572618126863,-0.224753713989286,-0.103524369192179,-0.269844658712877,0.625624725485757,0.0729703500612284,-0.109852743956846,10.71
124741.0,-3.62042471966086,-4.11998055880286,-0.821231754067805,0.372673999152962,1.20643236942278,-1.36543691209582,0.449591781543698,0.442836960357036,0.197663963972344,-1.52677701308042,-1.58900612870011,0.112665703167674,-0.372718020973975,0.605723549475028,-0.414227160075147,-0.123339649154224,-0.0688167063178618,-0.0357039556877753,0.0673827948102972,1.80006160402364,0.477591776257353,-0.741733104192716,1.02325201837193,0.540909138328535,0.410414358994319,-0.153162542903584,-0.272155392150944,-0.587195781852102,500.74
57917.0,-1.36526097784163,1.73833642718237,-0.212157455416783,0.515987779238916,0.392921478565509,0.371419869839821,-0.0109221426344825,0.81406596034511,-0.649350231483524,-0.186793602017698,-1.72180499434305,0.101306215396072,0.90637995245877,0.668249739289667,1.26803806680206,-0.0292523855037604,-0.138752524257566,0.0969164532424841,0.576260028217303,-0.134523283218977,0.168488732530899,0.375764088436767,-0.116330772134784,-1.3028227121817,-0.0288945996920171,-0.232138612414969,-0.209058780683689,0.0861393537616057,7.36
4311.0,0.208208688288518,1.27796882703557,0.245557871877301,1.05865730088231,0.607468918889309,-0.875900464643156,0.937976660372663,-0.336702770898596,0.756414950787911,-0.17178857753022,0.120468022190082,-2.57660973114458,1.8397254017349,1.87496617778727,-0.0633973850224141,-0.488575753291833,0.445689829236206,0.24944580837013,0.312937645026091,0.0294274494463298,-0.0371939531358695,0.370782232353849,-0.0173484145342964,-0.0154617727763458,-0.680742837334208,-0.432522277267377,0.413221982615711,0.22077893555986,5.19
42274.0,1.22503152785873,0.309672320000465,0.075763925317536,1.17209344863313,0.049134903310978,-0.352606807363435,0.2012159024355,-0.0670495767422367,-0.178753622782667,0.166884721289629,0.756205139809211,0.878284222120873,-0.181588586602776,0.430685370966311,-0.684833108042334,-0.0825949274206188,-0.482172576281438,0.167260354950197,0.286138206152796,-0.152393631667415,-0.0069922429193418,0.112232306872415,-0.198474570796217,0.0127997257163906,0.853471852225965,-0.257057738451355,0.0053076965207773,-0.0002962624138458,1.0
168105.0,-0.631240811818511,1.08945740029638,-0.153476929029147,-0.661772001016973,-0.0118776790887022,-0.957803959739252,0.489682243688611,0.418760435569839,-0.1500195184295,-0.134324028656671,0.579404145949993,0.553792934412912,-0.916903407197665,0.739622069377292,-1.03108419228123,0.224092668347087,-0.415813179572513,-0.14963281786947,0.141048624103951,-0.0581025314228165,-0.19906462623466,-0.552667732066637,0.155588810485585,0.0423188085752423,-0.483598633245617,0.124918164312852,0.221525602382749,0.0808003187267525,12.99
131466.0,2.04203484650694,-1.06637704832517,-2.8870487614465,-1.44303359313354,1.97498433406019,3.24118245907535,-0.627375377092819,0.676159513333489,-0.775026005922016,0.885759745712608,-0.232520277659335,0.0433427869291694,0.054222246087319,0.454888414842548,0.229165049013207,-1.83262204783099,-0.0369096416509108,0.384218204712875,-0.737592672008451,-0.408769067359382,-0.487118382916511,-1.0697850822979,0.28282675086343,0.692824002822702,-0.207453313435925,0.494270631329093,-0.0628022354883469,-0.0590893776117247,75.7
160638.0,2.02663630736837,-0.0295584449940196,-0.885953441672486,0.515507472904761,-0.328648833874898,-1.44782283985506,0.216217474580163,-0.378158100129476,0.471499481644586,0.0632897520271717,-0.31797522301189,0.721072959716816,0.259904961779298,0.247875885153195,-0.019958015712379,-0.240395659541542,-0.150040600022478,-1.03959723342361,-0.0156614450933718,-0.214324907338945,-0.25650865923744,-0.601068296484004,0.38630167045225,0.467294494757648,-0.346732996570197,0.168540268831413,-0.0690244873155359,-0.0545257369907652,4.99
81794.0,-1.05640378416255,-0.540883116785731,2.38456843878066,1.3113645678384,0.415682789437172,0.628925519217644,-0.326603068504572,0.336166808502014,0.0383770167536895,0.0685418220598785,0.751554276579832,0.0512204352296577,-0.899804453137715,-0.0536558619601323,0.664774614206538,-0.249664984876728,-0.168375857755183,0.80305458210393,0.713311848754967,0.45904655448311,0.331736059492065,0.875609691300169,0.0502004191814534,-0.309728514885452,-0.159918348754778,-0.13026118692948,-0.0274267801598284,-0.0798177223590645,89.0
63000.0,-0.539838371216141,1.63483483089739,1.94661431932764,2.72772614398573,0.298097557260927,-0.208300311794925,0.821708174603425,-0.0754551136797785,-1.81307566956784,0.760790182830906,-0.305361483459463,0.0093930286167707,1.06569258623489,0.148359588732529,1.1293075823835,-0.194659638417252,0.0172901058905053,-0.204112439429413,0.892947356907069,0.375779859881779,-0.10697728214084,-0.192232106137421,-0.218292330084323,0.401272308014014,0.244031150013182,0.18093611737833,0.316101653923341,0.149896296731165,7.31
29934.0,-0.99239411076839,0.283456805019685,2.85693510456894,1.3638373070073,-1.1365529988844,0.697335839042321,0.125330543746072,0.262922853172388,0.792604710717735,-0.704432086765562,-1.42240956405616,0.0060442263424681,-0.72761919509159,-0.848947682820222,-0.863106787678959,-0.77886402281712,0.526927443004925,0.0607320051687982,1.08435859917712,-0.0446862770324482,-0.0770873766676655,0.182771265946676,-0.0815928149569084,0.412121550591228,0.372358167376788,-0.198899390851606,0.0779896442419404,0.0482687885100837,101.18
127378.0,-1.28113090796478,-0.225094512411538,0.899175781143716,-3.21718558687588,-0.956073496198591,0.4657914540285,-0.274723678952894,0.541868153688838,-2.41986460049276,0.541364052858382,0.108081847888506,-0.332842633762874,0.746222867768555,-0.358629797227234,-1.28708096025797,0.133397512290998,-0.0049139661459663,0.653954136650603,-0.433318330347602,-0.261590282217818,-0.115054825939306,-0.0496352850094493,-0.316354745352987,0.281567485243721,0.711350196264256,-0.154613757133806,0.0778226353306203,-0.0168884682143785,114.0
73233.0,1.29611341830785,0.366758973408832,0.0887798323503684,0.563317397812544,-0.0796166895878015,-0.758164839346782,0.0963937377192415,-0.187848823561761,0.0196889010596419,-0.291115201330667,-0.490788376186516,0.232298636307725,0.648415724070502,-0.385329326293703,1.09708887623218,0.619737365422313,-0.219451432648727,-0.164335542710336,0.0022223093654944,-0.0441157919541933,-0.319707097283412,-0.901516179360791,0.0597621257543036,-0.184138585367794,0.299266722398209,0.126737261701138,-0.0214603255261608,0.0259221006967081,0.89
33099.0,-0.941721384671698,-0.0870037894764432,1.26107917748092,1.4726534551277,-0.364973615970082,-0.0294400460312703,2.02509130573862,-0.416902445442354,-0.756821597619556,-0.383794317359998,0.222052965350281,0.544613032112718,0.697412709093536,-0.0524351952387486,0.519003628774498,-1.42109330527854,0.573931222918471,-0.75417689058788,0.418528585524895,0.875929277705958,0.305173154430528,0.664976646084022,0.56564528869317,0.617408869140116,0.119187100552988,-0.234219867509566,-0.115693546738662,-0.0603943711265906,329.41
140823.0,0.62424847298133,-2.38988732606542,-2.60043918744408,0.993679655017978,-0.243565430166656,-0.596323701199966,1.41943207622627,-0.55912733075175,0.14575796371352,-0.181723088528106,-0.901013424723686,0.299341873927468,0.42767691904789,0.599858849885096,0.290984383019275,-0.0826327464064694,-0.418132836837651,-0.323088500583625,-0.25340199205785,1.3842652662513,0.517378637578023,-0.133194503332346,-0.598798139522042,0.670168505556912,-0.074929055114336,0.293327392216689,-0.228603877136013,0.0689698765731749,772.7
159080.0,0.435585903408185,-0.537466400744072,0.0626015050743723,-2.58771363874368,-0.256933882747045,-0.337910836399905,-0.105390094136759,-0.0271070002535197,-2.29752627518671,1.06330950843475,0.533821911321186,-0.376246241105999,0.0537303944189128,-0.213082705930976,-1.69855952450027,-0.705904507090603,0.38176037724704,-0.0043813689178847,0.129984795449084,-0.391649687018292,-0.271391829572172,-0.401662783068658,0.130997895595116,0.651730306845838,-0.42907569142158,-0.448503603766747,0.026152923860242,-0.0071752736218437,14.4
21308.0,1.09811466852726,-0.47303215337111,0.992274188144557,-0.719987695559202,-0.783075258866349,0.47488673879522,-0.961383714988763,0.351748217004278,2.95131892898984,-1.35331135292171,2.53157749220207,-1.30292716764396,0.72244490146491,1.69214299694931,0.424629319776994,-0.829360079053044,0.942962865478103,0.145091423265241,-0.0801430975270315,-0.24820000150797,-0.0571350727017003,0.304774557788382,0.0234522999963185,-0.34402016268151,0.269959511295501,-0.681964687601683,0.0893117132993653,0.0121872931569856,11.85
119969.0,-9.99710688988339,-5.95594595805656,-7.95676093503539,0.508362711884171,-19.9075903726898,16.3555341574423,24.6645265070678,-8.09097772259054,3.32883743959744,1.73613201627973,3.32095787369301,-1.87620106078527,0.739909186011428,-4.5191162778682,2.43620565575065,2.32937246659249,-2.60774980461326,-2.83833644739428,0.698645747192672,-13.8195659981176,-5.91614896140421,-0.27528068561411,-6.20121564637222,0.140528890479317,-0.510417255551587,0.170273891058109,-1.03768374805528,3.50075398471742,4861.64
22664.0,-1.82597048900424,2.05851391254247,-1.60418089020833,2.86729594790431,-1.58297168115484,-0.231664175445604,-1.57936697765633,2.16336650156973,-0.0576336880094882,0.15388272435696,1.47368066785878,-1.96828909199796,0.209974431094119,3.65090603114809,-0.702507046277897,0.914209501564919,1.25767174091884,0.335157465703346,-0.837382398268992,-0.897364788114365,0.0883175247184597,-0.232371006421534,0.719785283849576,0.0707736398126858,-0.995743849650976,-0.294244186921121,-0.895048110805526,-0.554288557609013,25.09
143966.0,1.94230332894696,-0.263680170592441,-3.23644200264959,-0.567388985321212,2.64212324235334,3.02702446427744,-0.312445092007541,0.711472134106521,0.433840390615916,-0.479299714236594,0.411445106284222,0.0626340713234424,-0.185797121447791,-0.513266524676314,1.32780285291033,0.139163582962677,0.313152840630188,0.393240956189028,-0.573492619395047,-0.0225731671259504,0.224913229921704,0.584441075445831,-0.0271267828900075,0.639529933487286,0.270067108604734,-0.0861152984836702,0.0066786777429951,-0.0286101943112098,56.11
135904.0,1.81881828597047,-0.835903359728659,-0.482266865122321,0.0937041156501412,-0.745343220810431,0.0412836460345903,-0.765760673868393,0.204702862241376,1.39071616417057,-0.051753800561596,0.585032280320735,0.593686209162822,-0.963237699129765,0.185014580981059,-0.0347074919881776,0.364175354390046,-0.656707552027349,0.77721637092467,0.146019608312342,-0.0872602107646639,0.259404248159552,0.717497932376216,0.113169438735156,0.782528156484229,-0.24679347938776,0.0650965378388712,-0.0127412213536731,-0.0343043604070557,79.95
152387.0,2.0345263465767,-0.109082232558209,-1.05619928992698,0.497972182763032,-0.161997260810627,-0.497752930461602,-0.486252785998247,-0.0728873100968877,1.33754814540114,-0.633744865705287,-1.14300126878165,0.0950058545895772,0.441432921954681,-1.44685440365216,0.817623342841193,0.707156750148739,0.122810748705291,1.0314869283997,-0.250783193459409,-0.15579407325832,0.167039676025929,0.763602514611078,-0.0311638187431637,-0.718373529221519,0.0712586183466308,-0.0985011914237053,0.0534057260824545,-0.0186868180874036,3.99
132185.0,2.01775997614263,0.0415361580808746,-1.19587332012523,1.30041602365065,0.39953789750802,-0.14876946084346,0.105583994157382,-0.175281450764425,0.611206789888322,0.13264896934112,-1.34159749971212,0.768153291864248,0.841880286192625,-0.131307318692989,-0.719576721326703,-0.421404827977329,-0.39388444389594,-0.281562074215814,-0.0965628155621101,-0.183078658496392,0.0913617444447302,0.572393841234632,-0.0036164877528719,0.511980005848165,0.415292501933418,-0.48213068845076,0.0221089883134626,-0.0436465217764013,9.99
73108.0,-0.33896395387565,-1.61236358431742,1.87513119466993,-2.11818650402312,-0.561389036630664,-0.377007222844469,-1.21484660151183,0.0804243029740074,-1.34428829402335,1.22952367203423,0.217841081808435,-0.452935843889042,0.059633923571346,-1.02329856908799,-1.63030036832132,-0.137079919346721,-0.0382692907170539,0.792734845922966,-0.257219429308575,-0.147187197652656,-0.0164485602427152,0.414193958111342,0.253205844067746,-0.0268939007541605,-1.24043732117279,-0.566295651675891,0.0987926034766304,0.0252264478943456,19.25
140858.0,-1.32604361404443,0.771696683363745,-0.501459125935095,-0.0220762105460006,2.4855172979993,4.45564656864815,-0.0788398573685731,0.992615342807878,0.738340744791539,0.631221963550559,-0.581556659290125,0.28968316890395,-0.398214280429493,-0.378907079770083,-0.497796323469412,-1.0117005365002,0.125418564567909,-0.772061850350918,1.09049061749855,-0.0457649279089581,-0.49501568922277,-1.04261696222025,0.37748656868308,0.627775522412344,-0.664409093628055,-1.01510110953804,0.0080653595650713,0.39219725738549,28.73
76864.0,1.58210073987126,-1.19767766848277,-1.1474165961909,-2.50429732307251,0.984771817919677,3.2340345591725,-1.49219618145839,0.747692272062732,-1.9844875776055,1.50153562172476,-0.242807330268215,-1.02715225075825,0.498296493743138,-0.176644241913566,0.749327151888366,-0.077728882962753,0.0062051172974092,0.396657093045769,0.128686511743858,-0.208869751442795,-0.269320764933634,-0.522610489931649,0.001929819220473,0.981586296128377,0.549879390876014,-0.190892582381334,0.0332774887110531,0.0137032478393145,10.0
51951.0,1.21253828047822,0.623672529499638,0.575912425196194,2.36072182342955,0.0585541663251153,-0.243963083904357,0.150122743328277,-0.0962077314060823,-0.770917929631183,0.656679427052586,-0.851668185216561,0.0299097019222197,0.585329644217837,0.168080523721855,0.546733637855963,0.8991991067011,-0.855139841912552,-0.364362475396005,-0.738624797477841,-0.0993619662678809,-0.274175255538211,-0.852611327042684,0.0744130932859243,-0.161133467472521,0.328331685592833,-0.236665577988888,-0.0051496024833851,0.025267124793713,7.22
44667.0,-2.44784452387362,1.97970975641233,0.900146525003123,1.59451880459509,-1.81862223306635,0.850376722380993,-1.58489443290956,2.24369542076608,0.0946864937623892,-0.621105076448707,0.0240498355401658,1.57603013303181,-0.949339250837902,0.686374796184108,-2.10283427158073,-1.03300896910111,1.68405991482332,-0.416612840409753,1.47393708788408,-0.27348489086674,-0.149311554484548,-0.461225954858577,0.15328020773146,0.207583273400746,-0.0166273411968197,-0.409590400981394,-0.227248237261506,-0.0239657617895205,7.0
158660.0,-6.54527476247607,-10.1281430775375,2.16249726748032,-0.115145688651891,5.67989533859799,-3.20956775744541,-6.51944449919798,0.578991150801428,0.661986570671056,1.84603117823796,-0.775656414484689,0.327013267125988,0.620263443605808,-1.92949468759571,-2.45960910201138,-0.406197326543496,0.320085261425392,1.00163792382128,0.804101708704427,-0.698326296647534,-0.19268484218833,0.527552199687593,-0.421624026541779,0.40838458494334,-0.628590575397407,-0.0564799007023087,0.629280935916297,0.178196425289972,206.6
128976.0,0.831124231994877,-3.13115038673816,-1.57619341885293,-0.708586942406748,-0.6162125429923,1.93799242368195,-0.475834652904418,0.441791647109484,-0.0987881379933637,0.391523793386453,0.995971284898222,0.297911639770811,-0.250841393900813,-0.0548059628358654,-0.145194729647863,0.447563879957387,0.856856211086949,-2.43357655972346,0.0604166337480844,1.13007266537736,0.256423275030977,-0.558959442590755,-0.0583331773936175,-0.831833826912933,-0.896553186497773,-0.561228101310633,-0.0660995514029284,0.0436984918921115,626.47
161186.0,1.99201886974661,-0.21373115268592,-0.448543617490611,0.302923098595228,-0.245563951216695,-0.143677314994905,-0.426962168284201,-0.0409365318641329,1.0614541110804,-0.220357529288286,-0.652743649436597,1.21253435645453,1.5390478826204,-0.332161980543549,0.59816603722297,0.132485977096947,-0.636958380407348,-0.378603341795262,-0.0973041976124215,-0.105593249707287,-0.171249585736391,-0.30722236366192,0.380956676053618,0.595443502459526,-0.360699573340782,-0.650248364667628,0.0420605692627463,-0.0221222939509776,9.0
155423.0,-0.888403007611376,0.908943586151867,1.66437044165596,-1.17211534430343,0.550329181014918,-0.57047319943446,0.605571428115886,0.0772139713043273,0.0372223614067907,-1.90676879576785,-0.125475438230384,0.379987032504871,0.647192930099875,-1.58657763983941,0.188490884599003,0.596076968003439,0.35493453926935,0.0864486314897827,-0.891694949036939,-0.0076808436574926,-0.223251335989611,-0.663901357124951,-0.202459340972257,0.975167796769999,0.358947458556608,-0.300253745785646,0.0348942017557373,0.100311883688963,0.77
43940.0,1.06608577198403,-1.14976174892562,0.412271510346114,-0.56055449058487,-1.32992649318214,-0.495390540888479,-0.660561181019173,0.0272756288041197,-0.433212231671954,0.555308758365675,-0.313004921968824,-1.42733080436229,-1.53622427666306,0.181747941953321,1.33746442102265,1.0745420218198,0.56678382612525,-1.52598339536993,0.0799519816456215,0.235054667033734,0.204564496865915,0.112787680582763,-0.0641053005861988,0.0395258699011652,0.174765980444563,-0.2629792678052,-0.0074440971618203,0.0403434675995404,160.0
126913.0,1.913016591368,0.24238789554691,-0.414554737830594,3.90398478747662,0.243388054483999,0.691482434761267,-0.299053528571187,0.178473938680026,-0.0974225581472541,1.31477841365881,-2.07198189890256,-0.627082395471527,-1.05685920518341,-0.159786575963414,-1.78944465245038,0.507004807353473,-0.430535007836976,-0.253499277831271,-1.168952493854,-0.350080391198773,0.053035439945405,0.358896396120047,0.102039533297274,0.555692386013345,0.117116223282947,0.114354608756789,-0.0144506034876422,-0.044077962363418,1.51
136086.0,1.57325509040598,-0.994575359160096,-0.708709388365609,0.324427929689738,-0.634542488417499,-0.167187102966087,-0.280003400487887,-0.0409876416583634,1.01413416799418,-0.150875644154628,0.66934486901251,1.39607079152039,0.896650527055616,0.089314700050458,0.340993242375908,0.461235014581555,-1.09669785961156,0.946141522032014,0.0328515189228644,0.265870585045305,0.388892328588254,0.84533463293775,-0.131068436199003,-0.374016671123769,-0.0945223264221904,-0.582183937194937,0.0200278547980983,-0.0084150914203558,216.0
114402.0,2.02901165855571,0.253793252272669,-1.73505886400474,0.542762068512883,0.269794131077973,-1.43529438600641,0.333674894350033,-0.419590538979529,0.462171170258953,-0.550763218268611,-0.130201574788697,0.49359247258775,0.795319772548368,-0.985114203620689,0.868415256511555,0.140608681595966,0.487160534169469,0.359086003165387,-0.528515540728338,-0.137815531153453,0.211094558450279,0.810586464172249,-0.0337851018775608,-0.0632137426431932,0.261924881083496,-0.102046608073681,0.005459685440452,-0.0259360565305629,13.39
85115.0,-2.36519897242984,1.14231736803711,0.236971572732674,0.482094907403706,-1.31125938319368,-0.358795168491003,-0.359511183153357,1.30215941050391,-0.119407955870411,-0.797652973726719,-0.832618598979558,0.909271874430608,0.11676770670431,0.577669535813853,-0.478365436233283,-0.489886953200277,0.963946231778128,-0.860889476495618,-0.206906064537226,-0.203518989836887,0.120300578999607,0.35329654529805,-0.140717248977953,0.479498161166359,-0.183577249369986,0.364726576829305,0.0847786403842161,-0.0739278344221156,93.59
136148.0,-0.0777486232207598,1.01813813372712,-1.87569325707109,-0.454828773675771,0.89734055655386,-0.959369235169567,1.30106684289025,0.160467220999766,-0.852938890016183,-1.00425449226685,0.755114682356489,0.29429792639851,-0.745124646975691,-0.111396506451082,-1.40091553543181,0.131815227931704,0.594789790665985,0.522382579004848,-0.0460957600487089,-0.130845699326317,0.291564458246296,0.643134054576002,0.102316620024299,0.715820337272029,-0.384005436328767,0.487661035885452,-0.121722881489689,0.0354304053019973,85.25
128899.0,-0.701062205608511,1.46049009486413,-1.08679662293562,1.07162937970274,1.24418398775222,-0.488954662220145,0.927028888562778,0.404113626171155,-1.07808687084878,-0.669441788583329,0.826417268829766,0.157327465295367,-0.875968151204344,-0.394054643398214,-0.792879430775764,-0.364369188876429,1.29121301080089,0.932865835073029,0.811897664984554,0.109484736226787,0.148651967039807,0.426613488284189,-0.177327813776325,0.576220207427472,0.0245714863181823,-0.426463594584394,0.317182448717212,0.175746067694678,31.94
29034.0,-0.745125021343759,0.542415090537955,1.57022087004815,0.0937588058291352,0.335442200837172,-1.18603661395904,0.400417350029883,-0.0228468877490175,-0.346220310953409,-0.272647406699402,-0.423279582469047,-0.06453233249846,-0.0424600671836673,0.180864588949884,0.875988014422423,0.194119712088011,-0.381437075346818,-0.324021160829476,0.0184002784682306,0.225814027390278,-0.187696787225659,-0.6311878891251,0.0821184500942861,0.355755078037283,-0.173739418165846,0.0717586844259398,0.245939550138787,0.130475540698273,8.92
165043.0,2.14093190610366,0.169914982981917,-2.09905332009283,0.273406608267682,0.783927887471287,-1.08663489518334,0.725675562094541,-0.517459073543908,-0.0010055839863427,0.134069808922924,-0.777916051977328,0.735102657186078,0.959081321091563,0.354266773656922,-0.40412864419559,-0.64020234224138,-0.214710866145954,-0.83676249088535,0.176050987607007,-0.14646713228542,0.0966602726719107,0.507091269141786,-0.0212390656580113,0.774663689724128,0.448598449167746,0.681085163020669,-0.110987356254276,-0.0771074164324773,0.76
126707.0,-0.597047811058694,0.0985944347453981,1.41262088956654,-0.680997399325063,0.448819275030136,1.08583084989499,-0.0046988154818629,0.575185136554462,0.78186822058725,-1.09261377252122,-0.893775996092331,-0.519034677828008,-1.58316069156834,0.117012113525544,1.06484131084881,-0.803595543879598,0.369869822144205,-0.839838340045663,-1.4010719335707,-0.252703546420221,0.362304117229425,1.18539531839544,-0.0997307364758601,-1.13779079064039,-0.462013723963852,-0.13905937988938,0.219548318874575,0.157108230003981,28.75
138358.0,-0.839688191937525,-0.568425630242799,-1.1386818263998,-3.32938756186312,2.98676455802097,2.87446446082504,0.263644300854711,0.806605259771898,-1.5999533308525,0.0319391391022734,-0.0263239782601605,-0.924068054229311,-0.21975819452544,0.239921701929389,-0.0398755423798737,0.954970068728562,-0.158024386389298,-1.75005498996752,-0.1426280666633,0.520702774903788,0.162786507432289,-0.0034930084510517,0.147528986498043,0.677029689928752,0.165265288884476,-0.384176078913805,0.279737786675501,0.196502298582211,100.0
157983.0,-0.130366442031847,0.712577670059276,-0.297719730900554,-1.0054853332461,1.22166908103954,-0.0659941373862591,0.849569199725631,-0.0177541513489372,-0.161807880520032,-0.12806524967738,-0.409825401339099,0.477956091357462,0.366440037390018,0.14942209065554,-1.00892632704129,0.48565073238296,-1.17801356454006,0.166181143543691,0.735403726729126,-0.0084641466526045,-0.289105858444239,-0.68323603186344,0.013317154422042,-1.39079583478784,-0.311320000147051,0.197458816019289,0.124741613879059,0.0568751015590167,0.99
34974.0,0.96355926869933,-0.140497582696924,0.245778797562282,1.36238496492089,-0.528540070790002,-0.841517246981017,0.271008233573779,-0.197613327174983,0.0708307701544844,0.0201838576367489,-0.530074660800592,-0.17970115302599,-0.601316310768592,0.491829710095819,1.02766176028612,0.199106448506216,-0.430482900222521,0.0406315884133859,-0.515096375014769,0.100363984553456,0.147274983809912,0.124678898437552,-0.224034539363906,0.39091956680337,0.599971642311026,-0.293737887038635,-0.0125291262109979,0.0450224117500855,144.0
24286.0,-0.41868370209366,0.68696559981515,1.48561046918258,-0.10878824899703,0.519357411629096,-0.128917304331873,0.522543200856761,-0.050664994766367,1.12828534147401,-0.245273452898865,1.27031686369833,-3.24222230710016,-0.20218369337612,1.90347414785725,-0.283320160947794,0.613402975475188,-0.20509465061851,0.903184266201588,0.425986084625217,0.107486801212712,-0.435138126401196,-0.960165016547015,-0.0805090093022372,-0.631769128728973,-0.216286652600383,0.0439806611769696,0.0476691588938063,-0.127389603277933,17.99
79673.0,1.15902768405654,-0.167181833077688,-0.277274118337699,-0.371167076357189,-0.192870874499107,-0.912702964648468,0.348031085933522,-0.208993803867808,-0.296229061779369,-0.033620294508132,1.25590546639083,0.741279137765713,-0.156792970199586,0.671365621566369,0.167853822614684,0.360336143716913,-0.48105560382977,-0.450360099908107,0.788143372448439,0.109765033060558,-0.322887993031707,-1.18962065330036,0.0491049404210153,0.058527423262755,0.106332870343882,1.0798585699029,-0.156350740041825,-0.006621753110297,83.7
128148.0,-0.112705256858382,1.06538872980484,-0.492416519330681,-0.395068908230137,1.12440964428842,-0.979774903576153,1.19052927578182,-0.226511002317088,-0.322303645743781,-0.849366697064438,-1.12894082823409,-0.496103335678623,-0.0467737523142498,-1.01198126792392,0.037586166899464,0.144705352921604,0.588772598405727,0.100838794545309,0.557985222554505,0.165750020912938,-0.263791384426145,-0.597198228371587,-0.203345342447306,-0.729764468542448,0.124107663048025,0.610032840604813,0.207245790267621,0.0903650445355095,18.65
88873.0,-0.0632311996092771,0.247648701666256,-0.183123033471087,0.846849703798425,1.58381509305974,-1.30638308508154,1.17144737569698,-0.470801392286185,-0.191248020681245,0.0405705946423517,-1.27299351380105,-0.4980326709987,-1.08077382217483,0.428657236786258,-0.595164449016597,-0.948758790170496,-0.157951866854171,-0.347124189955017,0.0821351308309836,-0.0161435148192069,0.151393190808332,0.581594929747103,-0.078364496055889,-0.102114431124139,-0.19510900169962,-0.566025699106098,-0.0603923849792438,-0.115135152337698,17.99
157005.0,-1.96221599531603,0.0752249816302628,-1.55919754470043,0.315755257633859,4.42922994513988,3.01606674116411,0.539072399230619,0.707400714620289,-0.896082361905902,-0.509558085609521,0.220120309525494,-0.471262995768054,-0.489118377397857,-0.950370549142541,0.541658468899903,-0.756817602757714,1.25692233251603,0.23408135639453,0.679222123490529,0.115002997164729,-0.0847538806692737,-0.102447714197128,-0.694774193137228,0.623563937227014,1.10866434917221,-0.251013862593875,-0.623215119856321,-0.377933954536465,22.44
123965.0,1.8693786592731,-1.24851897921479,-1.36837950743678,-0.831167933406291,-0.819067935504683,-1.0814107165513,-0.249759126943636,-0.315474130819465,-0.771358495421965,0.97362091494717,1.14801467871316,0.0841384691203842,0.0993231480505539,0.244785555463703,-0.32350337304523,1.10903401692327,-0.0787826127457814,-0.759607966548878,0.604205360884814,0.291848036479785,0.599646684460752,1.36155880321869,-0.151910381613554,0.14698341672014,0.0881730527864011,0.0335341781919774,-0.0691620162353354,-0.0464441905526757,170.69
49671.0,1.21979916700636,0.586880841971652,-0.360079120298179,1.12192321606763,0.217976068296037,-0.692569187178641,0.166128147696457,-0.0587404646860032,-0.271957420593144,-0.387342949694471,1.39394738339749,0.361385077844711,-0.36694213373865,-0.814172432445639,0.416340482412996,0.810690269776143,0.320802701707054,1.10627188560137,-0.167678987915,-0.103664776269983,-0.0254009073687641,-0.0519362020699931,-0.168515851282746,-0.113809098390897,0.694633453779928,-0.32363985775359,0.0256269501629717,0.0370850487727963,1.0
143033.0,1.96033552115961,-0.612613181733771,-1.73963670688471,-0.67622610153768,1.81307337003545,3.78018456056821,-1.09605612098548,1.02615063317086,1.12023255134515,-0.149422531207717,-0.0409888991190678,0.554008667173326,-0.0451177786674442,0.158360632097966,1.06937933970822,0.119572506152957,-0.629675844602015,-0.318379335228145,-0.202071806744041,-0.136912141507632,-0.178796909046776,-0.492090523826236,0.407094383033897,0.657514878860226,-0.392647952891525,-0.602042608497427,0.0535001302711538,-0.0362488457205521,12.58
84508.0,-2.04328801126606,-0.901085068010656,1.1286295063412,0.57019101305878,1.12638905134523,-1.74872077316772,0.255060275026028,-0.0708870991056913,-0.155901566290624,-0.30235028409365,-0.225539311402756,-0.190332301968504,-0.0259401863872641,-0.461614636758158,1.05313323810207,0.462817007670957,-0.0361958469827928,-0.0529634901354087,0.0779077447745121,-0.189414686429373,-0.383268167904927,-0.549942241983941,1.63004335638525,0.294988239325768,0.234090710321116,0.131318209956203,0.355837521217578,-0.0958076773764965,2.69
60524.0,1.36758391077926,-1.06718810043886,0.153691403362677,-1.42789139691353,-1.24734667253261,-0.596530610119377,-0.751422269811813,-0.0281475767442007,-2.25734380847902,1.57885753568509,1.56349789742886,-0.49393914902129,-0.720142267596737,0.355018822881141,0.0107580048711797,-0.675943933472746,0.782258340401822,-0.465589503880508,-0.115918039526486,-0.357472024763078,-0.462213289184521,-1.13667161738548,0.232414359504316,0.123740805173789,0.0589577700737407,-0.528892317104657,0.0091517071328321,0.0118378509774261,49.8
99556.0,-1.42003212760389,-2.99724614219946,-0.384401296330011,-0.911841983124913,-1.78327610066493,1.87903170803418,2.19869476514077,0.0431315292996138,0.487920897891259,-1.17518011400007,0.581457223182928,-2.77233837283263,2.15403839633193,0.914503488400438,-0.833185066324448,0.128047763733734,1.77836707740033,-2.5847226246861,-0.85338514878215,1.82020061150338,0.365390978832979,-0.173246352116339,2.45359739405269,-1.23099334681319,-0.911060223583915,-0.668604557243596,-0.176128992034398,0.117151045164198,854.12
162092.0,-1.26636000668252,1.49841923837719,-0.415827175110776,1.02655842586286,1.24307104753132,-0.27870676388775,1.07397813787488,0.316158179249093,-1.44682546383311,-0.990637729231113,0.969198305245851,0.191799307399495,-0.619502528381541,-0.479452329515081,-0.604369722217192,-0.367661115661836,1.3621170791806,0.877622475258738,0.987968748954106,-0.073001186835813,0.0695238254480195,0.0952714812799459,-0.64504573536834,0.605761219607059,1.0738246827959,-0.248693542100056,-0.129288379961038,-0.0862399682272456,50.55
119189.0,1.94980963073578,-0.273454213316628,-1.80762201282538,0.461749209561766,0.395019809753829,-0.782308582827288,0.490524040479623,-0.359720844775426,0.427729299913772,0.0907154181489694,-1.45030585203965,0.0755218531178222,-0.0045440957083629,0.413381131157237,-0.0094435622553435,-0.158110684362608,-0.436889958382712,-0.60099330586133,0.270807976794312,-0.0516721835800525,-0.119239998897136,-0.371150501817655,0.0192464683796998,-0.750334835545139,0.0615274057025175,0.264563999969606,-0.0890665056685858,-0.0602477497421044,90.59
78312.0,1.28766086414314,-0.40339598087427,0.999036920206937,0.790722035760394,-1.13174100736177,-0.142425262346641,-0.649454990152208,-0.0524725691277718,-0.291198831341321,0.509450167231736,-1.08872298309298,0.932362065776854,1.26818610965428,-0.804301571795811,-1.19812356877159,-2.1298049225201,0.364760396330232,0.766577554246313,-0.610710390738866,-0.507506791616634,-0.463502473743441,-0.452745599326543,-0.0302821208456129,0.411143225742481,0.624670270608645,-0.305456238049707,0.0927018854960786,0.0323731535165487,3.5
63520.0,-0.916814599514247,1.36511750281247,1.55775888826027,-0.257014764203154,0.068969434494932,-0.88491289587536,1.07943363417748,-0.470525127598971,0.487143681652349,1.03892433111808,-0.169945953163981,-0.257446592556347,-0.120339828835342,-0.467023181919764,0.967197685217874,-0.0217670376612086,-0.623898265048403,-0.442239113931417,-0.0660392855153893,0.611239477665956,-0.42571622370098,-0.617809034857764,-0.0664823993026307,0.347209973204581,-0.0944335476586655,0.0288326387528862,0.252831760384811,-0.129796009088934,8.94
164540.0,1.99827116788377,0.484699906489911,-2.32584596626965,0.692101103896705,0.470598547737611,-1.55990084620289,0.22227703380826,-0.226047944524823,0.360576160455306,-1.00749259452967,1.84534859308842,0.072099107565858,-0.905008187015849,-2.17627276714121,0.448896040326338,0.977145386116974,1.59762410723578,1.83135322871672,-0.438734919922309,-0.195929114034928,0.146293552403736,0.550655313509526,-0.039065749403786,-0.158412107860259,0.18895720049106,-0.123252417456406,0.0113077315743395,-0.0030711731276193,1.0
152457.0,2.07206683094848,-2.49104950897551,-0.627115919096283,-2.08861890155434,-0.186131440546293,4.94315956158182,-3.08731584074104,1.39927629469879,0.427408884725255,1.17371179775203,-1.15672395839232,-0.235977239922409,0.258329593788463,-1.69079851509072,-1.53949166875594,-0.88348965427531,0.896718410045355,0.102076201885374,-0.0080268994873278,-0.308876822229794,-0.0526917055366877,0.61132578900197,0.210654465801335,0.740671493556825,-0.327622083927612,0.0403482338204962,0.13323651892121,-0.0280924311871538,48.3
115327.0,-0.367087774940774,1.46285316186169,-1.23675262054318,-0.0351278904640261,0.223564467060714,-1.24562271241791,0.449464344685375,-0.823308283051269,-0.0814214415185121,-0.905376491291118,-0.460004311182191,0.411533681319053,0.84725212890741,-0.844481664998632,0.575356877810501,0.196907084708225,0.664981120723079,0.649428538407962,-0.275599284685098,-0.445620930002115,1.10506884014689,0.751480349310275,0.0893314077254361,-0.023191639746092,-0.225256272538058,-0.169894578287778,-0.27365196487173,-0.0321265734462782,30.0
128937.0,2.04098353278406,0.0582182787852397,-2.37937940618693,0.328550973765916,0.633130779616181,-1.53946691973512,0.913473899850034,-0.47524514677175,-0.0368652748958109,0.258104011259217,0.861433516469797,0.421466554602028,-1.39664027838578,1.32053127808917,-0.668850135046947,-0.876727587001733,-0.199016544201457,-0.0159498718480632,0.279464079010734,-0.304375429765665,0.355466862117628,1.12885012369935,-0.219531270316001,0.069958273995518,0.728296036786406,0.104266754663578,-0.0878477322818616,-0.0940407033835875,23.25
115324.0,1.92925336057153,-0.646156333628775,-0.350050829063525,0.34215546105726,-0.777868999873682,-0.120687745881326,-0.811078669797139,0.164498988958579,1.19295648115472,0.20119747432072,0.243528655896581,0.357389271418467,-0.986132871508528,0.140516535942708,-0.20744593875827,0.659430763663,-0.783816547748576,0.73110911620081,0.142938792515611,-0.203266414690605,0.191073212217948,0.645408302793667,0.109284530633748,-0.306793720636633,-0.313429917340591,0.570481359861883,-0.0341202739131786,-0.0591276754406726,28.75
36165.0,-0.927892853262576,0.262850765181252,1.82792715247937,-0.406539561283735,-1.29954495180817,-0.303664185502088,1.03393506639887,0.0062288529870158,0.23418207617518,-0.775878198300419,-0.929135753658484,-1.57697655594918,-2.60354818663987,0.363397970586308,1.10387186429089,0.95841028746426,-0.635536722402662,0.273001164704539,-0.810317740967986,-0.232395614676421,-0.086577275229562,-0.496998298790019,0.0150136369541892,0.322692287324383,0.149108355054579,0.243332470297031,-0.134626779148189,-0.066766235083012,214.35
137419.0,2.2420539599531,-1.40718767581245,-0.744302481619287,-1.34535038863901,-1.65259143195456,-1.27888547687692,-1.04438045179208,-0.258233865361701,-1.10515207295702,1.59975298029927,-0.760144441125659,-1.18799289699589,-0.743961119752689,-0.142966441720925,-0.088884260748874,-0.76096014918186,0.794494550810802,-0.248221152629047,-0.356833571482362,-0.515361664704783,-0.141857400888629,0.0540384518261947,0.291479928027004,0.354900942444887,-0.27798622466715,-0.180860675386449,0.0038158334831769,-0.0482248587018523,25.0
154577.0,2.04212362666649,-0.143814572181251,-2.9548235685444,-0.579160163401164,2.61033465495515,3.14228526284737,-0.418196552306861,0.78464990665856,0.360018987176296,-0.350613995112351,0.329636699826347,0.183467343791494,-0.27309504875634,-0.59766079722955,0.583772268831193,0.178545260883025,0.473868927672586,-0.499052637060427,-0.139782488426186,-0.12273012995097,-0.352933672056771,-0.996414264643898,0.364357491485071,0.604775770399402,-0.264196082529557,0.21977623320694,-0.0390223941089289,-0.0429593319620124,0.99
71392.0,-1.35078369544866,-0.553595538964976,1.84692217129278,-1.65358231817424,-0.948094323873015,-0.190595284057071,-0.804076712209422,0.705539098282315,-1.05823828119179,-0.341166005335221,0.394132230600205,-0.120164719928154,-0.0482615067004127,-0.291835569509841,-1.01771103764369,1.82356062888959,-0.162741700430664,-0.237441274582101,0.193372058469206,0.238865520270647,0.5407008426967,1.0691335419395,-0.171326005142411,0.0266062068222366,0.219050141988856,-0.208808542818925,-0.0393427556174074,-0.0537348742181364,74.75
132433.0,-10.8678905922102,-13.9117987700535,-2.32717528832332,1.55800627939694,8.00992404896787,-4.41412862984163,-6.43530551879638,0.472669060903363,-1.41021887765617,2.23586210861642,0.990972326277951,0.56855907526998,0.719966845666082,0.811425374345383,1.03260562502271,-1.09976260236261,1.68910452662421,-1.30640570637119,0.695671803897079,-2.47561344521361,-0.778638035748204,-1.03816956515452,-5.66826963993032,-0.0812745736655658,-2.03507747306986,-0.130960532052002,2.605371668198,-3.16528758473006,59.95
163812.0,-0.821879089599852,0.690047428602292,-0.37577850220467,-0.199337813404005,1.32537418305545,-0.355384143633155,2.03943090958677,-0.772340265424168,0.34427883225945,-0.799196818796978,1.31724922093334,-1.26949018631879,-2.53256374627838,-3.00043794885558,-0.92053793818331,0.511221543015113,1.57230150568171,1.38005213506442,0.0472214302215743,-0.192469398013261,-0.319836526158927,-0.234007997477969,-0.209271122279868,0.518438326614598,-0.117333022666979,0.148442187472864,-0.708108413695264,-0.436887478402711,129.21
140434.0,-0.313378932205276,0.0563539618479217,-0.0736117606114828,1.09519120292842,1.69349182687426,-0.832356076305205,0.626168525810173,-0.248663098420821,-0.240518635093527,0.529767379372249,0.132968397511165,-0.668862045693187,-2.45735276825788,0.829936127869839,-0.585161407127422,-0.805634561998849,-0.153529246309902,0.404675918948051,1.15454980890996,-0.252298163739168,0.0147065743260318,0.262433641754573,-0.468985607903778,-0.4246212317813,0.467846381108473,-0.329566886079005,-0.268602157848362,-0.3360551394518,1.0
52409.0,-0.707445311069097,1.03958732807138,1.38982348949856,3.71236843783016,1.36612772743025,-0.196501824367692,0.604422391799906,0.0970344269472656,-2.15742568074097,1.12091131866694,-0.732477042404445,-1.12501627103815,-1.06708910950346,0.737456500222583,0.532249354105381,-0.0526346997693436,0.0887655758718059,-0.540918977915478,-0.638870655754174,0.0389092074753819,0.157808479217486,0.224533147874255,-0.0592962147852145,0.0436389899686693,-0.20315263379625,0.167052429631722,0.0964625679539607,0.14612471337525,1.0
121485.0,1.96645586129875,-1.28257361224049,-0.905534841045722,-1.50730055456515,-0.908682235053538,-0.243227592065786,-0.77512072344892,-0.0472243173153505,-0.017475104341049,0.50183928672591,0.946802438349776,1.33424223260624,1.14921753398035,-0.10303473882099,-0.169974482451322,-1.45764378708309,-0.30366475006237,1.38026691853716,-0.239990234729165,-0.325028037721741,-0.251099868148962,-0.270231315554173,0.256768370367571,0.746082950217463,-0.450167921829093,0.533247711297346,-0.0423432963631273,-0.0392561691727422,92.0
29116.0,-0.658074333874215,0.327222115376595,2.33226550780056,-0.531228569313676,-0.272789135564194,0.0534784987472505,-0.0835791909123142,0.256191981123023,0.292185401908243,-0.816684594580929,-1.45092144479536,-0.676515890705736,-0.201409908414462,-0.340504655757921,1.14610322121988,1.28665930765179,-1.18407779461959,0.84328283657272,-0.822561093669724,0.0032382500025693,0.216475026655865,0.483244390459461,-0.324394853736799,-0.439386222496083,0.400470294783604,0.449116673729143,-0.0456410078493529,-0.0203982623962841,29.87
36015.0,1.2694399210219,0.817249861158706,-0.0655055678127864,2.35849093145933,0.531478736106418,-0.540911657512223,0.618247065764729,-0.305726368784917,-1.16479703280019,0.710997559955152,-0.815353818092134,0.222724598631719,1.00326877703963,0.299536586203909,0.137019301680445,0.428825061840161,-0.712187548165575,-0.456833240013442,-0.705123351363926,-0.0936179083905946,-0.0381940247708774,-0.0747421410031142,-0.175704792206618,-0.089939715506338,0.829410094474418,0.0967492712023986,-0.0336616223396961,0.0066210732463651,0.75
38119.0,-2.88124253233826,1.9185908301714,-5.27537583784449,0.684384240003329,2.75064280753039,1.97129399663319,-0.787755034142751,1.50213699942598,0.256978196004374,0.0625940685129266,0.699654481380116,-0.355081179180348,0.0410742540545158,-3.06012626243646,1.41898188165152,1.52946942497845,2.65726541109516,1.90503194288759,0.12473515620163,-1.15812717391277,-0.379726635329691,-0.375308653308617,1.056153912569,0.671437540065943,0.0325863034895525,-0.417606085357877,-0.843034499519112,-0.118586368482383,1.59
34537.0,-1.53155786498745,0.945907749178236,1.47390753528198,0.115200824790506,-0.0336347071230001,-1.30296698478331,1.27720962653988,-0.367117217575549,-0.555664166121632,0.0089113512587964,0.1787363348891,0.204189474152974,0.336152326889605,0.0324410470679696,0.652085812696431,-0.331898953697304,-0.13359587902687,-0.566398810519855,-0.0436869321878727,-0.0431864899270649,-0.117981237653396,0.150626726520381,-0.0126597959527474,0.965535163789015,0.517815030482884,0.323439167869608,-0.354179948200156,-0.474506915990295,60.57
152541.0,1.82227760429183,-0.694124761364083,-0.211797146944549,0.465328009203286,-0.922580562156266,-0.311436650556232,-0.680259402014633,0.0619386852433155,0.999630524170991,0.153239395741415,0.788544399582979,1.07520691925103,0.0682420906882891,-0.0550825699082085,-0.355362865210655,0.48054264759772,-0.697266921849544,0.52538700956741,-0.0623105728109634,-0.0608777270698939,0.311346000807808,0.961645147282061,0.073781547556868,0.149059321199909,-0.29579829470193,0.595656392442658,-0.0341177310548977,-0.046459419609894,69.99
159103.0,-2.25917558233485,-2.81125330451494,0.368133912201613,0.548963715087529,-0.878149806820969,3.09654948943328,1.58310548491172,0.593796442410253,-0.599287368350698,-0.772573248692762,0.901274809763679,-0.434760052289669,-0.603276900231131,0.521943558477552,2.68358519129691,-0.816773701554817,0.814828264668137,0.303144134951691,1.98231761082528,2.2427949814275,0.783253131390424,0.713400949102789,1.72701590672283,-0.947367368790889,0.134671332632557,1.90407004723708,-0.248307822181902,0.122833134780129,801.17
92450.0,1.57440270961264,-0.896162885534239,-0.417848198809785,0.818141476423343,-0.884318270964744,-0.659800517471428,-0.309480727702323,-0.256592599035799,2.50122917292045,-0.572949706482102,0.164761172696436,-2.05591393483893,1.95674361512981,1.44743663238017,0.26737047808992,0.271795374393424,0.0634233890009594,0.585433794570467,-0.657528616021854,0.189758168271328,0.19835890699841,0.510021999720339,-0.039049082278354,0.0138163071611204,-0.24185599795216,-0.309009135576326,-0.0330675214246929,-0.0042528609640199,225.53
66647.0,1.21617911705291,0.288110318482211,0.522753831678056,1.11326704261522,-0.45595817478836,-0.90135979864043,0.0736154843916308,-0.135867298075814,0.143742941286656,-0.0041042000175859,-0.429982152640354,-0.077956292778454,-0.612468140352973,0.470935860880148,1.11285982987835,0.26236588854533,-0.444314796537192,-0.254264797307219,-0.286077883098693,-0.169276039464551,-0.234021237412927,-0.727797991236844,0.105528137783143,0.33019101264139,0.344340072816129,-0.629441932144201,0.0189705216055405,0.0295346980277514,9.99
125876.0,-0.206550819183171,1.15596557314475,-1.73001411305616,0.0997547748201671,0.546147769085662,-1.76499197727358,0.941321197078772,-3.42993574228436,-0.846973508738915,-0.790070187289544,-0.276611831229684,0.827566930063208,-0.0247805020705613,1.23039056622251,-0.748041552152763,-1.33102833440162,0.281757133808848,-0.615170034546053,-0.217242067193498,0.360474332101011,-0.663081104744938,2.40825575174445,0.0433183576047682,1.03092076605336,-1.34792093819037,-0.237217292104636,0.378721288418412,0.346351229185626,120.06
62017.0,1.2693251818914,-0.283697579186862,-0.998247228443031,-0.280845676306969,1.87758497235625,3.65952478586149,-0.708358146067837,0.899240844472386,0.495763056166096,-0.153638127995019,-0.57139009927858,0.260518974603777,-0.182163139963573,-0.0345558954270991,-0.203990668674024,-0.0354258507605981,-0.405676816262953,-0.10897062767302,0.558155056475559,0.0077412064331811,-0.139103366987487,-0.319864498298925,-0.128391726166656,1.06335240209147,0.740932522025482,0.453099057565383,-0.0151086167573502,0.0049684135345653,12.5
69129.0,-0.175074076802944,0.813067911353412,1.18940557742602,1.14022653330524,0.818760525728845,1.09107131037367,0.219891327022531,0.227133775980431,-0.550789449614233,-0.0057554122449135,-0.454728913552285,0.642213451931899,0.968456048697276,-0.0938249460507346,-0.111175835736916,-0.353739538204527,-0.372562688639151,0.800757077253549,2.78173445636691,0.248260794884587,-0.205255204233192,-0.374971234032701,-0.294750456234917,-1.37112290134028,-0.111289034083004,-0.270053870513674,0.195311092542413,0.128816283045431,1.0
13493.0,1.15193158422502,0.346903022337488,0.74752743249533,1.35285340766663,-0.344689341373968,-0.549754324814486,-0.0993581366136416,-0.116643932287841,1.39513458586313,-0.414244448409875,1.02631777489144,-2.30745863784381,1.19303186357714,1.88404706545813,0.579625314457741,-0.194633878348425,0.66734085925577,-0.399012157876331,-1.05578877622766,-0.23508528738848,-0.174801717152379,-0.238097029600055,0.0789184083876745,0.317761415054389,0.352103885207603,-0.493088234960675,0.0104334853885534,0.0208507091504896,11.95
78436.0,1.41699903565528,-1.25533929868335,0.478404827149737,-1.54304922587117,-1.44754457627205,0.0238734453195548,-1.34503437784125,0.200198294165963,-1.74621675745878,1.58845853986374,0.904827815728086,-1.01147705647465,-1.03612311857119,0.123633091409458,0.463418220247156,-0.167763017638386,0.433994698352099,0.36088339646227,-0.226752538461864,-0.406023450943712,-0.205801961150222,-0.317001414414835,0.080209823831772,-0.386041861157349,0.136140989829342,-0.244959299375039,0.0413671280266247,0.0087748080126147,26.0
156199.0,0.118127077311599,0.9284119058215,-0.517110141497778,-0.716288890318738,1.04506118565097,-0.362495532799853,0.83608695445854,0.0867145908524302,-0.199584284630722,-0.650109758325245,0.654419868538,0.162245335421037,-0.619729771530659,-0.719541372313727,-0.853976437928907,0.638765601501772,0.0463092517115124,0.445311727856591,0.170497147103465,0.0074934227338932,-0.313661568588728,-0.823001786618473,0.0619600751219316,0.23074504569831,-0.432209029891543,0.114140085363051,0.213302682518178,0.0702703765386151,5.99
56395.0,1.13995844157225,0.325787882245916,0.941826326980407,1.1828502070759,-0.519051244186843,-0.577383054319377,-0.0659904625676793,-0.0791139523796374,-0.0167102376167711,-0.103634973299912,0.521211854751993,1.113993008858,1.11505364099246,0.0541126182959138,1.22174181488616,-0.179341224817066,-0.129652414489497,-0.853615123622686,-0.981974973539858,-0.113465764862716,-0.0027049330992354,0.107172455661029,0.113806382525629,0.609230906266527,0.314583019942457,-0.501189102098779,0.0606240072031471,0.0355514286035696,2.45
54793.0,-0.976780954518655,0.677697013675669,1.31229489586418,1.15957776078514,0.152091138829542,2.12849360933501,-0.443065198190733,1.12662579751475,0.349730338534102,-0.511521699698963,-1.24568548576942,0.617485763114191,-0.470293904240009,-0.289678178486228,-1.90147085937592,-0.796931117933614,0.479535073794446,0.109746497195365,2.22951318602949,0.148048042828977,-0.375155296203877,-0.74470659922048,-0.181234074274521,-1.71454425983947,0.168713973041163,-0.27859072748588,0.302990331517595,0.0787429990370854,38.07
47670.0,1.09736718818061,-0.0400060886305047,0.464014352704765,1.51222470007374,-0.556896656283395,-0.419661214637497,-0.0700129041130923,0.104324198964177,0.655149914917674,-0.0599529909971736,-0.68322755579942,-0.72897512888278,-2.75448700001346,0.601806499054476,0.16700833126528,-0.694630350662105,0.529504258680309,-0.764582440661484,-0.48012428898969,-0.320575029363695,-0.0965984935605579,-0.218560905771918,-0.0102839379523132,0.351753027868571,0.524703154373583,-0.32674086747916,0.0193362671467839,0.0176619980758725,30.44
106608.0,1.99839957338451,-0.218041087441346,-0.281263841037156,0.585680540726207,-0.317154858930787,-0.0496385065102287,-0.669144389151775,-0.118857609291709,2.55851216847657,-0.577532104276323,0.045648413896439,-1.4124426480223,3.12256339986685,0.94389652419675,-0.356185956385946,0.0322174959316339,0.0907090978446543,0.43949738287466,-0.418008985139472,-0.145519378589587,0.100338503343052,0.832481771044872,0.0993775230202047,0.671409666649154,0.0094687288873813,-0.226103834157993,0.0184970934029371,-0.0350837189976607,9.95
30646.0,0.890572634962361,-0.894302828662112,1.27958607628741,1.66734061177084,-1.03842865576149,1.44245249024641,-1.08563509204504,0.577832369117305,2.00050157893433,-0.433916105968286,-2.27752904592082,-0.292701980690022,-1.72846687487981,-0.754717884396677,-1.08856368996147,-0.476126184623632,0.388003166484259,-0.169411409943904,0.109402943444061,-0.0554732361964722,-0.0478707532160607,0.0788922498414237,-0.248010997986246,-0.764719956515877,0.498991706989571,-0.149010611290412,0.0925947020636187,0.0425014577242694,119.79
141984.0,-0.18025662930834,-3.66488601862647,-1.56253665647358,2.06261808519069,-1.45159648948947,0.288421543181778,0.959036167973337,-0.142525394734747,0.610275172951,-0.151633513879255,0.396022812113587,0.621713771974008,-0.569810451690551,0.61009252960931,-0.0387507068804119,0.808683205504657,-0.934314424467216,0.701071722798791,-0.35394129970881,1.9381372432243,0.468096580029009,-1.09063724886982,-0.617654546934079,-0.382122329899273,-0.800984299900455,-1.09446269344122,-0.162632357241114,0.150310735643438,1100.0
144761.0,1.92291746049203,-0.326095943131055,-1.64907598396407,-0.0745148232873627,0.147392436509573,-0.950335509922811,0.339998045997647,-0.233196968966052,0.356739309608656,0.102713673677657,0.767807179979742,0.551846314139011,-0.806038917573935,0.956360790852935,0.145829464823148,0.0540198914646577,-0.671285163088799,0.0109901906706029,0.441642717841199,-0.121615236496411,-0.0791662175295526,-0.371517157057875,0.141779002716497,-0.420500685905553,-0.130366197703107,-0.155335331969358,-0.0745600573450219,-0.063273970153404,75.0
128586.0,2.28692005642558,-1.60283060410569,-2.3573959768048,-2.60030484627326,1.17095423731921,3.43121534360868,-1.62899772957104,0.799675221567322,-1.40327431260815,1.59599642300793,-0.219502819183006,-0.722636652565686,0.314548344604858,-0.206189636366299,0.187100621140715,-0.708705342206604,0.435547720038023,-0.288056521891624,-0.258213253439147,-0.364042488387037,-0.169995546763589,-0.0732903991960839,0.26813670998488,0.686894696487386,-0.128254642674962,-0.140301738205667,0.0286618248841644,-0.0577311958083058,15.0
62107.0,1.3756211963552,-1.0209176819216,0.675851842634825,-1.45224400170729,-1.40822149051124,-0.296345063386058,-1.0449339307344,0.0030903157752263,-2.24645855974343,1.50656951634692,1.85005307604236,0.492450336606312,1.25313722364551,-0.246115385508267,0.100913602857272,-0.464534965820872,0.524338794083943,-0.365261031530326,-0.311846370147936,-0.262196617876989,-0.34088110993304,-0.641929669616797,0.229118094188132,0.180218296422686,0.0119732468495485,-0.485149245581308,0.0509866188123784,0.0216451571209571,31.0
131019.0,2.12532157924455,-1.7513627533466,-0.811853347383774,-1.38790095366931,-1.69635809763752,-0.86219431361155,-1.17916064565651,-0.148908436224122,-0.854573881982026,1.56402178412013,-1.30290048429703,-1.62480121243688,-1.15846983474771,-0.156259698724554,0.112235331372592,-0.455774277741556,0.598210635376108,0.0960179260881533,-0.247748803076167,-0.387261364367342,-0.127506563838803,-0.0846411975266466,0.202023850126329,-0.143822363066216,-0.342590320067962,-0.17354138829265,-0.0012185861308909,-0.0372958765130712,95.0
78294.0,1.13188827613819,-0.152572524910663,1.50949366411875,0.608605141952404,-1.16556139677423,-0.144777783559445,-0.838177812986582,0.151570132933297,0.639350214523045,-0.179162208326038,0.210508172409976,0.698205882073091,0.8406883368383,-0.310886556165014,1.74832049545009,0.427791197550453,-0.315980932601075,-0.238805511913966,-1.0663995222677,-0.0681511344190971,0.274771048941707,0.915878079477129,0.0323883161049855,0.471223186259827,0.0935299817335687,0.58517576114606,0.034992587709262,0.0320659239590497,6.81
158178.0,2.33889193182969,-1.34681778193832,-1.44854343896801,-1.59089473184539,-0.931276045980306,-0.8157415861107,-0.845724121860752,-0.325821361859739,-1.24323256237658,1.61343514580037,-1.71136534924512,-1.20940620803621,0.181672662085058,-0.293767728157395,-0.289016769472502,-0.602392934930534,0.362794366931254,0.162333198940052,0.108961451714557,-0.422070214966814,-0.0579135014480607,0.361492270701885,-0.0010520742268553,-0.64581119175093,0.148322458698784,0.0744083186021059,-0.0085899249648012,-0.0647978168305739,28.78
79464.0,1.19014453804258,-0.34077553147644,1.03183896001615,-0.800368914812854,-1.18598693282721,-0.59931667602072,-0.621533750438672,0.0592409114692143,1.43693279576042,-0.932772009847519,1.56712201284007,1.88626132520115,0.570586232093321,-0.0856367107876762,0.476511915783413,-0.339769440245643,-0.363455253887799,0.526891614166567,0.76388126860663,-0.0743664401387474,0.0611523667311475,0.42418718663604,-0.0317442874903577,0.57962774918186,0.46769340485616,-0.719108090852379,0.0948817074405833,0.0287528783306524,1.0
66985.0,-0.850467385628259,0.698415571112462,2.10798461818194,-0.0319055253592011,0.612607924017541,-0.0844608697972629,0.799015779766209,0.0750023470935829,-0.571693613124307,-0.335656875598947,1.15089029537914,-0.259591858536297,-1.75219664809554,0.508512841898995,0.17266275545948,0.242535877249393,-0.680405977085234,0.135504496224653,-0.942153774750682,-0.123588156967844,0.0208309920982677,0.0262398533317607,-0.299215948483368,-0.0550499544578453,0.366971641347365,-0.513402982847295,-0.129438786980517,-0.169473408222647,10.0
40733.0,-1.91036347296224,1.43213185282532,0.292206483965365,1.38462637560361,-0.023445093889086,-0.325296688560328,0.335458903155892,-0.0674255985317805,0.216647961702838,1.58048827704354,-0.017617644553311,0.307151882090616,0.692330441353425,-0.0203360335192029,1.9120840176772,-0.989031977597985,0.373240733894961,-0.405610907857547,0.977778506434293,-0.088002802435753,0.0011303748457786,0.703080714003734,0.293621889084599,0.112145284952841,-0.207415622020227,-0.205438318074505,-0.33729168378225,0.010823810601792,14.05
136470.0,-0.406906655986446,0.385534366777036,1.16527760864638,-0.407031589463539,0.392124207577826,0.136235994534168,0.966855005389449,-0.0548343812542046,-0.227415963006438,-0.291685235178374,0.580582477036277,-0.262149930683284,-1.43213012502485,0.309050842152411,-0.306116469742935,0.0495585535337476,-0.580297979300371,0.508387169949144,0.592195467339902,0.138279347315217,0.0515014902875133,0.138174633960568,-0.0667762434039068,0.748412813168502,-0.157964303107386,0.235847913154454,-0.121068799982942,-0.0978962025225707,75.0
76905.0,1.23377885615829,0.324661729473429,0.214576117633479,0.720651419899797,-0.337757096296868,-1.34252836032181,0.403974461914575,-0.381659871016748,-0.253512795988063,-0.0495614391849824,0.121753359079595,0.74672357901666,0.81110669750061,0.272601430606916,0.677829446223118,-0.132290573153157,-0.215619651166268,-0.692195328059139,-0.24528305759168,-0.0400564090474705,-0.0182037065997771,-0.0110125025215745,-0.041811427462371,0.770908378067901,0.548729478136333,0.343105968294158,-0.0486124000535468,0.0134797288032385,18.49
139919.0,-1.30849953438228,-0.143734385314971,-0.491972643229434,-0.721186514590514,1.91725243783178,-1.07535680541188,-0.0642656691410874,-2.0120827570475,0.387099271141502,0.275035550496002,-1.19931303721361,-0.331971968067724,-0.266396555676881,0.188943346517687,0.248968725394689,0.145142826585786,-0.749114607328539,-0.0258619429108299,-0.31022853308006,-0.791342911268126,1.60020828943875,0.459479965464107,-0.310238280737879,0.574567871398172,-0.901072961947196,0.587117790250013,0.661655671687625,-0.0357066993995751,59.95
149393.0,-0.525331399291093,0.371470469383392,-0.178606293623607,0.356023947190948,0.913159413364807,-1.28041710803874,1.06933033644233,-0.288487537335835,-0.41905437688869,-1.02913295952108,-0.378865461142463,-0.287182246266103,0.152603608143052,-0.82683392957499,1.15984553902477,-0.287147632424226,0.851124924912979,0.79839808342376,0.467138857717073,0.379787899188055,0.414702327146812,1.03252599675334,0.0179791597363926,-0.0807342275795631,-0.191273007025687,-0.005677718334579,0.159857073531313,0.232902961719484,110.23
121057.0,-1.11705628316438,0.692536815814272,-0.669224125407204,-3.15085064257704,0.815679174511426,-2.00742837022808,1.434295221533,-0.272025945150588,0.918711411810278,-1.50559792815173,-0.816698223168595,1.18058624035073,0.781285976358265,0.146714721091601,-0.966643115552502,-1.01869433763693,-0.347760278915836,-0.829728834063935,-0.386087187592456,-0.0350771523901463,0.0251714852055602,0.53756057502699,-0.421347349980339,0.0760213433189888,0.229097954737446,-0.402318497325026,0.254006451735099,-0.103580627721733,24.55
133749.0,2.05615487208899,-1.03431124304049,-0.273776089106602,-0.242266412594868,-1.36963588025702,-0.609696429261486,-0.992733364413133,-0.108870990392451,0.189436890837638,0.796851250456461,-1.19400132171749,0.0664042310258554,0.453660715161934,-0.394403623941793,0.167584360647352,-1.23124051037393,-0.189649804321987,1.31500957482032,-1.0066603281222,-0.538764195674916,-0.154353030583298,0.198285118592697,0.197076279552157,0.0772583731482752,-0.367889580014759,0.723649177229027,-0.0102544334893332,-0.0410383188002558,36.7
153817.0,2.29880234412439,-1.45437745708542,-0.785270058252558,-1.57767400081922,-1.34741829383186,-0.448795295314852,-1.34597311475948,-0.081154294636202,-0.937999210215514,1.56753767083886,-1.25824109452507,-1.19033341486595,-0.151661434223887,-0.437765644386005,0.0512134364873326,-0.350264681483072,0.41327430221516,0.161185238521395,-0.158699583209491,-0.449030359262096,-0.165867187029684,-0.0087507281344554,0.290406669563722,0.62343047472155,-0.270302996113222,-0.202654120962291,0.0176344350919238,-0.0402097668382911,14.0
158966.0,-1.63427901393807,0.387017484483199,0.61625135233603,-1.35509618191641,-1.01627676242944,-0.439945237835357,-0.231196171352869,-0.636021250364041,-0.812284792375466,0.340376880423968,-1.1111954849035,0.60102680184532,1.60304422530691,-0.350523257115846,-0.208540651456352,-1.01484136649252,-0.228337592681393,0.848658052756677,-0.971398932535591,-0.872689110453056,0.202592513797285,-1.2197283034409,0.241543341561577,0.0355609305873177,-0.955420193873976,0.145033230186904,0.0483782514029995,0.156680961069018,91.2
44610.0,1.25476056510697,0.722599453240384,-0.413836038887521,0.942683146387869,0.0222081391493851,-1.62659657533085,0.471275953223957,-0.383953692154948,-0.309065050288364,-0.736289533539826,0.620562896457075,0.384713787441667,0.64394016852081,-1.43466905154332,0.857688115280652,0.418494789962689,1.11039396244919,0.0625601731303323,-0.494558011478245,-0.0302501150096931,-0.123392904399512,-0.261034739027888,-0.0525195539267495,0.621409002899073,0.553912065989488,0.346031783108487,-0.0250951173336628,0.047880170735961,0.76
145644.0,-0.309892274700674,0.667103168507574,0.943714724436539,-1.03294841803799,0.684643682514131,-1.06165639406253,1.30042949527006,-0.34730912923797,0.0565360348486778,-0.67368225023515,-1.14832100679134,-0.852060173554517,-1.70265499942871,0.263398251423759,-0.451758641300603,0.0019388905376153,-0.528412377435989,-0.694665003258689,-0.554300936042258,-0.231105870591129,-0.273039129736419,-0.678734036528392,-0.103061253855309,-0.0602262240213885,-0.384750973838344,0.0606157284054456,-0.119082263218859,-0.0910149462565025,2.68
140170.0,2.09427836456902,-0.178986305569695,-1.91532723918009,0.339291103119302,0.351206642676614,-0.992458579890588,0.396996100437693,-0.316644977192123,0.65627947895375,0.14113725025344,-1.66386982965837,-0.668547658063535,-1.57345138659441,0.693600317772812,-0.181175613494857,-0.369505355970741,-0.153796949417715,-0.537584723932612,0.369556119949839,-0.293909911223219,-0.0795369498749415,-0.1119057603254,0.0116790464085643,-0.62434472135303,0.189532090393613,0.606527240437144,-0.107365147338756,-0.0844312935817424,19.99
80061.0,1.41748171485645,-0.610004418701459,0.4663178400272,-0.953858634405347,-0.854757640487633,-0.0669327868119899,-0.940358102618665,0.055981506802528,-0.791098051648495,0.786210686604958,0.71484090164349,-0.0636563081179049,0.601548833197316,-0.243324904760239,0.314874289799245,1.76788122687848,-0.443724673214184,-0.303165992170078,0.920778869988826,0.125449929664839,0.30520658170397,0.823561142531306,-0.201765404564071,-0.45332239570476,0.555539493961643,-0.0608522914793066,0.023178389318442,0.0027332438282566,5.0
129764.0,-3.89539647995446,-1.38949175543262,-0.188743254702177,-0.198858506588729,-0.308829566737688,-0.48659652668096,-0.0148867318190999,0.644733016347236,0.295677514649111,-0.670347827565947,-1.27661264373576,0.130686623453093,0.512824023164512,0.209492135382506,0.740462329170914,1.02459436531316,-0.554968473432827,0.315479307201589,-0.32403005195106,-0.78110162536815,0.0493167643106428,0.582409801066608,0.277045620842337,0.776661423484785,0.0890289608654509,0.629434382126485,-0.133909846415268,-0.202972638894644,71.5
43753.0,-0.0296940018860378,0.541622681530895,2.46210553386923,1.0934559273232,-1.06734516417865,0.119799230059453,-0.744534337404865,-0.659081746986599,0.171395802318833,-0.276426908405163,-0.415793642227186,0.0760291245588963,0.255370147184388,-0.0769371707219565,1.93643554484646,0.504171559459061,-0.437706448494778,0.704716139196451,-0.156667743755596,-0.0636173490939316,0.980141417338431,0.370864561094101,-0.365494647024442,0.401164581453943,1.2473178570305,-0.0031613961339191,0.159388280769423,0.17497172625016,17.68
80842.0,-1.49591873913597,0.216903146252068,2.01955365115088,-0.942951208173807,-0.690600598231595,0.123163927216732,-0.362782826516783,0.894880670671509,0.313977662366892,-1.13336421549746,0.892967850120844,1.22528818871619,-0.367593172922261,-0.137346188791423,-1.47788902620981,0.0529410845795963,0.135048143597594,-0.508913848481916,-0.385100299315256,0.0652823581126514,-0.0196880723866757,-0.0876354150635522,0.0489753291304671,0.275382298922467,-0.189191124677113,0.796901093062324,0.143792629111911,0.0292901576185527,46.9
54560.0,1.23065110563972,0.0722751213326184,0.630515759660873,0.627843792399932,-0.863897809751757,-1.23334070825942,-0.0899813232191924,-0.0948959296335626,0.371200657879639,-0.0292056635455267,-0.266849997928937,-0.659281577345011,-1.92260260384869,0.684527346664404,1.25375148450745,0.342852432865255,-0.165965641301917,-0.491925538543346,-0.147852978297978,-0.230693356302705,-0.354107954427101,-1.15682150659911,0.267817343600753,0.649459672015675,-0.012774861273674,0.0885232895089975,-0.0502973304612624,0.0189638237133093,5.28
32844.0,-0.278401815825125,0.881832852316332,1.57210163310751,1.43305622110537,0.0836983158743497,-0.0620640418051113,0.453086811206737,0.043901008051015,-0.709616525794622,-0.0485493453255732,-0.184033974515572,-0.130424761407949,0.0090928823117768,0.39365315353616,1.99714638611699,-0.833055664104606,0.416633235169919,-0.21588284271396,1.05368613727412,0.161922245019129,0.0922586159125539,0.305526484774684,-0.0096339706879499,0.07592109102849,-0.436003229539044,-0.253377299086514,0.194282871080057,0.15732310067735,24.95
78392.0,0.927738161655899,-0.821619783015054,0.312624316011947,-0.585392194891936,-1.12232789578974,-0.971067992708159,-0.0413275037253716,-0.181955340018052,1.5962566282093,-1.12670969408062,-0.45799149788587,0.643701600382954,-0.236495560043302,0.0963156333001476,1.09897899226192,-0.659987985133739,-0.0231222360654808,0.0811984804342967,0.596084481065736,0.218588561630402,0.10058958245322,0.13213129490117,-0.255684225846736,0.420052071548997,0.606465176668743,-0.644239148507284,0.03768738557217,0.0569810158747011,179.7
60760.0,0.975378682177097,-1.33253887396855,-0.0050219002591392,-1.49692364038287,-1.24952803331625,-0.812263459739508,-0.201974766699242,-0.274708727344608,0.139246806053424,-0.288755336376028,-0.726153579167693,0.461817829932404,0.966468206513559,0.0619248197128154,1.68680863403331,-1.66928253819531,-0.261559149715489,1.4492606189611,-0.10345980476217,0.0120918459892256,-0.425707729284385,-1.17781118654392,-0.129424142067241,-0.186261134528671,0.303477851223631,-0.888516784379322,0.0463915230753784,0.0739547478369482,240.0
122885.0,-3.52274851569215,-1.84338059581709,1.05103900462857,0.122566331786417,0.442477984708999,-0.440463949863791,0.165546702475036,0.46383549997673,0.0828817616775504,-0.734245392219566,0.389661211105641,0.0501759145286999,-0.919340320357409,0.503889058711427,0.7155720406053,0.716524557373528,-0.688742061108855,0.848894145501514,0.943867073601345,-1.11571773671169,-0.421859783174427,-0.154404999000921,1.87802231921311,-0.47380888475327,0.826069103454251,-0.305963742791361,0.19088280948307,-0.203459790242345,152.55
86444.0,1.99128255997607,0.232966560376527,-1.51855286048552,1.28630630519606,0.48759155544464,-0.864960442376476,0.565007404731622,-0.301136738473584,-0.128716458838053,0.416781029075435,0.875734500358854,1.2713857669184,0.0703977812170255,0.647782153923838,-1.27364999026231,-0.588723721268388,-0.371698356916975,-0.247171169561968,0.0329961487105828,-0.277408642561739,0.108684301968219,0.5408789853141,-0.0039739279652374,0.0350735775413559,0.433505980849151,-0.513001224704212,-0.0144362447103221,-0.0714163937663723,2.83
35264.0,-1.3721807354306,-0.529822236212797,2.20487746044314,0.634737629362537,-1.28095775984015,1.2644704328006,1.05176285150048,0.433366642499455,0.28282708854749,-1.08920328472485,0.597576661267172,0.684000558556199,-0.912828566112135,-0.399658028242237,-1.73704355592683,-0.187344843658654,-0.111027872577819,0.276219486352969,-0.893183078572445,0.515860690428192,0.486855132117357,1.05428016516344,0.488414051123373,0.204593653142234,0.267481756859654,-0.284383286745847,0.0421017360986382,0.134463202481197,347.0
159980.0,1.84033262716315,-1.64865568224116,-3.52329019361501,-2.68366676900349,0.153233965009181,-1.66034386109161,0.967121808364584,-0.816365483646742,0.383102426811057,-0.424292929691295,-1.61329058389782,0.148334877813894,0.250077564109424,0.839005460547602,0.694130316497966,-3.16374677041633,0.137515964081679,1.33132020005575,0.657119623347748,-0.0522355192148246,0.0671767494298007,0.374915119772855,-0.577373887748323,-0.992405843786428,0.914088972726588,-0.338484076741362,-0.059129573500597,-0.0420423767674495,290.0
55431.0,-0.791396325934396,1.06155367813659,0.624916882531514,1.17998809699268,-0.0010606501110051,0.583961446605068,0.439330184977098,0.605080576121539,-0.323239871125366,-0.367238988734926,-1.64552696027083,-0.369716700996583,-0.671749361417475,0.434678568142942,0.323091254162226,-0.805702152533126,0.530737506149315,-0.252357197729407,1.02259517251218,0.148937030496541,-0.0172886693421116,0.0423360819523633,-0.0335955283646829,-0.783935479039002,0.0481930402083343,-0.168248806051487,0.275099439920701,0.136862762262473,78.2
83600.0,-5.51424906973068,2.64365789134911,0.709556226565467,-0.647293738614215,2.43064745826371,2.50746901830617,-6.43211798302655,-11.0464977904379,1.02602482537238,0.787166417926415,1.69321069686154,2.43050966191071,-0.791393610755061,0.627475839112401,-0.460268184021909,-1.18367707525752,1.8618631799967,-2.12317830367961,-1.74445186572313,-3.28957116022486,11.3383539852183,-4.32728972175569,-2.64643095294301,-0.960415147934362,-0.579137371280265,0.310529342073173,0.777435430478076,0.338329497151324,45.75
80573.0,-1.23215534290541,0.56670128487313,1.91133359080516,0.129902973972754,1.05819453555978,-1.16341209049258,0.976466489751333,-0.455161091823254,-0.587210634984745,-0.390445305834775,-0.31395784387519,0.383383420470071,0.96085456601195,-0.209748011564257,0.338632088133237,0.0434981009540489,-0.790632412870281,-0.228035077915451,-0.768873950956422,-0.0736596462066391,0.0274002618148807,0.254256139619604,-0.524838607475679,0.430719982268439,0.677687486242295,-0.441028508906558,-0.17497163824892,-0.181696843776633,27.83
74537.0,-1.53572707042897,1.67313760155343,1.14580739182588,-0.148187271586556,-0.0204948418312773,-1.13359997604652,1.00071115119009,-0.258747639784087,-0.292001825507455,-0.111342084621169,-0.25673055805171,0.526213779615119,0.678922921462432,-0.0222855104379791,0.0151074539872704,0.136015739734147,-0.693071235748921,-0.33063616348409,-1.28764726253667,-0.321669910995868,0.245391256901018,0.480242181190979,-0.150383406894099,0.727178449915858,0.069515397180571,-0.682759695286335,-1.00902748884806,-0.126389881287507,15.54
150430.0,2.0996068221347,-1.14970188404819,-0.655007160823648,-0.957133432721807,-1.02552312688444,-0.276675974823348,-1.09149076337744,0.0381748481792006,-0.0147548346533122,0.914496787969722,0.359189578774523,-0.223906366135213,-0.305508608889898,-0.20768957346741,-0.434545348476689,1.51082190788946,-0.255812561495341,-0.433430907050153,0.906414773203644,0.0158741791596473,0.354029067326707,0.992014578047672,0.0465623182091744,-0.467461010133601,-0.144760272833281,-0.0789946778366333,-0.002489347476098,-0.0591465003617813,39.9
37807.0,1.13515506139346,0.0478946040685929,0.960794987023426,0.882538714462931,-0.424890808857103,0.44370559455983,-0.598885230753763,0.299559714451514,0.200899045521555,0.0778718215208245,1.22481743183,0.916234318924629,0.15271982486001,0.228178757375578,0.944263745626602,0.564630092724212,-0.751923134330045,0.349944706876195,-0.521223743059092,-0.13711217969056,0.084251325566869,0.287664670430127,0.0029054177108126,-0.315548419202073,0.278350019380948,-0.406865319194268,0.0703853463320126,0.0213771201614382,1.0
125280.0,1.96164816263525,-0.0509222444461141,0.0791371716802495,1.90352675029564,-0.505125942409956,-0.17876946536369,-0.527161437899513,-0.0232712202572201,-0.275037645808241,1.03475351541824,-0.829596390275808,0.341321886993561,1.12876401839521,-0.448346328824992,-0.275561301113071,1.36315836052327,-0.707641978747387,-1.06951196195806,-0.927491034174362,-0.10354947529709,-0.274186549651764,-0.754264774286904,0.526126707857317,-0.0242462267420657,-1.02756858142271,1.86539608771392,-0.152355322151517,-0.0583808952376076,7.87
77031.0,-2.05468471777772,-0.904973721723717,3.1675803831439,3.78059635934866,-1.2015644123104,1.3731835461984,-0.408004425395218,0.273213134641263,0.503693411574599,0.358137114355746,-1.58622148236913,-0.0610947843684489,-0.133976039768003,-1.33967667367162,-0.91766531778981,-0.485965888568153,0.69440776435308,0.282983918320383,1.37291591606151,-0.298979844035411,-0.0142993686916993,0.797306666422358,-0.468178350943778,0.508192975356875,0.150508025921663,0.532284814746958,0.187816212123483,0.166718831792357,297.08
56417.0,-0.636831211157819,-0.461188089866096,0.955120413681957,-2.02051551232859,-1.43060719645989,-0.0897906984698285,0.124497219331706,-0.0888995884862726,-2.31545714612274,1.56673399957038,1.35225308966487,-0.844449504537331,-0.62677548679746,-0.0789698625506082,-0.0892172102999961,-0.666264812018039,0.598138398693714,0.0242332870418523,-0.146451032905804,-0.504846478227574,-0.203420881720862,-0.0137420849582401,0.0484424224359787,0.16927329847097,-1.03248977930125,-0.563905542225743,-0.37908683350913,-0.449242780586855,139.98
71623.0,0.918825514782186,-0.590310015588044,1.64772945947506,1.54124891745614,-0.993054017554075,1.61651682525582,-1.24471134700552,0.755264460367089,1.40693996291956,-0.233202813223861,0.664648163262032,1.02120349969333,-1.27204484040314,-0.475393335339674,-1.22578402659425,-0.682171152556736,0.530624426639888,-0.414209135489858,-0.394957380272885,-0.222714411667117,0.0733697645415302,0.57372692006421,-0.0476885389512893,-0.266199947799928,0.303642613933659,-0.200516327835062,0.119882849126063,0.0248195529320007,36.0
89376.0,-0.758360717614326,1.00847091322445,0.917605041492127,1.10625654953956,-0.888480178045134,0.539290292985187,-1.08765503683975,0.726091053956696,0.660057103719746,-0.154253517539856,-1.04486787243201,-1.03326097834392,-0.78374108338317,-1.16644467388596,2.4618934976117,0.292578487299291,1.28355215428655,1.64236452028822,2.12496200146387,0.216499579321308,0.251196914191815,0.748217168462787,-0.0565330526409888,0.521341215315098,-1.01192923398869,0.877467919670076,-0.021004269214879,0.209364768823221,11.69
169164.0,1.98962207056986,0.136906043911414,-1.70492842186057,0.399627917450659,0.426386797727155,-0.702422285719781,0.14140542154577,-0.0938616565221462,0.458102856587731,-0.436724615554952,1.290033437278,0.857484387110457,-0.349073635007486,-0.661141512657562,-0.33731292702788,0.273755363917839,0.398343894758989,0.425380366519069,0.28431320911985,-0.17637533926002,-0.273983081742262,-0.71752095486024,0.298846938084166,0.617896723681105,-0.140383020688755,-0.639003438501565,-0.0069537262097632,-0.024393535328946,9.99
162915.0,-0.312687024536389,-0.295623060170972,-1.5638323192205,-4.04050219363512,2.36321092178406,3.1295255002865,-0.047603622417389,0.652374890212382,-2.26016609063752,1.12192136999699,-0.575175122713739,-1.1235176953228,-0.127893650856606,-0.147780380119105,-1.23675528624476,-1.13817664944382,0.407506317447671,-0.57826194032924,-0.703603182163824,-0.322203176708526,-0.0970353093510097,0.130265193588365,-0.167118811356561,0.699572471252158,-0.0769862635398475,-0.208464243922719,0.135257458361929,0.228767162723307,15.0
138694.0,1.86723098764896,-0.979215746322672,-0.990678868387944,-0.32624985647231,-0.747664962270015,-0.711087569337471,-0.258149266945319,-0.198379451007595,1.87478110198479,-0.588563560868841,-1.29682829016016,0.73797067524834,-0.0877793091333458,-0.376680231434369,-0.948885862645569,-0.992709005679629,0.327163698509521,-0.493674425236706,0.631100825292408,-0.0272475515443291,0.260245924023428,1.0532514090584,-0.150356539546462,0.068585455408522,0.184674407448004,1.01797132944409,-0.0629135786475775,-0.0573018205870929,99.9
777.0,0.656136711818476,-0.583032348055987,-0.120881211759883,1.34837718815548,-0.0281562635954764,0.476610124815752,0.320612905548857,0.167836441521536,-0.137996028840007,-0.0135866653166445,1.39628490588386,0.820732230371527,-0.896744944490658,0.692506491728232,-0.0998039018107145,-0.707660740935368,0.245842099177356,-0.717132358524149,-0.634262098450861,0.213665533594111,0.206872147115853,0.225007809557722,-0.297346931798911,-0.264963017536733,0.552590602051537,-0.242074873736303,-0.01024649865911,0.0362651210720288,237.98
43678.0,-1.19222440085282,1.46542334815856,0.308404953326836,0.268015639291624,0.863199453172783,0.393030267697097,0.797168289692131,-0.0268198674952452,0.650638032757173,1.42583631934154,-1.54603659449613,-1.15157570878489,-0.902214501655761,-0.0206334280443002,1.60506311966078,-0.314175028294696,-0.503436869622282,0.150902658782761,0.474912805209003,0.564427903133168,-0.176563668708853,0.20007243467948,-0.254164323423616,-1.35521309097934,0.0772384125907664,-0.201768501005603,0.711949725664894,0.252774870183698,19.99
81404.0,1.06214346075431,-0.73840117809523,0.791585927732712,0.489128553046412,-1.11456569056761,0.223346993431668,-0.814681547923108,0.250136365635702,-0.8735236374159,0.96141529322777,1.04903411265422,0.0273620493518669,-0.849297488016361,0.437036897443707,0.756698003275435,-1.07821053853922,-0.261136199830704,1.74503741622864,-1.4730273367798,-0.457984505276754,-0.129221743783593,-0.105138216615414,-0.0269523475263951,-0.0548646172330439,0.215867316856893,-0.29145039501214,0.0591306914216689,0.0356952336717139,90.0
135599.0,-1.05060512435632,-0.0868076340069652,-0.851591970131069,-5.04740827549331,1.13087375060882,0.383402298044069,0.339008935124679,0.281397735393035,0.59283586952743,-0.439763913774918,1.04447008610195,1.06195474660967,0.179647820904232,0.250154598233952,0.476791013951421,-2.81157137171965,-0.11322819268123,0.715840416832307,-2.01749187961296,-0.460549529101595,0.0394006580020901,1.08384174782077,-0.0695278852357762,-0.737357522055914,-0.191273810154033,-0.834279400163036,0.606646836465288,0.424731448932125,1.63
81458.0,1.19018020590674,1.23003667024886,-1.48748077890579,1.58300831128472,0.762229633593205,-1.63231010668386,0.653119374155676,-0.232086857915996,-0.665316366671171,-1.37100384651726,2.64051573892382,0.081442965315026,-0.623168355859503,-3.09707273315801,0.395555864066273,1.18959983949487,2.55177723425669,1.80663552201311,-0.622783680138331,-0.0554534074378224,-0.149513804294709,-0.385023505608364,-0.191272647707594,0.200696352949034,0.787895639217703,-0.323103349484543,0.0340316102864742,0.0880729997140757,1.0
74562.0,1.01627242683958,-0.0692543395234223,0.212798280962157,1.25447764916312,-0.0008093550735081,0.355161591566474,0.0418502641269265,0.139695511011222,0.0563669543274561,0.0156542677580748,0.857514608307292,1.07573070697398,-0.215712996896199,0.271527448342433,-0.754404842097259,-0.418876179164802,-0.100640540002322,-0.353492589970335,0.0248227949145356,-0.0373160899670639,-0.0321515530238155,-0.0452554749333952,-0.172882104206237,-0.285914018751774,0.650150613857535,-0.316771169372659,0.0225904809418137,0.0139804234259486,75.0
136196.0,-1.45480253975829,-0.106845260973757,1.50128639449163,-0.836760880478486,1.20306498502782,-1.36016584500342,0.629573227584436,-0.105541505220363,0.0088152227332135,-1.3396518373729,-0.982351775191595,0.392406726334809,0.395804838116778,-0.0098232070995427,-0.195633133551492,-0.216874627869867,-0.615108414195521,0.0056139837893183,-0.589326066288502,0.187290171678152,0.218688680077503,0.391314665756111,-0.315740387078785,0.0578933153189658,1.0908668774635,-0.529801475235606,-0.0036451549325336,0.0727382660673136,45.0
105390.0,-4.14789877864881,3.89689704300648,-1.04389272285263,-1.33996845109283,-0.622009814638811,-0.0856919879485334,-0.864492015290789,-1.01025978117309,3.89734109226686,1.7164902060693,0.390463572102844,-2.03228857707428,2.02311571106686,-0.513713419702038,-0.157571437016083,0.473190658608857,1.29302501380317,0.484359384940721,-0.873417097790612,0.666186600276102,0.998402273696758,-1.55617094330954,0.44007463994159,0.337259516455549,0.283198167483758,-0.380464731186693,-0.130567001246516,0.350209471547397,3.78
161898.0,1.98855106980646,-0.25917067305817,-1.24228848103188,0.194058106136102,0.242443166790765,0.478250434988039,-0.677540851022662,0.189959931555348,0.822003032931795,-0.306213249555952,0.464858358883489,0.760900449272788,0.780064992849442,-1.35293683956865,0.0559133320440413,1.14432384246263,-0.203567286896237,1.27658176589694,0.0170558192353368,-0.0314181217641768,0.189682368177396,0.705936637220303,0.0027766837068363,-0.22634546565534,-0.108174889149344,0.645806612476547,-0.0147093924540796,-0.0321871588289738,20.0
36842.0,1.08048959710264,-0.697984845540767,0.193626400669192,-1.95372158788399,-1.03044151714516,-1.21938219446259,-0.108973853465454,-0.2201229403547,1.8139105807308,-1.6015256168075,0.553720426514967,1.31502104847992,0.576810949432543,0.228494064518743,2.37893693321039,-1.2154688538204,0.209718592285841,-0.225335294722258,0.368559482440685,0.0947439132588362,0.305666279822711,0.942382797767638,-0.217885919769805,0.472282251072525,0.663686236501811,-0.621827577530952,0.0758248033189197,0.0409412832841809,98.88
52686.0,-1.59626224667873,-0.0081546941085371,0.985556365130426,0.642685167652537,0.400604849368147,-0.255754901354303,0.372336771993331,-0.0858002828539466,-0.415807157030098,0.476918595709843,1.40532264015848,0.0640395417385459,-0.968713036777743,0.550380819715308,1.03543390857817,-0.36277675479489,0.0311172742467649,0.0780040438488855,0.948650808855586,-0.503478348150313,0.0810731655191371,0.528580074351931,-0.0722811341275029,0.068625748279439,-0.41618937909734,0.454370515430256,-0.332085099904111,0.344699462570631,82.97
76824.0,-0.730463077360616,0.791686269023404,0.372490431636697,-0.440953554987736,1.45225597409157,-0.885030051107933,0.766893800818505,0.0162969263768746,-0.797715075458735,-1.03942988883989,0.720284999822351,-0.183748386057864,-0.604315514528989,-0.884092496962853,-0.296467956030234,1.051867468093,0.0487327328367195,1.07643459380356,-0.243641286298285,0.0070350463176243,-0.0108321419987284,-0.224436928931025,-0.28416402573463,-0.60995800952914,0.0828234046281844,0.221101129620377,0.0371582758035933,0.13271243841382,0.76
137970.0,1.8988119426486,-0.1639496202981,-2.10085631022111,-0.0659426812830095,1.24168644099233,1.27114637727674,-0.273866135599289,0.414219300257309,0.785599230966031,-0.810382328103013,1.21757060607674,1.0007149946127,-0.0906390054029372,-1.23078161615721,0.0217989775290163,-0.471273198088625,1.37909582860112,-0.581095102298782,-0.38408515828895,-0.202847366552353,-0.161224872046167,-0.173457161754643,0.203277714246426,-1.05980525043934,-0.198271494335921,-0.0079154646943723,0.032724044687791,-0.041008445464027,15.29
153649.0,-1.34133844244747,0.167073659328467,-3.18067952095756,-0.613965790015581,0.687420603354891,-1.50586062211345,1.64304725696352,0.197699592335421,-0.426365642247552,-0.722370194559776,-1.65144294816307,-0.0560427594840205,-0.483275812106741,1.46025572940657,-0.711888566294497,-0.561480206539748,-0.0814099013783049,-0.163111014714541,-0.0590334090169102,-0.375738356052411,0.519324290461836,1.58172648389947,0.564546501240041,0.663037601047442,-0.890153811686953,0.0970569846624765,0.381077932755966,-0.155873929265769,147.16
159062.0,-0.152865446821474,1.10703147788204,-1.30713574570933,-0.202299575272583,0.193221695448876,-0.766178057237794,0.756656444167626,0.138633043010182,-0.268427299756782,-0.775854709841247,0.783971117667208,0.482777329286122,0.0081140842732781,-0.42708950964445,0.0050496160611092,0.510707712897621,0.191831630975236,1.29941438078014,0.171440759723608,-0.337314890588913,0.356290403691896,1.01364452014214,-0.0543556585707954,-0.401903518743055,-0.256880563443593,-0.168231393073898,-0.273903843334733,-0.105583914885965,77.0
54834.0,-1.03872875269329,-4.20541828209356,-0.572033885481054,1.48207099019401,-2.07989764517167,0.506798772721098,0.876535282790597,-0.219392943562802,-1.02100130148674,0.352104445902612,0.576731114809243,0.821621855011178,0.755024197141111,0.185945680497003,-0.349707596005829,-1.01663352037409,-0.396048168261154,2.03148273130458,-1.0408490917343,1.93531928145621,0.380742821571926,-1.03559403660182,-1.08971247378547,0.0431930560320169,0.0291859802785439,-0.462113903928426,-0.158153203606062,0.230460782185888,1207.69
36285.0,-4.32880494110367,-9.77131267143267,-1.92185649467891,2.90506020530362,-4.05365784601919,1.72660110872784,2.63063608192061,-0.340578549392339,-0.572296506432401,-0.643238005324541,0.709780790699625,0.938841769298392,0.150295131680151,0.347136034084858,-0.610741042543743,-1.40657753510281,0.366922179584123,1.72138800143977,-1.71358959395616,5.19230486756281,1.25879825973426,-2.12774237158856,-2.38991542153356,0.103219261782259,-0.836241546182642,-0.744372840082543,-0.429539044560694,0.522049802052011,2856.8
147721.0,-1.93436787963717,2.47958583712248,-2.04171623120856,-0.76652616207145,1.65485848453424,0.420440750225923,-2.14065119923817,-8.17109055955034,0.138194883014116,0.404130369438709,-0.315169042539142,0.56698440770678,-1.47612744837111,1.6514927588373,-0.644789155626161,-0.695703895859435,0.0977744946305188,0.663182601806604,0.860506847933891,-1.79833524305245,7.89118594287176,-2.02017150215367,-0.992759213581805,-1.12045484642756,2.02321099722532,0.0931339317538032,0.442194321352326,0.2648132469552,1.0
58279.0,-6.11179416205835,-4.36634847854056,0.304532352912965,-0.445218264318596,-1.15478631528879,0.513685624240597,-0.0558808071918248,0.89246961806247,0.0496795622388255,0.513562322059531,1.09890793701264,0.310872875188423,-0.23967483682101,-0.635511735770434,-0.947638089020299,1.0880092024841,0.846534021049237,-1.77610354293742,0.0546415065228416,-0.508512523645047,-0.40198368217703,0.442830806238857,1.03859101668107,-0.217232860279758,0.864279871616271,-0.217302884531034,0.576851237920828,0.251830901963587,378.68
162058.0,0.024746582489415,0.68842469330611,0.113837613345863,-0.788642893646375,0.545987057579497,-0.524569029859358,0.776817903692376,0.0819935246745046,-0.0353934996626378,-0.202246171026387,0.192238724876995,-0.138218491751234,-1.61223517776299,0.609377886977958,-0.851555758279292,0.236011874430095,-0.656374286545564,-0.0157426570359691,0.295163650020642,-0.127600003861515,-0.248720869902457,-0.63966925435137,0.0301415377571831,-0.516729845572562,-0.536140688685476,0.156104464731265,0.236117166268496,0.0790050293378369,1.98
138962.0,-0.404265997731619,-0.523200106871468,2.24029960202386,-2.58804296936625,-0.90532125203484,0.197853880182727,-0.597899576325973,-0.091589236235404,-1.80295243000294,1.03924227482304,-1.10990465858871,-1.73557473293708,0.263833681634052,-0.925715459607663,1.0257111332226,-0.0214776647666124,0.056343786355766,0.744570395594696,0.0598044581944882,-0.13548085934927,-0.158953717783154,-0.0389558236633841,-0.254141876848549,0.531141958462862,0.130260154654411,-0.138595763467201,-0.210186581277192,-0.133936478751671,18.69
58469.0,1.09603040026377,-0.792544345804111,1.55353769055492,0.493343317181195,-1.45197375107465,0.754394861540651,-1.26916854084656,0.465391479763138,1.73341535763255,-0.394434547660936,-0.0034710675832822,1.08265531335697,-0.674419202495254,-0.900392552858786,-2.10594187998956,-0.122533956219565,0.140658926585687,0.127460237047671,1.01502331969558,-0.0721237948950852,-0.0863922551107736,0.148297215970727,-0.0965666135056677,0.121139121693875,0.255736923877586,1.12872134027162,-0.0048855370674335,0.006415845198343,26.94
94844.0,0.1875502876878,1.26300483673745,0.250546142357283,1.26796111925287,0.727276676800431,-0.19074998913726,0.680670990983647,-0.238393593432731,0.521669609781894,-0.771672415979255,0.500241410331696,-2.81086468793101,1.98248732384935,0.667417693727854,0.683655087077923,-0.851813916610195,2.19444290767823,0.4488240738147,2.57824919501515,0.290351860061914,-0.401910154724418,-0.762565371338406,0.0444123453196843,0.547598842285729,-0.762788723047852,0.53793289537685,0.138987967968865,0.197760605612966,16.99
88950.0,-3.73688280728033,-2.48799591059488,0.995838486096282,0.417365149754809,1.32218981934583,-0.388750298844715,1.69903936393668,-1.03629591393461,1.59732698196653,0.607302124559573,0.459098541256634,0.204117507464696,-1.49463832224998,-1.11440836575691,-2.39086409107743,0.265646086442253,-1.25960529185452,-0.584478621994919,-0.415654088747359,-2.83969453133676,-1.35874052521882,-0.517924592685788,1.77739960761922,-0.0299718619692694,-0.208123666536807,-1.37696631338547,-0.016040253531094,-0.755804172866264,167.02
134157.0,0.13498555584247,-0.342710643351759,-0.388759396708273,-1.65115800767214,-0.786915642326961,-0.0693931780139716,-1.5833933923328,-2.50604566877759,-0.687814122170972,-1.04632399755049,0.67397357400211,-0.772785276252375,-1.54932385727543,-1.2843951739179,-0.825765697188999,2.57667780160439,0.885661555567159,0.264495467727318,-0.579251721431713,0.804608421243142,-1.00846191245403,0.715630433618707,-0.297349953123514,-0.486715588982835,1.01875417290854,-0.0875339817028777,-0.0833544024933157,0.0926257163357535,129.0
146089.0,-1.43163160375345,0.661880487624752,1.85933639578331,-0.220157193552495,-1.25493568982554,0.658427233839905,-0.571987519104465,-2.54537626108131,0.233573894974462,-1.58647812711012,-1.177183634333,-0.233790811449272,-0.924098812604404,0.254802681032349,0.998216208028269,0.467615946055691,-0.313213493387421,0.61529396022093,-0.0155646290782233,0.577356128461181,-1.19483478381491,0.554102496538839,-0.749057826047132,0.050613147510066,0.0911845281544328,-0.234399554902497,0.1991102115776,0.0784792025460455,250.95
55357.0,-2.96271772639939,-1.07759993997999,0.609891590729844,-2.22327647211446,-1.88718045646795,2.20626182187724,0.785966850958363,1.27784189978003,0.567776673422382,-2.67159615896404,1.86657687728724,1.86295930279733,0.390608894534636,0.452064843939994,1.16455900079433,-0.888549311037365,0.890669732479741,-1.04701342793489,-1.10897754500436,-0.282276558264423,0.406925319066173,1.24308812512743,0.448424098780535,-0.927217253144551,0.342881944275667,0.147034672932809,0.0776583679440347,-0.530542525766575,433.8
139985.0,1.96508887784946,-0.405606570670765,-0.25469595905572,0.508166902293526,-0.738673320800377,-0.488605818546854,-0.589937903322573,-0.0520556004659822,1.42838532653417,-0.183737836263509,-0.950229460435436,0.637646059492109,0.414401597817444,-0.253623589029671,0.494748068418871,0.021218002121398,-0.482821471807533,0.0945396685313642,-0.282350752653807,-0.201025393240098,0.200470765454078,0.851770155011606,0.111078830346191,-0.050310974259248,-0.0940458432967329,-0.207016435706994,0.0461731934975855,-0.0363656445346309,12.99
35108.0,1.30815263768814,-0.807687416630496,0.248121597739765,-1.23403845236421,-0.23242835762905,1.51912817012465,-1.27538824080781,0.453631826690349,-0.842643662013418,0.701356077435978,1.39810590435071,0.303622370500984,1.18600166410541,-0.481133995267314,0.525618411517981,1.7784209572938,-0.369493100945979,-0.276673745815179,0.567929339406737,0.370937788058905,0.436613845785388,0.95706558496477,-0.0065264014975706,3.64344667684916,0.502314933197434,-0.22176691595419,0.0099772600493892,0.0547769099962957,49.98
29639.0,-0.450699042447767,0.690926053508586,1.55194336002737,0.399350236616207,-0.746641440429724,0.245050454957827,-1.01264549392282,-2.49624919155599,-0.456374583486933,-0.999461172365053,1.06179784768927,1.08163602413868,-0.879578792561171,0.62236645636244,-0.878020312340558,0.125681005131707,0.0130679249624943,-0.172111186617592,0.27410320984357,0.658429774023957,-1.51927219872251,-0.404320775054515,-0.125695290314953,0.545463018982922,1.12832356451327,0.276804485467085,-0.0344130196384301,0.166174705742429,39.99
31084.0,-0.881893574588033,0.159391725482701,0.74036062801632,-0.695037034626848,1.34530546081079,-0.415845603968062,0.715465886280717,0.152013326943744,-0.741734730779061,-0.522937681156817,0.67157651438583,0.164141464843026,-0.861887747348522,0.723556732871629,-0.241166943527535,0.320799748222099,-0.698732405671703,-0.380612228946616,-0.281865747041178,0.0359943043257319,-0.168844864725632,-0.858185719121452,0.188900547586004,-0.710155146559397,-0.474238037091361,-0.0295940847826321,0.0272614784610962,0.131548207397425,44.9
131747.0,-2.38985359497236,-1.751794464048,0.669990672796841,-2.8671046935356,-2.02373726182392,0.461751528918042,1.79335835891781,0.473031276712254,1.44827473282524,-3.23473403398048,0.0782832276938844,1.363511826817,-0.245092406478509,0.0606089601599106,-0.962567594063375,-0.458753609361936,-0.288846304750414,0.830706616783965,1.05779253215655,1.18954473749029,0.262299063740659,-0.313888059993078,1.01583061598785,-0.411052129799417,0.98728978166444,-1.02614158420189,-0.22215886088891,-0.0340046043681271,607.42
80575.0,0.681099005026665,-0.802116475945105,0.143891063895024,0.784050422169001,-0.872887457645861,-0.917992350737834,0.390622106539927,-0.234650618210538,0.16089396602907,-0.194176990188639,-0.354537178050966,-0.100553906737529,-0.529932487114587,0.480147913861116,1.1784925911927,0.391709327296194,-0.349770482674451,-0.393988144772372,-0.175675413433691,0.469958067835705,-0.0890878549587624,-0.991828473567661,-0.113333019094934,0.389723123253909,0.0534823090663098,0.170450519358042,-0.100170532887671,0.0681565430698716,303.8
122136.0,-3.5563760026839,-4.56857380767578,1.47106033183659,-2.36514626622473,3.74945354448213,-2.41687860521604,-2.66118425309078,0.624486924802592,0.013135269662985,-0.552269021466013,-0.339835915406583,0.159941051430612,-1.00185999021303,0.208995736800108,-0.75828732618462,-1.42184132355927,-0.388028718326572,1.74280860510921,0.15211291602357,0.611202559599971,-0.429229504050531,-2.11268916143675,0.70123252046304,-0.0215781553472338,0.472324560097224,-0.163046431579485,-0.1568816306993,0.127237379869252,37.26
76268.0,-2.16976067283025,-0.844370983495752,1.45707989226076,-1.47826406298242,-1.28630194604876,-0.577431762365276,0.473088841762932,0.293947223067651,-1.78609133106221,-0.268058738568615,1.41381669389017,0.141278273345248,0.439707032992203,0.0225129208448695,-0.352035236615829,1.83382707387585,-0.137381962607112,-0.848329311752542,0.286489585223774,-0.0551737568825015,0.104219908832517,0.13081770411552,0.769108475068752,0.510515710219378,0.444542034026218,-0.502654470102208,-0.0263856132165222,-0.151439433995042,248.0
141559.0,2.01436236308924,-0.117428988042062,-1.01010899494599,0.324591005891938,-0.157584561694671,-0.950013808241227,0.0619380686386958,-0.176402495911745,0.321513213242941,0.251357675256487,0.98915959511749,0.996605324022364,-0.340578714703797,0.537788660853889,-0.634081990629484,0.0781500281661263,-0.487614897425316,-0.367627577012454,0.402850681080643,-0.23763597971768,-0.235475264138514,-0.593830544150511,0.343736713385176,0.069106496953386,-0.350870992167739,0.173806503510755,-0.0762418763062604,-0.069978637508729,0.89
132352.0,-2.75441623534078,0.602385202672068,-1.59557986831674,-0.554454795202567,0.0190972055172133,-0.294450638698344,0.158999102017954,1.25248099294295,-0.342370162285181,-1.8896455083256,0.134047256238606,0.684682532831874,-0.377408056217898,-0.420837044939434,-1.10097712974761,0.783554386223456,1.06882499545445,1.00097437716769,0.432109749046535,-0.201987956768612,-0.0692043272209903,-0.604087452276064,-0.42078393269763,0.193708203786577,0.151686557689228,-0.13141884025025,-0.171765033277396,-0.224107170440153,125.43
135656.0,-0.0812262861689962,0.69150332174811,-1.87358227417232,-1.61541608742459,2.79721828202779,3.61380375658071,0.210314388692704,0.101008046407075,0.288132558716917,-1.43815143398908,0.0596988995369877,-0.0167322151551079,-0.538505377652334,-1.33464118010106,-0.151422026571938,-0.0195049716944339,0.933443131091757,0.0486720901107719,-0.246592569081475,-0.255797786218396,0.571599180926774,-0.716479092162015,0.130271930267851,0.562022016197169,-0.22126276144217,-0.13271711542282,0.113357369629376,0.0166210735316722,60.0
75426.0,1.28315123846888,-1.38293773146323,0.573303623276754,-1.30555456588802,-1.68908154909547,-0.431362884742139,-1.08943802275794,-0.0149428605508437,-1.63230201261823,1.35133001273237,-0.342188807810368,-1.18198836876453,-0.277817598451783,-0.171668417553299,1.10635119979949,-0.431200075695303,0.752338017478237,-0.415535554423822,-0.621299998250545,-0.22192569516209,-0.295506780353154,-0.710243248348336,0.138900460354393,0.0110829076314046,-0.0018430759905226,-0.38767515270905,0.0370817859449204,0.0405745543064003,104.0
146562.0,-2.2537694254109,0.642260169963721,-0.604294495503808,0.636368115333952,1.99833539602273,-1.08818279987982,1.03702566353063,0.122776679458961,-0.933037647605232,-1.31737270005125,-0.914325336261677,-0.305921522574061,-0.278721886777506,-0.858943360805025,-0.524770684822613,-0.0535648705655861,1.084096224584,0.246344014329606,-0.353613934223826,-0.388889468413285,-0.0484061745243014,-0.111218294391562,-0.514920957004574,0.511027013705797,1.33335204951665,-0.40602275672618,-0.224684813950152,-0.0765536244036326,33.89
162598.0,-0.765962306578188,0.628565480045417,-1.20735395386685,-0.329153243204412,1.79532916570821,1.07356215312466,3.14463899801033,-0.479146076021799,-1.00155209227581,-0.578898210491406,-0.483691941494338,-0.0220250181842453,0.0184553025660593,0.507490062425306,-0.217128802612127,-1.54153169495554,0.0960316290358488,-1.76264131476359,-2.04581711435975,-0.266314678927694,0.418742707622396,1.63931336732264,-0.10136197253506,-0.375745335807372,0.467971171804554,-0.323795104367101,-0.0060408817550847,-0.160089830703142,273.84
141575.0,0.1780981875018,1.05922408873946,-1.46746227508441,-0.60523210578986,0.961363168238385,-0.392644805261294,1.0012720478524,0.047796112568061,-0.358233056326292,-0.730997160302593,0.712742847786616,0.686954516283202,0.386659722835039,-0.936126127578771,-1.10595437738642,0.62787316639535,0.162524021078872,0.467866841432079,0.0858894605854125,-0.167231112961748,-0.129542152123142,-0.310776381339028,0.156772972707378,0.190139217187587,-0.791686470748326,0.0917182563153399,-0.401252203407831,-0.275525722419088,51.88
53252.0,0.0193118535337048,-3.11003875860391,-2.3508999672533,-1.08658863240478,0.93867347088934,3.43565422579759,0.153064883770843,0.505107461665859,-0.984781552840525,0.289060392132466,-0.24822505481623,-0.612139889306448,0.131835172006142,0.104631199889764,0.0463092674550172,0.948548679296905,0.14208899518191,-1.06868677600784,0.945114092859827,1.71268905586889,0.555922109758443,-0.210957325493848,-0.867161385384075,1.09529242167966,0.671832637683859,-0.130654167632957,-0.14963765306722,0.128940089236781,767.19
172767.0,-0.268060569060326,2.54031475002062,-1.40091462682916,4.84666059093464,0.639105494161851,0.186479418645828,-0.0459106556678939,0.936447710117621,-2.4199860902024,0.525011611616954,1.04538648587253,0.124584503092542,0.57234390399442,-1.82071569014233,-0.138285275395705,1.10017339868066,2.32213536515259,1.34958327204124,1.09152262441329,0.111807858151268,-0.263889130274981,-0.857904369075692,0.235172043270977,-0.681793504552547,-0.668893784053538,0.0446568922975994,-0.0667506176047417,-0.0724465747869648,12.82
67186.0,-0.457491205872576,0.914575715658543,1.26844049719538,-0.0829267574973045,0.229706724717488,-0.243688824730859,0.425193486272481,0.27517251644342,-0.4991054957743,-0.351301861981317,1.5311883737631,0.153624835258428,-1.00813870626123,0.0009752055126048,0.559369094207221,0.333800266348168,0.0945945255633019,0.0349100792507719,-0.151315666025313,0.0365098943465327,-0.193448246619682,-0.549283066947265,0.0196481194097216,-0.0613749495941052,-0.296389313902499,0.0877750472143379,0.250469528516442,0.0832952781719503,1.78
112261.0,-0.883623198496425,1.09859833061035,0.0194389596732461,-2.55976649345025,0.593332583675393,-1.20030066091716,0.963491828600553,0.205403456363109,-0.0581276389161118,-1.44928825396999,-1.59806091159942,0.0874651963342616,0.120004502143906,0.427705072514515,-0.49595339205311,0.572123852595025,-0.859866680336242,-0.611632670121496,-0.567894027307009,-0.18290340080189,-0.28194663413941,-0.873168631973439,-0.160917417477918,-0.643922889432458,0.0276087960062401,0.413892054037688,0.102145134634622,0.0946724322768654,1.0
10840.0,1.19977100521411,-0.0164415998173972,0.743665151915496,0.0404683715831074,-0.655542365397198,-0.636809345584648,-0.35629297965237,-0.119196603781867,1.37932798609059,-0.432576566120747,2.46167705048827,-1.45904740008313,1.94472317763747,1.71522675616624,-0.211114569939655,0.564972352095648,0.102915701887111,0.323950549312745,0.106626175752585,-0.0346187650545364,-0.216206940177057,-0.438451770177136,0.0731297051467501,0.339155083291005,0.0649749495127667,0.845179003589806,-0.103935013556302,-0.0026410744182851,25.0
53898.0,0.875250989796864,-1.65309356344606,0.682236659621838,-0.425446138143955,-1.58158365936978,0.240870335048741,-0.983896326708632,0.16373217837362,0.0458422248513706,0.381551155474632,-0.827217670209577,-1.01483831675102,-0.663420403995212,-0.456421938017356,0.775576616711778,1.07408277810211,0.523148966684912,-1.18732889051856,0.166655741326904,0.479213982833564,0.445530059301365,0.803931882759759,-0.317580636694566,-0.236065254921545,0.310606705670073,-0.0170839432603194,0.0141121266135348,0.0582746727540251,250.0
152996.0,-0.69892635829728,1.02051196144732,-0.179209303142424,0.180177417291838,1.37908941181641,-0.60639691945668,1.28257982025713,-0.24610659773761,-0.536060931904301,0.0623679768212822,0.0886375833509962,0.130669529159626,-1.12954236345695,0.673668093661695,-1.51684007005109,-0.496796608702247,-0.560095021431952,0.17695557530097,0.151466086880577,-0.38080881794602,0.208660651997043,0.617367005306937,-0.350386963053819,-0.403986229086602,-0.009223621777484,-0.603439361365679,-0.227919363347239,0.199032005529335,4.99
90929.0,-0.281948333144745,1.24140590921794,-0.221162555611402,-0.457809647270413,1.38764286653863,-0.0083905223198781,0.799083687200037,0.0176274285211877,1.08676864766399,-1.46637998170094,1.39708197182511,-2.15455496565017,1.68038059285929,-0.289228891135917,-2.25720768233604,0.397908025024944,1.39577897293847,1.27648598821331,0.0477537085410956,0.0549410078159376,-0.114923103928969,0.233521922107218,-0.339241008559811,0.0707181484072896,-0.141150803948167,0.520985408310364,0.3469585345392,0.248627791875685,1.69
65103.0,-1.76631019506578,0.192374296127173,0.539730051647567,-1.94225767406613,0.531883229251588,-0.147161689904282,0.668057880367331,-0.554091107064333,-0.149310167309099,1.32589640315087,-1.66865063051481,-0.507846281387914,1.48803021417523,-1.53911690459795,-1.11140739193555,0.82866890891859,-0.357895509895625,-1.48967034112169,0.93344750615587,0.0027052990216801,-0.188066506859594,0.431100269289212,-0.119255185400269,-0.935457353995027,0.445883512416985,-0.35299041575369,-0.716119289716242,-0.43454340804165,26.12
79594.0,1.20731438554616,-1.53668515848723,-0.424281776713521,-1.44323432261477,-0.808532268070648,0.304059652710821,-0.664940246945039,-0.0206526284832975,-2.05974336792906,1.43848518712237,0.456398692759302,-0.197798560798569,0.549856672147177,-0.179842881939888,-0.769385485466298,-0.811425153066136,0.585077936660318,0.0191902937045431,0.259459279226292,-0.0207985289032251,-0.0919297492887547,-0.0851852455048768,-0.312775520019117,-0.812659767453932,0.639369877168105,-0.0152850370914023,-0.000383447677661,0.0141780607657305,168.4
135232.0,1.19358991061944,-1.8063962161923,-0.417999150414108,0.790342851775232,-1.45279303115495,-0.305521737549444,-0.360710694993987,-0.0153331723568337,1.68771898185922,-0.332158468645819,-1.19172771238157,-0.0916444355817126,-0.744270083831,0.0263499863256611,1.05510420381255,0.554021408983121,-0.648356005177391,0.506292397205954,-0.378827182445623,0.541082321986064,0.291620484100415,0.0771276617717696,-0.0889135691090784,-0.129608435189966,-0.550412892336863,-0.446534171920633,-0.0247963741495187,0.0403705339197998,409.0
54474.0,-0.430505157558931,-0.0418803828581772,0.325120823463866,-1.56386734843571,-0.526582049684068,-0.101201224165681,-0.164874475001476,0.240875634669761,-3.19486760952652,0.929080842743596,-0.974350662405727,-0.671364691452584,1.65999437911818,0.030330076656152,0.768116274292478,-1.11218195196307,1.10238877717485,-0.502429650195031,1.0897054773278,-0.0447307740039226,-0.32200647648157,-0.752030534238366,0.158435831241038,-0.798244505608157,-0.33054296310091,-0.295937562000849,0.0272266853209064,0.0481407339951442,69.0
81443.0,-3.63560586632754,-3.38102746499111,0.93506307431299,1.67313021764837,2.64948818584937,-2.2552499138526,-1.98310232305313,0.783331100759711,-0.919706311099214,-0.172341720556435,1.69446877028613,1.66524440804952,1.05515978499032,0.912832541058173,0.919028805012454,-0.236231100015365,0.247778476804138,-0.171517068560945,0.763571520230145,1.25571425442002,0.410146172633587,-0.431783468050917,0.156267416553813,0.281132277146756,-0.937475247937706,0.0838781685784764,0.110155788217786,-0.56951018684489,16.0
154839.0,-0.993412012718808,-0.0001029672256119,1.73883204799779,0.691659411984586,1.90854047281478,2.33067081625263,-0.0407114991561788,0.686194770656739,0.0173181163204789,-0.369798716677964,0.2688982426594,0.288529617877837,-1.23588354183092,-0.0629296143743669,-0.506376726782994,-1.40394333933743,0.63674602996044,-1.06583939481296,0.865367084360783,0.130198834516895,-0.451105291850293,-1.08283803246181,-0.071300803463645,-1.04131404610844,0.162400961867632,-0.744686191230424,-0.0360522783688501,-0.153319313789422,7.48
170321.0,1.83706792325162,-0.576708937897974,-0.372894203664544,0.291184276600707,-0.199689674140534,0.90870728819359,-0.843917170094847,0.392911913933997,1.61051592218724,-0.407405824774075,-0.350774411104049,0.709502440616864,-0.133012746055116,-0.0464521336879759,1.39004136483792,-0.97117931556647,0.395674631854783,-1.13127120400711,-1.32221699984553,-0.345252397576121,0.290656656447466,1.21839816125772,0.189803700340068,-1.02527238335707,-0.253908250433219,-0.432517509176755,0.118839937401466,-0.0443326938582495,9.9
166009.0,0.0569114728789683,1.48647177793623,0.638137628366261,4.39487630611471,0.907031232233336,0.330241182536804,0.862164665358711,0.0285296959205028,-2.40048217464233,1.74233656997949,0.334677488387247,-0.851333183252374,-1.51596879929679,1.01293225250481,-0.424264991387511,-0.573090623231723,0.29727697021005,0.603762467267458,1.43273451693622,0.0467876631024299,0.424240179604347,1.30240180846778,-0.346806795652379,0.0392878567644116,-0.272390082703919,0.666625731520557,0.173811406998136,0.169250695594996,3.03
81998.0,-0.412602118472459,0.928031352673201,1.84962945819868,-0.0335766896507762,0.199696778494798,-0.598574597648405,0.84362431547953,-0.199156547683783,-0.364594010143983,-0.157698710984643,0.310184412411909,0.387405713391165,0.550575163169715,-0.14039839878096,1.03957872660845,-0.302724257765404,-0.134315024050484,-1.01082697626916,-0.467252827849696,0.174502277628698,-0.220517714673602,-0.345456044706357,0.0068945449140104,0.398145055143911,-0.314516386585253,0.0502063410601445,0.121586564080591,-0.100028666322285,1.98
166694.0,1.754304695432,-1.36106268800618,-0.778908839204666,-0.468115961509081,-0.394924976066708,1.39542717492931,-1.07397251482809,0.425722119858053,-0.0469140944605619,0.666923918528523,0.938532227934401,1.09372211998267,0.625029539481361,0.0137680843597947,0.568321900620551,-2.11887524245644,0.227650306834842,0.796893610478859,-1.84331337817629,-0.482584886245153,0.156462150704716,1.03677324286711,0.0364621627216193,-1.39740826596028,-0.271660668545761,0.0318247613516739,0.0869549447907225,-0.0447510161548793,111.46
147014.0,-0.839979168763751,-0.452489179537213,1.3798775535781,-1.50190781842291,-0.0994673008746081,1.57674566487684,-1.03611641404101,0.804850045321977,-0.391266398915782,-0.160526955634668,-0.465039411026884,0.402807247995667,1.36979426268666,-0.514553397791605,1.87173617632236,-1.54897643846301,0.0582466900634228,0.657877260537209,-2.71929690519259,-0.551306471869814,0.0455563525326263,0.674179180825057,-0.0054511439369539,-0.365349029158337,-0.446562191695219,-0.265593349400856,-0.261618705267021,-0.318686771696916,32.56
25990.0,0.406096162604657,0.110035836310758,1.09682783084871,3.61625054991762,-0.723190428318291,1.41275645551888,0.0585621888549602,0.42205145304154,-0.952548263536637,1.30871709900679,0.0333943462428978,-0.216689160179933,0.174916417394471,-0.160612478783809,0.129737583095673,1.96865407806105,-1.52460537279629,1.48041336972095,-0.941312390406903,0.333488013271563,0.460249907356897,0.911676912106258,0.659458457477378,-0.564769813590419,-0.995980713981428,0.0087252955620699,-0.0600466233744144,-0.102104914493111,209.05
137916.0,0.154180353926934,0.702657044438039,-0.234973128622676,-1.00632277942039,0.844259697738631,-0.713139421356805,1.68136849950678,-0.623110246742359,0.139087975661864,-0.530238095673865,-1.38333848149807,0.052862499887481,0.426367359443626,-0.0717474092836966,-0.308639632056882,-0.367689299672364,-0.714279696567585,-0.433808969032936,0.336223879490297,-0.0824734299788017,-0.143577976588346,-0.144193513747284,-0.168587499847691,-0.633568279994011,-0.146584236155492,-0.154654728822053,-0.248651663025306,-0.213053252750612,66.0
126427.0,-0.702179570371099,0.982040065316797,0.723349062838636,-0.0494626747426166,0.432001470916179,-0.0805443456506639,0.327953376165691,0.390498162465854,-0.403725600618758,-0.997999606940959,-1.11252769759283,0.822914074425541,1.32665563826833,0.168489135635582,0.367305191594343,-0.424884170305578,0.0002590859190592,-0.397667450499943,1.43049020394219,0.0862143591663747,-0.35204618123274,-1.10693000593984,0.0831157591173529,0.445662805660633,-0.313430438981483,-0.673688303775353,0.0360107135883138,0.0604284612627717,12.99
54883.0,-1.58815136051174,1.63255267210888,0.702978476190151,-0.106199825549785,-0.608085197599643,-0.708602479183862,-0.0920922076550292,0.868387542690209,-0.814349444305007,-0.186820946993999,1.13936157099286,1.29033102790575,0.684001487473129,0.741988541936721,0.0374122995133705,0.588541489939098,-0.361814482973235,0.122910080301244,0.27164534849891,0.0106633483057494,-0.11070457079241,-0.474390856382012,0.141280542036619,0.321839960145731,-0.0989178224747406,0.0517168804209319,0.0066322843833224,0.0295905030823946,9.99
60197.0,1.32527458675366,0.30306997458444,-0.107384929543487,0.46889596292512,0.0680888300930613,-0.52724383183076,0.0400659437880307,-0.120375727101468,0.155563045543713,-0.270051668021632,-0.997216172793304,-0.28371205762097,0.0222481209158258,-0.271475909029809,1.20577369874678,0.778815486671685,-0.336511466024511,0.0629364092339866,0.169796635636242,-0.0742654493910529,-0.355963901598955,-1.03884320812274,0.0143862887882832,-0.636381235550381,0.333072201676271,0.15585977747075,-0.0266915446360013,0.0200993060232606,1.29
153335.0,1.64861197943598,-0.866785760334489,-1.99863931737409,0.209803119590473,0.233648092519718,-0.662034164776596,0.600003486253068,-0.470532717327478,0.286081510397971,0.019047455249194,-1.41921012896469,0.410969477206221,1.40387041938487,0.201228369297,0.613996918102093,0.321106662184311,-0.903709677435927,-0.0333854363280661,0.0691120744367603,0.436924558831852,0.314295175531124,0.490534274796072,-0.326662376397822,-0.883618915658101,0.13589055935324,0.817516128335366,-0.134031327639437,-0.0324452101442599,269.0
53986.0,-0.54434738028487,1.2781397444805,1.01453893846187,1.10104324289478,-0.127403677809115,-0.398838541785669,0.234981923240971,0.391845152777455,-0.742480943989532,-0.323556624212572,-1.19528590933043,-0.55926419838409,-0.533085104754334,0.739893733323305,1.35846778507023,0.0255166321974584,-0.0934919885634193,0.417161786263506,0.883616251755387,-0.0961620234023649,0.0633521793777877,0.0513279873973514,-0.127524982074651,-0.146873199481843,-0.226955245416258,-0.317254431571128,0.0395490788243043,0.0809880209628824,5.0
11062.0,-1.47894891719878,1.1057894026732,1.05816033967028,-1.64841813989618,0.716507155163394,0.0565703397933883,0.681264598454937,-0.211951683103875,1.75536969749033,0.298594097377434,1.30710606344756,-1.81119267556908,2.8458424305088,0.816152197645896,-0.835111637358887,0.985225460390497,-0.898930815799569,0.646114454420471,-0.155863632421727,0.429524674207758,-0.433155648605189,-0.452194220143641,-0.160355326295003,-1.03567158776316,-0.0245607049649188,0.724299072437533,0.272167967685616,0.175313948569967,28.0
43933.0,-0.814711269812899,0.416408378734226,0.817174106615593,-0.849509772811584,1.39155111521693,1.38711329976727,0.827606207300358,0.462059511697307,-0.562843971725998,-0.972409550365517,-0.389741836744775,-0.338093645658388,-0.602488375570158,0.436203816883955,1.46828107939042,-0.79788379167752,0.436526657626537,-2.00310165256911,-1.84687227444457,-0.0836419604167879,0.0743838966660204,0.119069746147387,-0.126661410866266,-1.78811455090997,0.433350719119308,0.577161850456657,-0.0706753725796566,-0.0602353306221876,68.98
77249.0,1.14300830396936,-0.442727617991427,-0.0786324455551228,-0.46823157050858,0.206027003908136,1.13141383180246,-0.379408640986704,0.388699552102827,-1.54385952144399,0.729983065712148,2.21802895324152,1.05323391224451,0.178513783441001,0.660869698069776,0.972025145785354,-2.57946212111188,0.97066223740919,-0.982337274874748,-1.91860050370691,-0.608102214244674,-0.543924214534634,-1.04143414606423,0.310247658869623,-1.06819900002717,-0.133654034023253,0.280156490547257,0.0249791549484998,-0.0098867468823724,19.9
145686.0,-1.45585080347346,-0.890312253113855,1.67256606313661,-0.939802423205249,0.864051287305598,0.323798426297186,-0.172358839813372,0.469080845678195,0.476850997784931,-1.11694791120585,0.107784361217957,0.721952412821473,0.112426574036336,-0.240875690005695,-0.59596564004332,0.774992538057436,-1.2257169219859,0.924093969018978,-0.463740925799775,0.38992627013509,0.262587000805848,0.28796552647723,0.236883281794774,0.187519737085693,-0.0053850932820196,-0.524092372005724,0.0684588034585439,0.161713953939045,128.0
94051.0,-1.4034274180174,1.98410646418311,-0.699017340877272,-0.157717081423628,0.591944901845423,-0.766202801569489,0.605780946611251,-2.1955846153738,1.67386066778848,-0.476334066057369,0.51860236507405,-2.54266659561231,1.906639991116,0.285759856543153,0.0043991034331952,-0.107191385254078,1.35395620626866,0.897057426946142,-0.389185165309895,-0.536782766912058,1.71273057899399,0.390696492585818,-0.0998103832733086,-0.221778275554944,-0.482175210226952,-0.238731202519849,-0.264185220777508,0.39405672135106,56.0
118884.0,1.69499030714127,-1.38596264508021,-1.74019583280218,-0.527174309682116,0.121256166549522,0.992407958284069,-0.396704262125062,0.200084056779662,-0.48991373410247,0.751988860062516,0.671260648129059,0.589806279121617,0.0105022115600443,0.550596226758846,0.526214493105988,-2.25377796909212,0.194750449993946,0.778560382761797,-1.5686620702118,-0.366427122977863,0.145511952711748,0.755750295209732,-0.132974831104433,-1.62016330666333,-0.0177370457856189,0.0750872831882222,0.0224204081681042,-0.0503235595084237,185.0
146663.0,2.16457219431944,0.0031206327739546,-2.50557045574924,-0.0554807543133575,1.19740818183612,-0.243135100314679,0.517497396724144,-0.238010714474052,-0.0059018756117762,0.34101777906771,-0.149127042908512,0.443272489888145,-0.206899026563358,0.741973340222057,-0.897483570868259,-0.105794750347962,-0.742356810953189,0.124426755620461,0.835082660690432,-0.184372078935993,0.0710106214812564,0.340832521388653,-0.137115731973328,-0.272315601823232,0.504078367016142,0.727218583891681,-0.124226846109437,-0.0996833092050322,0.76
121363.0,2.0634532089265,0.0030707071207701,-1.62152183018924,0.0143889545654529,0.640002500940217,-0.249409258103031,0.155028264981912,-0.175327895103907,0.175996719127945,0.133856283011489,0.828104941578584,1.43923981895267,1.25463904033336,0.413814507475527,0.0363175497168159,0.0271419489664427,-0.955107990870622,0.382848692755893,0.161943192598136,-0.117867582136312,0.280961220659544,0.966468394980068,-0.0415944219135532,0.288920655010904,0.342333472046241,-0.132883735159525,-0.0183395360064867,-0.0642482126757398,2.69
59973.0,-0.855738020897362,1.05667043305772,1.40421411964625,-1.3899876575928,-0.381577753182025,-0.91026047015931,0.433373723417243,0.094835876209776,0.161285380731209,0.11509620297624,1.52113375571098,0.935723255359646,0.196153820272748,-0.0770513176542584,-0.20577732725721,0.728876829120751,-0.905133102976297,-0.0154636049802812,-0.611164076885852,0.288307703387641,-0.0977370650673307,-0.126215377229421,0.0020799180682878,0.576971032126405,-0.199284615811405,0.700671905383185,0.38548122775366,0.178988649203914,0.77
163867.0,-0.0481553713289394,0.955504896331126,-0.864945316352445,-1.21502064905401,1.25162874128533,-1.2773175052257,1.52556412431826,-0.278039087004285,-0.473676450017977,-0.271650776149193,0.263325197132594,-0.112299894224892,-1.34739880631629,1.10637020989981,-0.73655847524319,-0.309405248497343,-0.730887830558735,0.366441055179642,0.308717989729795,-0.121085617498754,0.26106316755399,0.8806043835543,-0.298447105297377,-0.380666756126111,-0.322579767513901,0.0964114547932835,0.384236088131179,0.252823096864184,0.79
77785.0,1.12671058721424,-0.724405959937103,0.612661833655898,-0.76086662205375,-1.1945748583651,-0.536064211874042,-0.596242613845175,0.0626008021057198,2.07564484436991,-1.07586860831416,-1.12398726869169,-0.15912992506379,-1.32010514444837,0.100388769967528,1.48508656807139,-0.207833368872935,-0.252103222424117,0.5654291304236,0.711779234907751,-0.0375488428484007,0.0035523484655539,0.0195199466114893,-0.157560471402289,-0.135114187593064,0.493147812209548,-0.644959684529825,0.0706444658830617,0.0411906926200739,79.89
158830.0,2.07931757901871,0.0140418699712991,-1.38431139410724,0.314223380243233,0.348527393220836,-0.755402401101804,0.323185621416805,-0.366014794162207,0.656974707478401,-0.163586629094761,-1.22096515049015,1.0623085458352,1.42522973558079,-0.0161501063411436,-0.163663212540941,-0.328236390189028,-0.543919979372646,-0.632424182460792,0.490362529689585,-0.133919492302791,-0.268003073675605,-0.519050094357394,0.154484152527007,-0.64203005177395,0.0795566358085316,-0.504211742890753,-0.0034012001260463,-0.0539249643189605,11.34
136374.0,-0.0135541412852537,0.810457882809544,-0.408099331390981,-0.377865920256299,0.523203218235884,-1.219423547916,1.51423395628425,-0.393033180125764,-0.276317757535558,-1.26860265111722,-0.430866548894509,0.138704565090763,0.7518968404287,-1.00438836403032,0.368044889970715,0.211861847536136,0.219221316420067,0.578621936184284,-0.653917888998412,0.109932046600197,0.340184746428525,0.945215828876079,-0.066942636476975,-0.0373392178574479,0.0699814234134398,-0.183547471526416,0.0419311331143612,0.0732585972024655,105.9
72473.0,1.16839377518388,-1.04295308907959,-0.173141105551895,-1.17034180535307,-0.849978921255316,-0.377716799359454,-0.369729326567625,-0.074572280199817,-0.937045258646106,0.701971499303088,0.461592805412203,-0.0045524058652482,-0.217598275061351,0.427354972806039,0.423329730920455,-0.760960157722031,-0.500652377779988,1.49999385949776,0.0386660940398578,-0.184676560575071,-0.533503532641639,-1.46057172368218,-0.0166460659649476,-0.497045753979913,-0.0075226456016598,1.13037101463331,-0.11778784045165,0.0094606094276254,143.0
146982.0,-0.540729452989444,1.29706759151254,-0.780714454024399,0.0943150841933103,2.69518130974306,-1.10581007921041,1.82599660923418,-0.518215913918669,-0.640738123850579,-1.5239552618592,-1.30762044912951,-0.661068944217808,0.171823604916726,-2.41699159761755,-0.978191414702336,0.461198296188502,0.924182767292247,0.844521741761974,-0.744695946016694,0.0264304049797028,-0.11463910087392,-0.0936827646502267,-0.626216798431927,-1.19672392066193,0.780996635949357,-0.548607342046357,-0.0572714463886992,-0.0563756876692373,2.0
80975.0,-1.71892918535135,0.39378217397029,0.410503719438643,0.913767614710621,0.777750868043965,-0.691755203706571,0.361901480802843,-0.0106664041639105,-0.178123970377628,0.377390693417293,-1.27992507469647,-0.334670292073077,0.179986173744275,0.26837503279965,1.19856248790064,-0.008670407459437,-0.465681715002747,0.356313175595382,0.783641614515327,-0.207749671215341,-0.0169386267479334,0.323615772390692,-0.184359268113687,-0.428877059757443,-0.0840130870569085,-0.314355674411326,-0.137164298264192,-0.106638190596211,21.24
120223.0,2.06519373814377,-1.25665856527814,-1.22656919501723,-0.918417582002919,-0.894795604785776,-0.583654794477681,-0.802281957057545,0.0403302603198538,0.0121956310174324,1.00442375658009,0.104961030087956,-1.49267543705305,-2.87082927767329,0.554090321754485,-0.385124439121145,1.23616586001756,0.111570603721386,-0.54946617327157,0.979605357991718,-0.107686769695065,0.277496752057641,0.583281650785605,0.0396418941818764,-0.507049134804649,-0.102975536487998,-0.0841228923024418,-0.0495450697884492,-0.0700181374979141,67.19
136631.0,0.0354178213682595,0.842910829104539,0.257181565716819,-0.606545477576759,0.458600094762712,-0.997778467796353,1.00137174133043,-0.174342221686793,-0.0321518825682568,-0.419841327984013,-0.950516438172063,0.0984959599459104,-0.0469366987168872,0.127192129610991,-0.343322426945066,-0.127602882807023,-0.374268560674226,-0.805153592118345,-0.129501020218047,-0.0406916450378737,-0.258357938175816,-0.566332558448889,0.0751780545806668,-0.0928441768677589,-0.495980906043185,0.147916809248111,0.24883142686362,0.096212000857736,5.99
77027.0,1.02194930741495,-0.575669948421529,1.04792608553976,0.2525068333702,-1.00027744134175,0.134559852649309,-0.563469386608845,0.118150653856795,1.04632855585513,-0.560010488301955,-0.406445641205987,1.17879893391339,0.935803585835631,-0.702438828030909,-0.147503606239516,-0.448137830296979,0.370073366870632,-1.19138609132159,0.0763766463345279,0.107616207705222,-0.149023833160236,-0.259199073078513,0.0313404789671829,0.19131972534548,0.0683209877333293,0.960479692509631,-0.0253023846347078,0.0263412271403126,84.64
57823.0,-0.67283774192444,-0.0334535808386369,1.26849868986299,-2.0104918760094,0.367184087468827,-0.431369818677727,0.523961064891353,-0.0212942100948684,-1.40476423730991,0.498603746622932,1.0892312778111,-0.998504037767901,-1.5450189850586,0.188789131478105,-0.350662850194496,1.06260103180705,0.0067532428878209,-1.50818004035156,0.293474972129825,0.265763397654338,-0.146894491641768,-0.526186121743741,-0.0028854101791064,-0.386467984238835,-0.0689999104949444,-0.656417018367478,0.115780663945272,-0.0768296432335915,34.0
163244.0,0.136222075470379,0.975784819976312,-0.434828680326634,-0.549374792286817,0.895323713357797,-0.747930300777711,0.922777114690157,-0.0472018785123721,0.0498087729622902,-0.825398672092423,-0.779853942046073,-0.45177615633771,-0.635090032101685,-0.885210644468962,-0.118685812426901,0.313343556178419,0.447078500969321,-0.214259232361049,-0.284216504464235,-0.0234696816235415,-0.344289227815477,-0.87017542411145,0.110199847428202,0.481637706281719,-0.452591698583302,0.12148531448714,0.220627321240612,0.0822300241821446,4.99
163252.0,-0.732321798645985,1.53185120248137,-1.43813795354637,-0.243354745402791,0.246899010646573,-0.992135440568452,0.267829280183759,0.676947395669141,-0.552332433268117,-1.00325242491398,0.691463433342163,0.79605192422115,0.380839470930541,-0.230482594213822,-0.07788955720293,0.574548592607164,0.459512470406606,1.36915314822366,0.186049800314846,-0.153739474798092,0.391487342109014,1.04840087674369,-0.12611222387307,-0.401342419950109,-0.261935949011521,-0.148051848251079,0.020160195515176,0.0185913813243283,21.55
54544.0,1.05860462911839,-0.578153800264786,1.08436747001898,0.0498939162162302,-0.827569264653689,0.872233845104525,-0.933233226854724,0.507671038267256,1.01848830238213,-0.361405829964994,1.26446795389165,1.15085817956672,-0.690813154605078,-0.19102939027204,-0.435963578264009,-0.487703058683405,0.488156093822779,-0.981042391320247,0.0311116672903274,-0.142018613610855,-0.125390213594353,-0.119033588021619,0.124776148598522,-0.21433855871264,-0.063831405777348,0.984586945553054,-0.0100726248523964,-0.0017126390802142,20.0
48828.0,-4.20929007544472,-1.52392246997625,-0.207825924005583,0.888579608311368,2.21033458587316,-0.0940513358243135,0.1462379470225,-2.39964308504867,0.547223001417752,1.27520687392361,-1.18949905103258,-0.746431458836735,0.0468233330406061,-0.296263851565263,1.94066390415656,-0.0943545105954407,-0.366341482971579,-0.342956476472177,1.72237222117266,-3.2906811164904,0.506261077901525,0.0059449921397314,1.8007859874236,-1.23010816902752,0.448903572823828,0.672031363846558,0.471416212406651,-0.789369002904963,14.06
166357.0,1.38598223289607,-2.00381229359225,-1.09890709539702,-0.037203043699773,-1.31582748633095,-0.640136265381162,-0.138870667463233,-0.30764719055104,-0.233535680691943,0.65597787826867,-1.03225008775112,0.174351143761312,0.667839139264292,-0.0699559355383146,0.243369325112434,-1.34916791597359,-0.120815482800254,0.939570199832009,-1.01357415260157,0.196070259254961,-0.140429529996143,-0.636182382460288,-0.0333585525824939,-0.061241115432294,-0.539603147312217,0.505305863952438,-0.0984636302615517,0.0161674604213119,396.5
57646.0,1.31703967509149,-0.673742024811106,0.0118734445694387,-0.792741430365496,-0.684722565659771,-0.565429644385868,-0.372863545276694,-0.232893303755156,-0.845893587477103,0.581390116531741,-0.871756452793401,-0.544398246764856,0.955080511221703,-0.290242963679328,0.784476499112551,1.3698600858633,-0.103676401918863,-1.18926781488423,0.804378335536386,0.300763806742945,0.111569711644583,0.0878072076689187,-0.197194122602251,-0.423247729305894,0.554322744278285,-0.210942955164567,-0.0075525253479351,0.0237097207394717,91.0
165564.0,1.90036830520547,-0.754936912114833,-0.0292665438871814,0.455183906115234,-0.966945012802389,0.332113278411954,-1.20803041848982,0.462351100523681,1.53753414782654,0.225682082046194,0.319805602338302,-0.371759564119265,-2.63934382566611,0.372024212095885,0.193942839121878,0.823325707124174,-0.638984215282017,0.778425194671777,-0.0833708435188382,-0.326137204182723,0.0343831846855078,0.0749675114038588,0.371244653680028,0.640507027217298,-0.647078424031764,0.133690324212718,-0.0129045440979123,-0.042022848166167,15.0
148397.0,-5.72445809169892,-12.5377605872392,-6.83328083867968,4.56198239850232,-3.12908087626247,0.0619816440038628,6.33068164930139,-1.53220187818398,-0.610652930030661,-1.46310866459293,-0.699007121371512,-0.272110986578819,-0.832276140081794,2.08425531757673,0.364704739122398,-0.407331406548663,0.136919805027673,0.340245635072801,-1.76449796111172,7.84857458312493,2.75900902143435,-1.11886602979561,-3.68195762645224,1.30966633331034,-0.687769718373548,-0.674832856718703,-0.826228173900077,0.631795427465927,4041.2
146972.0,0.12143380117645,0.373791670509196,-0.368068622589441,-1.24567506311606,0.488474479851006,-1.41999861715827,1.14054432602672,-0.569788270058581,-2.05450900998914,0.434169612088698,-0.563792145120452,-0.754718298249833,0.616035360752607,0.264600182011323,0.106226614111316,-0.120900328811104,0.705309660672184,-1.55633860318879,1.58154495733121,0.271066987049217,0.495625645196418,1.40023900696229,-0.271936360516006,0.0787532709736762,-0.0241298994821716,0.177067753217767,0.126474347203315,0.166505201062713,39.8
167222.0,-0.121675931838667,0.957629802359203,0.275163406991873,-0.608622194710132,0.55684624485733,-1.02156180102532,1.07032236350832,-0.28911680612788,-0.162207254456518,-0.344639248338616,-0.657363236407259,0.813141030041686,1.24547145639993,-0.164690952816923,-0.480717317292872,-0.21978021693457,-0.431091146860926,-0.994766944542761,-0.15691189809074,0.011352205621825,-0.226456053406743,-0.442788101126363,0.113222232432754,0.0120984283355461,-0.462858700674303,0.128311457537606,0.129156604947708,0.092168417527065,4.49
155608.0,1.9850559101611,0.0574453763290086,-0.900281826722913,1.48820219537297,-0.0188880192701231,-0.752019039282995,0.168543775150806,-0.290786785327758,0.605119337319851,0.140294817062309,-1.04305925595449,0.904312388336433,0.745238110829614,-0.0934380125192368,-0.784987156479555,-0.540757326461749,-0.252857496987627,-0.419074598946161,-0.228151201923972,-0.225347246673022,0.117850216609087,0.686281232204296,3.27433404724298e-05,0.0857742745178564,0.353386624110882,-0.46755693161338,0.0273784025011335,-0.0475132805030665,9.99
52868.0,1.04883328181727,-0.466689561915731,1.27925037527575,1.00417164037504,-1.4731456398617,-0.514304923656544,-0.671442414769318,0.144976168621516,1.18728214002912,-0.211384275267936,-0.761618315519058,-0.452119069253815,-1.88804179392909,0.000407826157878,0.389943980316871,0.163644443745952,0.0535160703892076,-0.0993399398481046,-0.168473177125345,-0.117658483532881,-0.0580605674125804,-0.19423065378604,0.045141079827086,0.711475813667782,0.126610834263304,0.296522949593628,-0.0056063396399078,0.0363539093761261,64.99
115887.0,2.12662357231345,-0.115384079258356,-1.51358719571383,0.166590914201697,0.364242426556561,-0.538076488262144,0.122010869221383,-0.220310882256879,0.669765308196981,0.077492458360612,-1.69356380291308,-0.0908960602422131,-0.13887218685094,0.294390981999467,0.206056125704172,0.159931052973377,-0.590936593929621,-0.569542199958006,0.471885280100555,-0.220847355701688,-0.356601038303416,-0.899965417878881,0.221774123315053,-1.0736681389514,-0.186550872100144,0.26733602317811,-0.0714699634137142,-0.0719178656258053,1.98
273.0,0.216726737744709,0.710626489349415,1.22487593656241,1.13940533721884,-0.376350605735395,-0.253985540355368,-0.0345570283318432,-0.812548331399496,-0.26026113721893,-0.128467595106381,0.0536794746112365,0.0208509044463727,-0.626932857059245,0.605768303969205,1.56884839099819,-0.434883232637864,0.233917133570203,-0.534323372350957,-0.288381350914456,-0.214411701453518,0.773475780090364,-0.233609144685955,-0.0453663708549951,0.368535477983635,0.675417971685889,-0.286280940943359,0.196729840589537,0.226031238690969,18.0
39393.0,-0.336395125214481,1.13973240836755,0.571481727709861,0.819811707101349,-0.0797979799740529,-0.285246758373381,0.37263096515049,0.38996558737358,-1.02537325248422,-0.235473219997821,0.852630687276034,0.931598468122748,0.602658853583918,0.699086511467471,0.246841373471183,0.123987726285202,-0.442597417429799,0.666983365240166,0.745751539540738,-0.027241082426598,0.225082071526354,0.514528019746485,-0.0549089767188975,0.0250050564985976,-0.0919236063357961,-0.327624292613894,-0.053439629230443,-0.0287085450784254,35.0
105549.0,-0.178800468113842,0.0959141743184298,-0.0125129833181974,-2.69336211154757,1.22948179651549,-0.481893437881182,0.470834631610158,-0.0730204093300288,1.94098351216019,-1.76114216282748,1.30478415314711,-1.53045098895334,2.00301536350124,1.89033850262996,-0.35696990024197,0.0191202095191092,-0.364509612128546,0.699627069327055,1.12351332607278,0.0181209479674676,-0.391644002374806,-1.03161360481137,0.304410924395061,-0.2614691109978,-1.18907486815603,-0.985691825518759,0.184651876175136,0.23504775251711,22.69
132340.0,1.90338019834742,0.48734807207911,-0.783302703867033,3.62221142194418,0.838806257131331,0.853789135512086,0.0511134552110706,0.0870846195394196,-1.06153753560565,1.50739795006054,0.0518257548905048,1.04480887489579,1.07850459931536,-0.0861011739366454,-2.29068549931106,0.72378169672268,-0.987014744548664,-0.0197470376058543,-0.909492940024043,-0.178201028980761,0.111252294209102,0.487979133395497,0.0435211617987686,0.378460551847159,0.211992093557546,0.062838175197964,-0.0280877230036275,-0.0548168796809648,7.56
56053.0,1.3285521363072,-0.450993981594024,0.239342911917557,0.215969854039619,-0.318904786394535,0.697523659165479,-0.745293496046816,0.14523751893504,-0.670102668257885,0.800025760760167,-1.74212094763944,-0.606184247920023,0.467181811148615,-0.0516092835176484,1.42856143310595,-0.946409903773477,-0.571941285836509,1.60445706785418,-1.23801319182383,-0.487830279841509,-0.256866857028314,-0.228791596393463,-0.175446926331634,-1.35603940543408,0.539615657354447,-0.135538401362352,0.0780717084619439,0.0215803707153354,27.0
71189.0,-0.342349708732704,1.21345415154263,1.3172717707268,0.0519026404528949,0.128683006549771,-0.954291467973714,0.796276298359869,-0.140394325898788,-0.573194447928939,-0.54715179183515,-0.0109671545799401,0.544249535663933,1.29040911567661,-0.662472986610523,0.765219072725597,0.327587979431484,-0.0584103869191682,-0.282221420701493,-0.0995385585192853,0.191598947150361,-0.249516255501902,-0.593146976968032,-0.0259116887205435,0.366211296688055,-0.120496387155032,0.0678827126767154,0.252878196388225,0.100904100340348,4.49
96423.0,-0.824557906347418,-0.578508704754226,1.7073116235691,-1.95123357633994,-0.672483042714472,-0.563182387214293,0.511094452427606,-0.31272802801389,0.7469482057025,-0.35894439754248,0.0099324790206795,-3.69622173652439,1.51549012704963,0.6666897415618,-0.780292791156957,1.46909781871141,0.350045268002078,-0.517812030489022,-0.61236023408819,0.59983705419821,0.319921285705022,1.00893739190216,0.0957262422577943,-0.0131063063648765,0.126896169897555,-0.197265932536696,0.0915482947550403,-0.0279759673339467,181.0
65961.0,0.66943360487865,-2.28909975030722,1.18292679362382,-0.552995106713919,-1.51744553200723,2.80176744742525,-1.90126815453581,1.06985532362849,0.915927879502675,0.126462466861929,0.51912998336995,0.386410966151529,-1.86971478061082,-0.624526142519527,-0.953084152935667,-2.77708300914012,1.73676953761689,-0.344725376799141,-1.2272949705083,-0.30169241734034,-0.245538673354264,-0.19658778446767,-0.0194218523833432,-1.27905571052267,-0.370859643509957,1.62423758328693,0.0180770906326154,0.0204560819551209,217.2
54479.0,-1.54287333982214,-4.75230106136866,0.0857661881680087,2.83948003262429,-2.54100336564335,1.17705380277735,0.815670818358843,-0.0139699408582594,1.56789643756463,-1.02389145503066,-1.78706075291945,0.642497469851489,-0.055917512186547,-0.751286046886596,-1.40123777983908,-0.245291774347971,0.244374355216776,0.159796798994484,-0.107253049224396,2.63620657743826,0.71964158911339,-0.556416376615475,-1.3434227417252,0.143538701832149,0.0913034996620685,-0.366592309370301,-0.154589122903902,0.274231638818064,1386.0
130016.0,1.89663738858066,-0.683258458651385,-0.80487171380817,-0.0435243621028102,0.356021283132577,1.92422606529449,-1.07698126841235,0.67172839602657,1.1096060451702,0.0706008326484053,0.582431650710038,0.62727024607845,-0.58567962593691,0.129019661780279,0.547059026275445,-0.146761446868161,-0.121828073950717,-0.500958445498788,-0.767581166434348,-0.288270248403505,0.262962580920955,1.00860672784378,0.170667703339507,-0.900228128402068,-0.377436931976768,0.698122639938525,0.0142950624914399,-0.0727197648709289,1.2
61620.0,0.356940923013203,-1.21991042278029,0.662039147092463,1.23792794188048,-0.203811901126905,2.40273511743182,-0.572166738423575,0.738502065803111,0.386834081177344,-0.254529186930716,1.69541764531438,1.43295616475231,0.303309489086856,0.0553808688544169,1.00600085309795,-0.660016920663411,0.406093049094447,-1.10709804786835,-1.72313787726176,0.403175670819361,0.465374387868917,0.935951044480738,-0.293168094392245,-1.31107047615453,0.0992587675455052,-0.144543803891916,0.0776915827769499,0.0625150598278195,318.0
156158.0,-0.934291209430538,0.655937491711344,0.479586634485065,-0.612407371976083,-0.0874521363517144,-0.150077065922373,-0.121761964329743,0.403177680936794,0.779873817384686,-0.750313591373185,-1.51247361195105,0.225808003252674,0.155823880394494,-0.100722470752361,-0.0384129736451892,0.22078256929302,-0.579656696373529,0.448782125344673,-0.354916389485992,-0.409115812997447,0.383852660064075,1.12679990637882,0.170136128557679,0.683607612760356,-0.830420023978212,-0.439070023407121,-0.235347393024193,0.214252418096571,9.99
55086.0,1.17846490526573,0.454435359587971,-0.395858299694429,0.723146955976917,0.135735903193242,-0.750605005792391,0.170760862514451,-0.0038108879207848,-0.32687465394468,-0.451372556089685,2.0910405368969,0.378907637669576,-0.914594827368686,-0.634079200398932,0.552688015710437,0.336595131790136,0.958081362287812,0.207072308485283,-0.464447099964446,-0.150889710166675,-0.0536828835667629,-0.136651586297977,-0.028205265936056,0.117519290193189,0.416743691775124,0.37075272603627,-0.0257779308778555,0.0235677236899261,0.76
66856.0,-0.903471677666395,0.900883516035027,3.01065511047158,2.93953070404714,0.0721565906484584,0.329828687901273,-0.0162001762375262,-0.0563511388887042,-0.787891878367676,0.975452284703457,-0.458428375161875,0.36238954706989,1.68847135367767,-0.882853490823734,0.835197441870515,-0.134738949029612,-0.106083504060274,0.21036515170875,0.771398194879259,0.418892111878326,0.0885864962495919,0.728293191600055,-0.3932389865896,0.475130115772719,0.163056911166141,0.365293344745616,0.123545827563367,-0.0654600307495739,12.17
108215.0,-2.83760535889864,-4.03704775048171,-1.7772778754965,0.510480971726373,5.36681663682626,-4.01408338613434,-0.550030104360894,-0.432723117870402,0.999756662534464,-0.642136556397636,-0.0450448622565071,-1.5330185358155,2.94399961760401,2.18183338150285,-1.52080127867194,-1.14451495140472,0.37995256101874,-0.0750266649140549,-0.328732979747079,1.36045035923543,0.863186654513254,1.33510477112905,1.22102357851827,0.764479255855014,-0.822171230185519,0.0114524967438667,0.0303472582087841,0.427908793271952,200.0
139036.0,1.82896438127529,-1.13131253034341,-2.71682503926355,-0.398747437441881,0.0413719194040138,-1.28443409564685,0.696226069990302,-0.537415456472654,-1.26066981489728,1.14522259020863,0.230019003289674,-0.182385313420189,-1.02812019379406,1.12441190787456,-0.925298088981911,-1.9263176375585,-0.105880479021344,1.36619956801776,-0.317819590219408,-0.261572206990022,0.041781170752789,0.207568342744988,-0.31500393319292,-0.27968527053895,0.403546957128576,1.00104115212908,-0.172501473821359,-0.0710577403607412,219.0
38670.0,-0.343414426188302,1.17659347018688,1.30399038232293,0.0556988419518096,0.0865214862560369,-0.961490298295719,0.765804932712886,-0.112897731620482,-0.500165965739539,-0.533598133599432,-0.0980531512778327,0.286140204008464,0.809952879838113,-0.566904132261565,0.818503766435891,0.351935670606423,-0.03296260219804,-0.221064290910641,-0.0943623892219121,0.162391742299905,-0.255023147088451,-0.633652736544888,-0.0192416447061316,0.347390463870944,-0.135774187167402,0.0698190708128246,0.249489613218483,0.0998623603066437,5.16
83013.0,1.42743431223359,-0.539346916027106,-0.218787711043159,-0.662891062089142,-0.795212997147996,-1.00935814984038,-0.278604757453907,-0.205007963208093,-0.727118971114415,0.757621001057862,-1.26439569739026,-1.34646179278394,-1.57976340222727,0.595308039329288,0.952041011966554,-1.22431055702978,-0.0172865447051773,1.11942182992719,-0.473417543427898,-0.566196788070766,-0.49189667222084,-1.05010171232437,0.0009238564279044,-0.140842118639894,0.312837183594125,1.04684207330904,-0.0914491742690094,-0.0060023810997892,19.94
153842.0,-4.08003605945517,1.07428921707191,0.580969371715534,-1.03812633140678,0.692448604327738,5.72164140795566,-1.4172228990991,0.434091262296421,2.86425809421816,4.48347657856444,-0.844847375829648,-0.0717392987850616,-0.0639776162136947,-2.66431747668945,-0.592652920588335,-2.67313132981631,0.202190427456898,1.40370629050735,-0.230137784258042,0.945057702134125,-0.216775946424045,-0.255471031036093,-0.554619732862116,0.6778860855549,0.957421142779184,-0.241654417851305,0.425901697563369,-0.329967715064424,50.0
75263.0,-2.7789003475462,2.42916952441851,0.130465547891843,-2.098345638337,0.0371221717632393,-0.454429066206753,0.589639253716482,-0.0638593271083537,1.3747081019839,2.28214707397528,0.656153476761363,0.448644366420569,0.122230661110942,-0.519263515669904,-0.12170619466332,0.667561865748802,-1.29106515923629,0.186561529592661,-0.232097096133824,0.898636318793674,-0.151106695338853,-0.289605282475133,-0.0819391185498254,-0.512068688581212,0.0987746183605686,0.752007862170059,0.148766915330066,0.589323956079497,0.77
50749.0,1.06260075326201,-0.134864847750023,-0.328408274043432,1.02769054403212,0.206994793335454,-0.0259367363573328,0.281433129497936,-0.141687141841771,0.076793838867013,0.0047740284499395,-1.68107859678371,-0.325681281132118,0.238320550930375,0.289541421728531,1.06483430361491,0.579581275212042,-0.973481729024356,0.424540708654139,0.0086322368115757,0.183821321923405,0.0620464534148914,-0.0845051498377592,-0.404259262987298,-0.995184741077972,0.806952526397951,-0.208898515058543,-0.0104786529253069,0.0320990217667147,144.0
99159.0,1.94177538027891,1.19085769144085,-1.91165174984182,4.0251488533364,1.52609599978954,0.15245690158662,0.210495422172943,-0.0121577300949877,0.107301021461266,0.127290725000365,1.2362136542092,-3.16377530250637,0.932465272983856,-0.808366082098009,-1.89436364177965,2.17597495523836,1.54164260120662,1.58906485474345,-1.24454841552444,-0.260013455423459,-0.602950020868623,-1.51397429954315,0.187627028803851,-1.49584592679887,-0.185812790106231,-0.330234822285899,-0.0392476916248583,-0.0112213780566387,4.0
127655.0,0.121997338906304,0.581685961896228,0.121916903528889,-0.553438505162683,1.1052262028685,-0.597985128569076,1.4358773736021,-0.918865667076231,0.770306144399852,0.783328200069763,-1.36073325888833,-0.650456931533018,-0.383889824811561,-0.534875260633172,0.0625005219020911,-0.303696918531414,-0.836389105933544,-0.488427085550964,0.685955582172976,0.0783826321028596,-0.418364388192013,-0.529397699050978,0.0892816852308274,-0.732312280357545,-0.853955052022589,0.091467282773341,-0.558996150247519,-0.579540554479446,5.85
61739.0,1.2296498556981,0.142890874974663,-0.045489052545127,1.06010086928045,0.281451584583295,0.345572423584659,0.0278876207435958,0.0677156619333516,0.118909115884566,0.0867211037659708,-0.109181584903639,0.730398290240163,-0.0229254579913004,0.172613086058074,-0.956154946336946,0.109111518317207,-0.687957464796618,0.353090576166443,0.717710416842173,-0.0931339642284124,-0.149394810476104,-0.280930478754704,-0.255926195656884,-0.817483024467486,0.85734813628132,-0.288400660747677,0.0161080209118353,-0.0010554182711872,17.5
84859.0,1.26600073041607,-1.17016938339076,0.128418853697058,-1.32895551024344,-1.40124467804363,-1.00816607299726,-0.493123974627942,-0.255189063467068,-2.44748040677246,1.55106066716426,1.55507749786658,0.0827199308400966,0.550653231738782,0.095838842614637,-0.364926685919411,-0.428280660234679,0.434305146173102,-0.153547544482014,0.210057377334182,-0.0932306601256442,-0.432379397152732,-1.19669869243402,0.124061419358492,0.472383930480751,0.141861875024516,-0.57390077961999,-0.0132041534877451,0.031153350147627,125.0
11052.0,-2.06352890910421,0.54861687691754,3.16765785519864,-0.492202287608759,-1.08486989434744,1.08292919137932,-0.787385936612425,0.661980228777089,3.18887378196894,-0.266936812283545,1.63961816704309,-1.08567746165871,1.57203980348086,-0.192286960806767,-3.02632240982932,-0.477783646676243,0.962475268194802,-0.0292812059385523,-0.430807467546577,0.386131990392017,-0.195449517645705,0.697604315176571,-0.390712608742959,0.292555312021377,0.332360668837409,1.11520455951734,0.146398407362965,-0.19352658653135,21.0
76020.0,1.14853540999489,-0.305434604386351,0.686062796711345,0.799257369406512,-0.570050203468075,0.332490589261207,-0.474511158159741,0.187852976869852,1.07494939186986,-0.359032276898706,-1.16301954994206,0.306092874705537,-0.555156464231025,-0.376850242675574,-0.559714475628046,-0.643703200199535,0.434453901500215,-0.90665402099045,0.136022024717283,-0.139957870380035,-0.13601107911561,-0.0828663019967471,-0.0869605753723925,-0.215612559330008,0.465012718153437,0.579234171787856,0.0045091364755631,0.0083043527122711,24.75
82221.0,-1.11312730008013,1.68926846343595,-0.716015317257564,-0.56745221525448,0.750176522402012,-0.45839526302338,0.251324353389229,0.803640956671892,-1.08755333727553,-1.40103659297238,0.108571927570711,0.32756456949678,0.297623252595658,-0.502994085046475,-0.405573199400734,1.46949373753837,0.122754868944606,1.19409304120303,-0.135523137982221,-0.289720588306525,-0.0008372360532152,-0.370605311020176,-0.346318865893473,-1.12685821441397,0.385116988932952,0.263488616540212,-0.402483373432583,-0.130638602888058,0.76
97022.0,-0.122606056241532,1.07417506233598,-0.793450405450632,-0.932198329118452,1.60791959838847,-1.1746895441839,1.61387952054494,-0.501897084531371,0.765913459839437,-0.893968362356404,0.0821355743374366,-2.2929217224212,2.14217203955697,2.00198447580733,-0.891798345238958,-0.722905693610809,0.27676475496635,-0.199922255316862,-0.359889864373625,0.0336356651468324,0.118858308776699,0.735669503963926,-0.144351799091878,0.612004482687887,-0.271957163962035,0.0232389899074737,0.359534565925675,0.273209043025592,25.81
54631.0,-2.47965058448147,3.22966844423829,-1.40858463122662,0.51623404724614,-0.731026137112333,-1.41076787552931,0.165559644541894,0.718466806677894,0.920980075512402,2.54294470418734,-0.713985887611254,0.098824642457895,-0.412089732763064,0.595105453541568,0.771510479377247,-0.484546976451533,0.141555222281626,-0.126951524427631,0.102020124051265,0.968429756001942,-0.0489181544697593,0.351085652400441,0.248818520951761,0.347784942369221,-0.214992401616803,-0.368270655200938,1.12688344031672,0.650587775874282,0.99
46839.0,0.585632670387698,-0.951677424872218,-0.626948725042471,0.396016483146764,-0.504591489081601,-1.26102213554905,0.991697820222633,-0.537632925940883,-0.303618147627323,-0.280769256631428,-0.107996131399237,0.565660397303348,0.819449092687522,0.418693767870247,0.726500026724653,-0.0767322224404084,-0.189167727684573,-0.703850507333609,-0.007775517789293,0.747625991695483,0.191610862236548,-0.255134071144992,-0.430428961265536,0.520263140881793,0.435371041609423,1.02688840816146,-0.180984755458848,0.0590760958676214,389.0
141001.0,-0.338691420022435,1.12243557044537,-0.472355991522837,-0.541530715440875,1.43478303422802,-0.71040718261323,1.93773721267893,-0.393216132753658,-0.376815044880611,-0.72525986005121,-1.94138367688376,-0.103929222176662,-0.105450163497368,0.255088262603619,-1.69482277357054,-0.120649333251712,-0.977972205467185,-0.436243993576887,-1.29901501298242,-0.385778495170132,0.149814820280824,0.525711232831902,-0.323495870022153,-0.715977568420783,0.0150260578381911,-0.787392870896807,0.0551455401199665,0.183130797997957,49.64
40207.0,1.23000612889799,-0.892597198848429,1.43536935719464,-0.662336548921927,-1.822212801238,-0.305104943023215,-1.35330067851069,0.142524164254581,-0.504345281402996,0.725612414276731,1.60159362619436,0.324048803594301,0.63932776533877,-0.479330769555107,0.564242432776867,1.82733046550395,-0.245137231842063,-0.245548001181553,0.30078108020592,0.19498605595058,0.524924994421106,1.38286531500208,-0.102902280257222,0.59057193952316,0.256704931703228,-0.0771942733562104,0.0503409104149777,0.0316536030628421,44.92
140000.0,-0.495225430074037,1.1082490084607,0.44759436409335,-0.722039623592113,0.405489604365379,-1.1271441948239,1.07578174603261,-0.168431328154937,0.0845984540831676,-0.173698166406411,-1.03811033918531,-0.231986761609783,-0.623014852376018,0.206895503489216,-0.330120176465259,-0.151839459862746,-0.354834365427237,-0.65829547286249,-0.0143891366729462,0.0708975013919319,-0.268617850069698,-0.550730275191624,0.0186428740451318,0.0267399528339446,-0.577065714319742,0.139138811960626,0.461777559439061,0.292677897093561,3.93
48532.0,-0.710394328774757,1.09632372888293,1.54809562949995,-0.141572877983456,-0.220376613952951,-0.73392739878611,0.535173102611439,0.122424265513098,-0.35469104040802,0.190044417364376,1.36812200396674,0.289040780759372,-0.892654125395857,0.440659853807794,0.23763356451487,0.353396006831646,-0.532805331569235,0.158074319454074,0.202732892033457,0.170727848545014,-0.204608652650137,-0.533406806929867,0.0053491645805224,0.491490524330283,-0.228471743713186,0.0487623072726995,0.368634651176235,0.168157477809558,5.25
65511.0,-0.396424475073414,0.975749873848175,1.32941060284207,-0.138067080817806,0.0932167444252928,-0.595804077000286,0.721064675006145,-0.0183379180395452,-0.310582908425777,-0.313084577146129,-0.908699926367813,-0.416979736149135,-0.253212578459357,0.187784243891804,0.926160699416515,0.364309569216987,-0.554144829515424,-0.138691628971978,0.200711577056063,0.117539198401337,-0.257463209917328,-0.717632866219924,-0.0479820079181499,-0.145790030393135,-0.1348464764086,0.102946463912078,0.257647175838082,0.116013328040585,16.55
140699.0,1.73425310918624,-0.329344508873099,-1.96556160008222,1.07122622314544,0.752318525602833,-0.0468536053185785,0.552841218404021,-0.160120824618038,-0.113637054772732,0.393831952584532,0.400046585412363,0.754240755587256,0.0139490244370517,0.752524610876704,-0.463848481082428,0.0298484433879404,-0.852734552755453,0.314477443605209,-0.0028244272390375,0.0934641095946191,0.216263790695494,0.356512452735256,-0.147316681347661,0.138766417763024,0.339412879383979,-0.550357507031791,-0.0459359703411071,-0.0377547929962279,162.18
146525.0,2.05976963965775,0.690572801726332,-2.40107386904285,0.72985291985342,0.729028936316203,-1.69391059474426,0.471461124755585,-0.484480038021782,0.298980264502654,-1.24152148439623,0.311793849395125,0.490434219915695,1.45266212819031,-2.83126761901386,0.922195080740192,0.746291631381113,1.63337348980013,1.14082506485653,-0.652581290508034,-0.0562780980362947,0.104413502931673,0.576551828941483,-0.0831598579417831,-0.285166774955567,0.326678353317335,-0.0983371930629842,0.029393852597281,0.0094562059168617,1.0
117849.0,2.31445854117815,-0.461130836043097,-2.32050951947488,-1.07305285708016,0.310549917283044,-1.25176090072836,0.215378662357344,-0.523373776517791,-0.963847253075014,0.928885273272401,-0.880986482892204,-0.799148999196576,0.0920570529757387,0.344958478229562,-0.0061865765460323,0.546941283830121,0.223090501752728,-1.57425592603555,0.782184925191064,-0.0253371949669947,0.318857797314543,0.908683931060854,-0.066626903820979,0.536325247050224,0.510218773965992,0.0631307746876626,-0.083666503715975,-0.0777750604607648,9.0
37127.0,1.22017079834363,0.388020990979307,-0.0262233988927316,1.04827233753678,-0.0910404413669192,-1.00908239298957,0.386897597056653,-0.166357782416203,-0.405469083914864,0.242833830886252,1.35369107199265,0.456047492735253,-1.09433793520286,0.965646617433317,0.0730099027536057,-0.034585581828817,-0.433852589711589,0.177472772730867,-0.0335135072987634,-0.214081327930158,0.0565247844818796,0.13745137570273,-0.120360896550316,0.529988046411113,0.762774583901565,-0.323199794420368,-0.0177107435819925,0.0006578578833884,1.0
60797.0,-2.43463240626654,1.3708959947861,1.175103700289,1.66724673472405,-1.3331102625093,0.84228893842992,-1.19916570679228,1.72944298336844,0.148461511493691,-0.418000706322797,0.349440110545164,1.95233846057916,-0.0141447971892868,0.187864989848128,-2.12982705485061,-1.1610448764528,1.45722993890564,-0.585621668611525,1.47733664944037,-0.181866000370801,-0.213278339332584,-0.413208217227009,-0.123525598654545,0.259455549185024,-0.0538692015423842,-0.417560517043395,0.0054278399786842,-0.0772727057279756,27.5
119691.0,-1.75582032164716,1.30913496008278,0.221649161864645,4.64196796221837,0.473088787045798,0.11639722176906,0.222664413964029,0.12874822913114,-1.48827698913062,2.24719583942608,-1.30824333656107,-0.729030547644335,0.0352347724617994,0.325515875436435,0.520156344692017,-0.326013705597254,0.354456371179845,0.2010672438378,1.10257749687949,-0.569240711008784,0.283908600455989,1.4623367462037,0.387012697349819,0.0378149687328935,-0.387736132321571,0.591965866037632,-0.242616514702032,0.21762820278617,10.62
160597.0,-0.35738493142591,0.842788082807882,-1.20036468856657,-0.212142529401722,0.248431286724021,-0.651602150313808,0.802626270958985,0.260216076378037,-0.274026758889771,-0.936910248275062,0.555364437904412,-0.112928410793218,-1.02266213103976,-0.15615698097563,0.165947077855367,0.504022052170044,0.296635554196098,1.4084044543451,0.194350568253661,-0.313314498286035,0.360749387746605,0.999852259147579,0.0656094313349525,-0.561395055900305,-0.322247342730441,-0.142953214829745,-0.0804672422477309,-0.0248591979928375,100.38
73442.0,-1.19775044119329,-0.0488469053191055,1.67602538315042,-2.21809893272823,-2.20472492338341,-0.863300057477074,-0.790799793867631,0.0551288410606032,0.682667240121731,0.225870675873773,-0.253190148177038,-0.0623494671440496,0.154516118826951,-0.396226653874911,2.37787275431576,-1.81344625805273,0.223147593456836,2.05957295189671,0.206344770238782,-0.447048985952039,-0.0428854100734696,0.512712707190663,-0.0807380397496411,0.73189152240159,-0.365260566307093,0.0862996952703735,-0.57252357359477,-0.118192216597541,50.0
57156.0,-1.45978874959182,-1.02139222117276,-1.53168461076196,-1.01694085681384,-3.98079945507429,3.33802462457638,3.92090166970496,-0.105324440562539,-1.8977593621351,-0.372419883132724,-0.571354704485944,-0.788266969198209,-0.175206376560054,0.465905897122536,0.200883821679481,-1.29254637838705,0.183263689104115,1.6858701229648,1.26173288544037,-0.219707813713679,-0.398244870801941,-0.573974931979978,0.470014534922535,-1.62781228074536,-0.111080675677119,1.68781390990924,0.216440367053293,-0.279552426319437,1035.82
127795.0,-1.41937627647993,1.22159464608725,2.0067839104778,0.914843806907029,-0.683642796719237,0.235401720818648,-0.112942305835679,0.528093960809945,-0.107578264552859,-0.384783609887248,-0.957453424113324,0.423921973910874,0.942240592637219,-0.189026796466142,0.999864161071407,0.106911652653446,-0.188692072791977,0.381070563375338,0.367159844042861,0.0394782620789671,0.0812426403074526,0.307348746230582,-0.358918668013496,-0.0109789055255757,0.365368767248052,-0.455670883589798,0.0569315131066776,0.0270075212929232,45.0
149992.0,-0.0353539227094009,0.98179060176338,0.44811629645307,0.120774216771342,0.995901779107319,-0.766042217769172,1.12007844314373,-0.389076980479295,-0.458191850547147,-0.654828662784547,-0.0283971147361432,0.0047149215285121,0.31469410012456,-1.0962356652354,0.423025076403782,-0.462930399723873,0.926800716945025,-0.332623122913319,0.817153301207655,0.16235617496093,-0.26435050345395,-0.507621732349467,0.0270557783738512,1.01960376880136,-0.725561834495268,0.234835533645382,-0.0271987454436809,-0.0166783643030643,0.99
25305.0,1.08323294839098,-0.970759661011384,0.30924422673573,-0.816065508511455,-0.340128361860522,1.43666166780846,-0.962515450214542,0.597715422075122,-0.725019508360988,0.522795798120207,2.04714033646508,0.151576413763391,-0.998275990485475,0.174405961603392,0.45515830355124,-0.235850809434574,1.53163554573608,-3.02133860024471,-0.449291050731552,-0.0395445830182876,0.161213622574985,0.450377003123917,0.0932912848983769,-1.01661284157873,0.0841734762581254,-0.192132844756502,0.0631222076874383,-0.0036711978891159,55.1
137257.0,2.23201067345591,-1.18244766777712,-1.59854293736963,-2.97520433708263,-0.515447236643536,-0.449351879854688,-0.70260564575934,-0.124343798073534,1.01349149213056,-0.304413815902978,0.355494661562875,1.31637511674737,0.774498988529175,0.131741399107222,0.376043717459998,-2.21540237439283,-0.388654715626958,2.15288581449701,0.752373289544723,-0.537823621414071,-0.183510912865351,0.242178268805311,0.039288278047335,0.103303989929138,0.24256242278451,-0.720990472680609,0.0713078632422647,-0.0531012263389687,4.42
30909.0,-2.86374760056931,0.12531585813888,1.01874979689153,-0.764342279356734,-1.54604881482737,-0.0396030929355315,-0.130436658377815,0.892114230171317,0.410411592091248,-0.856528996646507,0.581060852305576,1.70182809941152,0.691233944096112,-0.18604374749584,-1.70621935923679,0.596649521805134,-0.154548097825752,-0.146173769997031,0.0324948188241526,-0.311116903860993,-0.178801769805684,-0.283696554272363,-0.617264771990484,0.47621600246182,-0.14468865688509,0.7581014929361,0.190732492556133,-0.283432153591489,178.48
46813.0,-2.27848597896297,-0.0453569668200402,1.40259913923627,-1.02322730109752,-0.175077489309759,-1.33988438976296,-0.345848428026323,0.161479464296067,0.0782687702449028,-0.634627940033777,-0.433191669238322,0.473337525340339,0.839601781437345,-0.0843378174857579,0.782443924938405,0.920673551197199,-0.564181110158507,-0.395487017972704,-0.497582646362865,-0.506471353258185,-0.041477074047542,-0.278508142953461,-0.599004604850773,0.53254982870827,-0.558643072404749,1.02753970327151,-0.4445565544197,-0.155462421396867,19.99
125880.0,1.83143634305453,-0.622211260159508,-1.05145012867576,-0.140155686129069,0.795033220388549,2.23261615855082,-0.875047474293833,0.739180435182665,0.751391924449367,0.106240951913,0.657050848410459,0.438957601785982,-0.612685661428612,0.537384541918315,1.65577111460195,0.0143995889686569,-0.229631810296785,-1.16175645395378,-1.07044497484813,-0.294075114741691,-0.0997766784942043,-0.224171464399847,0.369522912146334,-2.79047932289454,-0.816756374800654,0.138047915303266,0.0344101048507876,-0.0751412489253113,27.39
130899.0,2.05972034255955,-0.099914335661334,-1.10678483340304,0.397318805047922,-0.128760491753651,-1.10283723597958,0.128196548632957,-0.27157412886906,0.632447121291576,0.0823063971769643,-0.852237945660442,0.127912457566502,-0.505659122603885,0.391677335949333,0.155841323486228,-0.11624545715966,-0.224301432676367,-0.864853699172028,0.104979436389885,-0.267270255449559,-0.295211003028522,-0.735295198921643,0.345964738525471,-0.0996563389022477,-0.323267992439793,0.207464214382797,-0.0712591255800303,-0.0626099374799483,0.89
43549.0,1.17456218915854,-0.474474373474681,0.733655617713679,0.541717130147244,-0.858148648250202,0.119241816301586,-0.573101505980454,0.019154401853259,-1.04258432045648,0.855176557120132,0.736563650397586,1.32407842728972,1.58428846957691,-0.279008366519093,-0.607169185808163,-1.21616544658315,-0.489058003370723,1.67003952047839,-0.682038467103489,-0.330763863611026,-0.301329417836489,-0.346496957653661,-0.092676526346879,0.0127213966136331,0.484668399195464,-0.343431405191965,0.0649979887310923,0.033268482331802,62.42
51621.0,1.37281892791908,-1.38881835341406,0.141615937518102,-1.65112271111548,-1.22529344158865,0.0957495318347245,-1.12933761949797,0.0567311453810438,-1.84132615523974,1.56120531290902,0.128323751687936,-0.846339607168739,0.0826853051244209,-0.118370114464218,0.214619067318034,0.387429386305502,-0.214142226536403,0.881913805546578,0.466467913009099,-0.134444317590597,-0.347877236562933,-0.90720906320969,-0.0468999209643315,-0.894949858409372,0.205574019626017,-0.362760697732438,0.0173830225228885,0.0218070647626412,100.37
152922.0,-0.49763394245839,0.0064764263297962,-1.77339760906532,-0.408669885938597,-0.476391364466875,-0.375972396711534,1.65957192913973,0.249919087954025,0.127099779345615,-1.65768827288336,0.277279796483355,0.322565627051722,-0.86195874738061,-0.81916461433896,-1.49844577411533,0.488505509062443,0.657177382299931,1.04913934134352,0.120871133767735,0.385303311163309,0.26839192894343,0.242148532349268,1.112694820525,-0.517709673924786,-1.8085598269646,-0.460690255661584,0.121658654281016,0.337445980286327,354.9
36671.0,-0.389406099449747,-0.586132238957427,2.18045660626523,-1.8639552154862,-1.42318914849859,0.0710458406986362,-0.815283772342996,0.075249308489271,-1.59945945606944,0.86866168496068,-1.47998925564049,-1.08918642900811,0.584727092413483,-1.14113430079817,-0.417954852233847,-0.479390445437628,0.557577279365678,0.378691819045989,0.311004231220093,-0.254815873295543,-0.164628273677997,0.024870325825982,-0.130320246462101,-0.125887079807335,-0.216105391330545,-0.223846321048619,0.0445860398159876,0.139395148577558,34.0
115743.0,2.00617790975418,0.172867897561725,-0.696032896249579,3.01891065073974,0.0960411010151543,-0.0994529164525875,-0.0894316688183815,-0.205280786271196,-2.36318140121844,2.29653697915622,-0.78705409712953,0.0487421478725679,1.47895908039006,0.0138650010403355,-0.49718454157592,-0.749632864787945,-0.588294190296785,0.852077531036414,-2.73307056180749,-0.578003886158723,-0.0735928831527436,0.261734589265419,0.203628023813363,1.06513492093732,-0.0079727928842526,0.0821407565049916,-0.0131040380780757,-0.0309282200090787,19.35
165793.0,-0.730022544316465,1.44873969347822,-0.384449844188576,0.918904089554383,0.759827763637841,-1.13791697350589,1.04537579453653,-0.0151369955677476,-1.04215090583244,-0.0907684024522667,-0.979032174646954,-0.164266887260323,-0.218995024420445,1.02697892358716,0.518682184874803,-0.708107952258692,0.059747986149627,-0.173678278449787,0.575693959656551,-0.251289339280856,0.219752352453667,0.532030764339912,-0.0045118747462605,-0.027825408506176,-0.14782999500431,-0.511794680367226,-0.215903808479423,0.160081553372899,1.0
40132.0,0.918489601030769,-0.181450813463769,0.344759929677087,1.17797968682632,-0.317240889849699,-0.0276506625009762,0.0057154097905929,0.117367697389482,-0.145138870260547,0.149194347794275,1.38632800480717,0.575736868998082,-0.755172758005032,0.695935739297935,0.620520985580329,0.155266558881885,-0.419887317594668,0.0823258250372827,-0.574035743369992,0.0283099557058084,0.175065054054383,0.247382729968895,-0.151165639949328,-0.0003889863006627,0.440110824553805,-0.326337302181868,0.0082569186199368,0.0293156707073707,120.0
81160.0,-1.07614912834684,1.56597035290154,0.698083062172402,0.734633458647869,-0.4413551342774,-0.285906006186516,-0.174101877564074,0.901965526619878,-1.045871039671,-0.415523762319999,0.526083071707731,0.479447916071943,-0.427041644959096,1.17231745426862,0.455450548935026,0.346399329883206,-0.230841620401541,0.835965703546156,0.861394060934731,-0.249685493633371,0.184919358673808,0.186255206283063,-0.0815105502755181,-0.0331851041913966,-0.216274329872784,-0.419204108686037,-0.232717479846739,0.0080094054407324,2.5
40056.0,-2.05230948934759,1.37082576712723,1.47388061833952,1.07433229355005,-1.39643998657155,0.239690195712163,-1.17019872853471,1.58202689715247,-0.226235709767572,-0.987495360161845,-1.17408086103722,-0.172006232334575,-1.12327889712512,0.878971100780924,1.16960683569337,0.0207160988814011,0.74357535975236,0.152038340463359,0.185046882709359,-0.476197096333167,0.202957347337061,0.24032717204854,-0.003392366072452,0.0507623915516996,0.163012477419234,-0.246833909604111,-0.452210376319229,-0.202174526389004,1.0
136027.0,-2.11663701396754,1.83005980073252,-1.48356622874823,-0.760155888025441,0.522709507951423,-0.400663891842409,-0.107249319936513,1.25365461790496,-0.699686608550022,-0.930158664295478,0.145364372044641,0.945070917647684,0.479519549246628,-0.060003505494471,-0.944798755024396,0.926176515840874,0.431841563876446,0.548701099082356,0.441275058696061,-0.267929229945204,-0.225013032088738,-0.769031114450537,0.203159011633986,0.0056514391430158,-0.219772195608836,0.153573349060715,-0.113395584343023,0.0476237124011507,9.99
137068.0,-0.218542483139454,0.955857250591209,0.0690563182769259,-0.837055606580659,0.616430273225132,-0.551724418018414,0.869350254519212,-0.0020625526274818,-0.0868095731233038,0.0603764917916032,0.546914638716012,0.733268795343386,-0.0481018656003571,0.230013859007923,-1.01317981819894,0.121491502275884,-0.729762833629494,-0.248220337218558,0.228317194743598,0.0976514668857439,-0.256674302279103,-0.520702016917904,0.0297826843644168,-0.406366972472585,-0.441036603107723,0.151254753241371,0.355768730159967,0.141970268881064,4.49
44900.0,-0.923815594370549,-0.217709177142695,3.1026234885038,0.449540736061461,-0.807892659484955,0.469384623820057,-0.0957528625702441,0.300532386830148,0.884199551942885,-0.575531207885168,0.278988237281158,0.0433079290479204,-2.06369805447991,-0.649937505788426,-1.82927762758005,-0.437742425638274,0.183466437213483,0.526089109093828,0.7391072312822,0.127428254587657,0.119751620643613,0.623930130669016,-0.25564938138834,0.57393406317154,0.341248841784941,0.565119207644415,-0.130203377521333,-0.156560478115697,66.1
7039.0,-0.760994141398527,0.888750343569734,1.97598917676251,1.70693416146873,-0.392215634486303,1.43266546753574,-0.422600597324912,0.837044598821507,1.33159526506179,-1.05493196729579,1.08192999184659,-0.893900136221886,1.92025732703164,1.06517650298321,-2.91094124283516,-1.27010410979841,1.63952234112311,-0.1890720478069,1.49763399872994,-0.0833383121594262,-0.362179128364705,-0.47384488587754,0.0459688742676166,-0.349377999784804,-0.348619525875635,-0.473378781473365,0.078015957665068,0.075572022356715,31.8
150012.0,-0.656891301660931,1.79654189511999,-1.72979350378344,0.511798827855343,0.927414378240184,-0.634560651885817,0.702884955965127,0.687173112870466,-1.09895067011054,-1.19831260812267,0.747691952327413,0.849215997422678,-0.0862775123962801,-0.38386851581488,-1.564766533037,0.227291568069852,0.955786737531476,0.677577124570046,-0.391265777070766,-0.412271919562625,0.182255303624876,0.328511020672944,-0.145474026795016,0.580775016999455,0.270141116786445,-0.623889157138381,-0.33169959710979,-0.124718781424826,23.49
74677.0,-3.87578682625275,3.97558508026817,-0.64914624086096,0.561971705401492,-0.872098039952314,3.04120688959212,-6.09601704351663,-11.9587060466783,-2.55019932128224,-3.06584725251163,-0.430908418981533,2.40932611553594,0.616618242054116,2.64211940111004,0.157153849535416,1.568359148575,-0.0409469195844874,1.11601666054523,0.484220967677883,3.13382478046679,-6.31659332183507,1.52596319535397,0.781088467294155,-1.13860585447371,-0.011651388047409,-0.522290882132374,-0.475161050737607,0.13323586433182,0.12
78502.0,1.32131188467351,-0.818261674513813,0.629559893417974,-0.976580909696833,-0.880063568373669,0.535881026853297,-1.20448564157195,0.268738326571462,-0.607654616241221,0.727942548544284,0.864316993596084,-0.126127618770141,0.367178295285508,-0.272505235137894,0.725906007845908,1.62463223037394,-0.21670929429007,-0.537086215684349,0.46117869433768,0.123602083738505,0.414543809671938,1.12672607112572,-0.19946898919384,-0.764248758642959,0.429934764480826,0.0130032152942531,0.0468014275791199,0.0061385182701638,24.99
133839.0,0.0482365359156881,0.893262713952695,0.238273334570591,-0.622699659430877,0.518837649505078,-1.02129856589826,1.06220916499667,-0.232306458632621,-0.123492136454882,-0.431245543553699,-0.959909340184423,0.395896208315652,0.61583748050413,-0.0113704580063052,-0.455772034754063,-0.0765520972559934,-0.495628040231373,-0.769758135942391,-0.0332113115131512,0.012014224216878,-0.261189315359297,-0.551399329690296,0.053982439809748,-0.101909867622165,-0.448314267419727,0.145370056826219,0.249359884079018,0.0974621315261619,7.18
142831.0,-1.54577126480231,0.360732669303265,0.801803664321486,-3.18607825500834,-1.27377146043156,-0.0665956492878769,-1.0854172245831,1.12737223749202,-2.2995038049472,0.622945294729829,0.133802901850091,-0.6193670091556,-0.451554728349991,0.178685828199293,-1.24857822123211,0.132564734470523,0.392906947129489,0.676136743454319,-0.607984585946488,-0.346985952984062,-0.102594441872141,-0.0879061627439157,-0.236380231442548,0.651936638243479,0.695752841996589,-0.157094492477604,0.128915503810692,0.0351202761802222,6.0
33926.0,1.02397585583613,-0.595666481365421,-0.223422733402859,0.363772695677975,-0.483561982919832,-0.537895611812885,0.210406013532844,-0.19315731930471,-1.54128221611174,0.909753741840982,0.861444475601186,0.497131277629542,0.0927483882211178,0.655436263325271,-0.0784665061547609,-1.27786629624422,-0.421435260018997,1.32685284761117,-0.496115262987149,-0.202639066634229,-0.561599119059192,-1.58808072028011,-0.029633470925777,-0.0762014676291426,0.344401299551381,-0.675678306737573,-0.0137163544023329,0.040460295848551,173.24
128381.0,1.51645218877395,-0.98143549921256,-1.77078697642978,0.23849662267024,0.595853309941811,0.974831452515444,0.135291596580024,0.259961138253009,0.678657633038156,-0.149554412610489,0.772503740891834,0.809147581949007,-0.95868878077878,0.782456321949471,0.142372919226906,-0.925056004685162,0.201825972480099,-1.17535598641572,-0.359814104477719,0.0459779728430459,-0.0095379310456359,-0.26985028870708,0.057674570817362,-1.66458037378897,-0.278565066495412,-0.412666635725222,-0.0131070116460017,-0.0455697987854579,213.44
159095.0,1.97247926174983,-1.55907120707793,-2.72020887792602,-1.74994840019999,0.321247871588607,0.180138927751515,-0.0619962523055608,-0.174677621710137,-2.41113707982867,1.70482268990535,1.23005615149311,0.0232511582462393,0.356662308085324,0.540220069774941,-0.564852994237289,-2.10064337176221,1.33711110760823,-1.27973290526814,-0.810520706584224,-0.257396041085548,0.325112449017225,1.2691231327494,-0.232049337682121,-1.2707981220931,0.386951652758758,0.382345712854653,-0.0455486607995698,-0.0873240204296388,154.8
117463.0,-0.613473636104044,1.00216394267259,-0.0285332242789061,-1.42134238093085,1.49568537829395,-0.801903499354021,1.31710600620871,-0.0130471424526139,-0.633370069472344,-1.43727928508961,0.919857322481595,0.0792609578263791,-1.05084537078602,-0.747584113505489,-1.55640194855613,0.73817206474551,0.0919200439895894,0.271294557306559,-1.08521679601249,-0.226164154982446,-0.113305061559521,-0.450854019887848,-0.214330680466786,0.589166250941339,0.0604036829825894,0.120826876515593,0.0083824819688935,0.135324000836253,4.25
29797.0,1.11355260854872,0.165190964828898,0.352570687937437,1.17969861664624,-0.343002344244091,-0.690143199357393,0.140287818714473,-0.0812220726116844,0.0672462066095289,-0.0228177727223053,-0.0090151536165812,-0.0199256198146109,-0.830290726206482,0.595212501077681,1.23487726327965,-0.298836937580595,0.0151173321130779,-0.607499317348017,-0.857479235183455,-0.167195244916949,0.0879577736018753,0.221640842761291,-0.0493158914193582,0.393616821654823,0.53350112762082,-0.319920534988071,0.019433625477363,0.0244118480692172,37.55
73627.0,-1.76002945730633,1.82376784725845,0.76928049157752,-0.582568248653866,0.0842201492932485,-0.0854112473464118,-0.558235015920141,-2.38062258212425,-0.846851196242933,-0.890381741349661,1.02639713051238,0.978667505231196,0.151384070132339,0.11215844825586,-0.281494921833727,1.06322088685281,-0.424797599203899,0.401077776420518,-0.448959938621942,0.636293012981398,-1.45198026050561,-0.207918642822835,0.0584880812616087,-0.0606155148807517,-0.187268919193263,-0.0986180950860809,-0.29390261432243,-0.103458023299908,4.99
134694.0,1.78011233846543,-0.874852424168743,0.270956090637146,0.463016559062545,-0.619295257168514,1.49402154059748,-1.29664864757529,0.568766689384284,1.86421414881044,-0.374615176791995,-0.606444452279732,1.22080095699794,0.546600567678721,-0.851782982464375,0.0168946542857336,-0.907878952602188,0.729758436853847,-1.80093068206563,-0.998540166926406,-0.247671292299055,0.0213816502806973,0.569936936413878,0.358569526534889,-0.965804331626,-0.70601178376277,0.622338331285546,0.0641023900993167,-0.0478648784235045,20.0
67044.0,-2.45068073030104,1.26858100446544,0.70022139182471,0.127080143020345,0.322626192625307,-0.855196676087984,0.225442593537088,-1.72228970502472,-0.0996908737257212,0.169728933794391,-0.497346607961096,0.603496167049075,0.819479573870745,0.0432941662676718,0.253909931462606,0.198397584308747,-0.576756669188566,-0.182990231391767,-0.875318328430954,-0.681834500406399,1.56550628074629,-0.124735728220019,-0.0792482606349792,0.398596322901379,0.214950022590543,-0.548897372169259,-0.362285670681467,0.0604836902514272,14.98
148350.0,2.04940037753332,-0.388146594160692,-1.49651199795542,-0.0653230209621517,0.287243488669127,0.0486821757313219,-0.178286611192759,0.0177647399883042,0.99288611289738,-0.0234389041962473,-0.0306861074809115,0.711814750424089,-0.560793121356317,0.291986142875784,-0.995630191634053,-0.221123818311236,-0.523257732117829,0.357202595226089,0.815987508884392,-0.205843225116754,0.0810500834542321,0.459082473128821,-0.0192809283373472,0.139083839674393,0.255503312210877,0.18135642059142,-0.0399716347184534,-0.0721134945514648,10.0
158939.0,0.0238898021116678,1.09928685692982,-2.21137551189107,-0.57290952490948,1.11534271991494,-1.11440543420916,1.36344558734568,0.135473496765462,-0.765891924076666,-0.0437521681143215,0.231281959180871,-0.0060882697033624,-1.62903232733,1.5443454039298,-1.46723734284662,-0.508782752594134,-0.279598320699826,0.134410121502421,-0.0576679776834759,-0.246181369256209,0.565385703787185,1.63907347072745,0.0924904320178315,0.759749689895573,-1.20484668928519,0.343171552892036,0.354468613220585,0.316810488255285,37.22
62187.0,1.19441018892437,0.255646194585431,0.163752444888879,0.4490253124861,0.0429523190742634,-0.0877821865290013,-0.0946836760011514,0.0972074151407254,-0.223964234952086,-0.160251674381724,1.57745840579984,0.95525189155405,0.28215529668447,-0.102955354319074,0.658059423414971,0.473427802197349,-0.103034987952638,-0.158289718433653,-0.143940408249266,-0.0851769220162243,-0.228999986283579,-0.654860497866182,0.1050028724739,-0.345577309314861,0.160690977946713,0.126736478817069,-0.0100697571326504,0.0140365004905383,1.29
134521.0,-0.621482121763039,1.30932299091679,-0.987149269478824,0.635516274366404,0.198445290565547,0.0347220694578521,0.266934451338896,0.799859833259094,-0.108897706510782,-0.647809230704683,-2.37650571367211,-0.566945389537844,-1.40653061712146,0.937971717981713,-0.837888611526997,-0.397351189652796,0.129936197760449,0.280745252208244,0.197354427631306,-0.499148631128588,0.39441562075405,1.05259843645606,-0.0444574319709647,0.261748369583863,-0.619843537951309,-0.50780010035301,-0.08195030751557,0.127759014229137,40.0
154274.0,-0.145700104806244,1.48884376695833,-0.885075724339293,0.844766049357037,1.70965711165772,-0.0645951387729937,1.35144151042673,-0.016433253228814,-0.924039876422379,-0.448119127982542,0.589382615604857,-0.0332163249931806,-0.598148019174521,-0.80695112472655,-0.758635961202983,-0.361597763051087,0.928507426597211,1.0074519147792,1.00385308499183,0.153968668265753,0.0488754435856429,0.392457398922148,-0.328547534760359,0.10016821731252,0.0704924671970094,-0.397029425395868,0.44466535101509,0.268334510488689,16.24
155477.0,1.88435011668592,-0.202103691069783,-1.94913238768669,0.451349238470011,0.942217393243884,0.777211855229033,-0.142220305532162,0.237394078023932,0.798673559251826,-0.617085516564554,-0.1826047295727,0.231485293902777,-0.439902116121613,-1.05699172197784,0.355992246137296,-1.0031587693077,1.76347342307259,-1.36242332439839,-1.16351564108265,-0.244014772557868,0.144422363574083,0.763110852709589,0.083295225347939,-0.367297795368862,-0.0111053704135042,0.792333554408115,-0.0104867061397642,-0.0468694625566324,25.0
120893.0,-0.184446118880635,0.749780900061278,-0.676310369421422,-0.124393106416562,0.740386792178815,-1.29115517605603,0.964896094462156,-0.253101744417518,0.212695980318912,-0.652033164819737,-0.725577405314484,-0.685009071121964,-0.748594260944935,-0.725118810235632,0.856249031259183,0.0502724564416077,0.467820601128157,0.747630272077347,-0.202571292730379,0.0018739402147567,0.270675545871443,0.930809310530046,-0.130255870829029,-0.254324929484196,-0.337180044164101,-0.135688783983736,0.248483890352304,0.227329640679253,51.5
77231.0,-1.28623825389744,0.93169982497816,2.33262624698681,-0.261395642083177,-0.781189341245541,-0.276450105145403,-0.109857855835497,0.54132638516838,0.113764309563891,-1.15563170023119,-1.05541779003091,0.392296391070447,0.208937565624194,-0.324609526212821,-0.449969183303854,0.422226352987311,-0.252072137362609,-0.142734620589424,-0.555473677835207,-0.202795662003566,0.0194251173949339,-0.0260347835623827,-0.23260548295365,0.423999048549775,0.287393562866589,0.217286876758773,-0.224692401196657,0.0013758472220134,11.5
33084.0,-3.73500738401317,-2.88849631004049,1.28984757537791,1.0669419774818,2.75237850486096,-1.28496720145803,0.607834574027278,-2.25112681573187,0.751891416804916,1.65257741566824,1.80635941673455,0.0157835027235199,0.085314657218398,-1.5252597500594,1.10509884321769,0.314677535600645,-0.795729025972015,0.331067988446769,1.5322056801692,-2.22247308554284,-0.456165352385355,-0.179735558181152,1.88369279720827,0.0129895686979918,-0.218797759080468,0.0911035935687658,-0.227374583795693,-1.05803317516428,1.98
165302.0,1.96375726836416,-0.991443936674382,-0.318622032702553,-1.57499962064615,-1.12489302427475,-0.387571810306635,-1.01838470387182,0.144034487812479,2.30349627618007,-0.811982067843361,0.718229435657214,1.16484061586613,-0.295104283020631,0.0471984337990856,0.891331477177218,0.129202046045894,-0.725376777484117,0.874035434001343,0.84302303949475,-0.154392017036298,0.121056340231357,0.524586217647064,0.188558648419938,-0.382509001116209,-0.387457333147892,-0.31399476936022,0.0474186429305251,-0.0439063899381592,26.33
60984.0,-1.94769178960433,0.952998721227377,0.590500763653688,1.60397657871864,0.117365708715391,-0.789486130637634,0.393910442105879,0.2575618626302,-0.777230197974587,-0.712658457572426,0.246475337669375,-0.762867578017935,-1.27836302988909,-0.570727429929202,1.87736226056776,-0.0623616570615963,1.72064342889635,0.188935573110051,0.183482791233061,-0.447046922814875,-0.12128711179239,-0.419418192345734,-0.651244061787334,0.282917812722341,0.0694876212162092,-0.305920532979004,-0.135880796120162,-0.246908448673025,86.0
136844.0,-0.465366371099091,1.35979406100153,-0.268009698448821,-0.6107449763091,0.870611398136734,-0.228310693324276,0.752924532491988,0.289733862693305,-0.350112511756343,-0.796311523150341,-1.51885282480305,0.66950307116656,1.32966164487905,0.285442161711643,-0.071088340948841,-0.285825773082317,-0.393334054203286,-0.288894642082156,0.792724721691961,0.0314891570682198,-0.192705064244278,-0.423395637779467,-0.0408135749215191,0.0860549811054239,-0.310832390313281,-0.565429510172688,0.306316317271478,0.192229617814206,1.18
87306.0,-0.0811879696979651,-0.614887462446053,0.705458106837599,-2.15154649752134,-0.0545712305857061,0.237537926903538,-0.465217870584814,0.0778610359136545,-2.5934726819637,1.21000563889092,0.283377199429522,-0.528985033893035,0.75470465725782,-0.302471135208525,-0.571365478280515,-0.827157085289765,0.481139217382346,0.702142498392394,1.32160413070668,-0.0565861149727751,-0.0414514165176667,0.251688903045878,-0.121051703571511,0.225950032535026,-0.225120455366244,-0.0173928974936069,0.155272406344038,0.146076442172162,20.0
153152.0,-1.86018756279884,-6.87049179985565,-1.40442886231483,3.24933354725223,-3.36829168497331,1.07445705268727,1.12141480896819,-0.079986238394154,2.08438836687555,-0.904637578156991,-1.80638296888053,-0.279742272786443,-1.52408864100891,-0.106513017683063,-0.158140472183858,0.435673999642164,-0.143500874516204,0.887014199228853,-1.10183526952635,3.52490022221901,1.32025147302359,-0.211523683224058,-1.51445231502994,0.0426929163965458,-0.984062590643706,-0.713930861055717,-0.252454231384196,0.313278534840211,1930.74
51961.0,-1.01697817476268,0.557169662104069,1.91324393644004,-0.617569386853127,0.896127914492181,1.72885187943479,0.436514321158321,0.699245009418429,-0.502832010785561,-1.01567659883371,1.7752268385874,1.19983506231222,-0.332385873162412,0.100597978697951,-0.403708136586815,-1.20154853240646,0.768964466019285,-2.06319445120211,-1.53795497297991,-0.197456489655755,-0.0002083153495057,0.163760055904611,-0.14617488300295,-0.999100022358681,0.12632570695777,0.295729705060874,0.0558092935431058,0.0302821485453701,20.98
63041.0,1.03833573846505,-0.699613136489001,0.916551630556854,0.060559605924386,-0.918671082137688,0.599003921651059,-0.817488270497475,0.390412421842168,1.07548601759082,-0.330425228167451,0.700730473711698,0.830789319446659,-0.838648311881487,-0.18289330302783,-0.635044250270778,-0.0766668144757262,0.0989760879838533,-0.378849547127889,0.507676813557341,-0.0218541846423242,-0.150715526728887,-0.339818926629845,0.0163016938212415,-0.239719972911995,0.0301637579666546,0.97130049586939,-0.0372893719708261,0.0057123523460197,65.26
96030.0,-1.77930715669598,0.401252598592717,-1.3143484097308,-1.44400954643033,2.34665626939598,-1.08462325103742,1.95426427383544,-1.20292779230031,2.27826004082266,1.37410433227443,1.62437700359148,-2.45398648830298,1.03450998691472,1.30075912813717,-1.57521130891073,-0.375654983504966,-0.72718161589572,0.332288697649325,-0.404891153824648,-0.202938879718208,-0.26154895907566,0.773712678662235,-0.247492168546804,0.27837955778134,-0.459605822016912,-0.223652453201576,-0.383696202573224,0.393405843627652,52.79
168695.0,0.0940010891734672,0.901049555512483,0.0198199614024471,-0.754542153550876,0.808835125352319,-0.714152269640596,1.04450552211942,-0.203941936320188,-0.105523091777501,-0.430528398540014,-1.42230476016098,0.291649148186025,0.849310161119022,-0.0721075298661099,-0.431589226101161,0.0744881657337852,-0.700810118468248,-0.611282109284561,0.17181497730043,0.0287134150686541,-0.297969799647981,-0.639792463658991,-0.025435683414302,-0.641924425424456,-0.37291611268086,0.178752405683996,0.251120278411632,0.0919222805932918,2.69
79225.0,-1.19520084081411,0.434091174242677,2.52580000530595,-2.33125451096595,0.563071447817065,1.35404307330226,0.541458640705651,-0.0268190160201931,1.97061894306815,-0.710893913864185,0.667762156220453,0.663550747142976,-0.0813137876734652,-1.03094631735084,1.86453856452924,-1.8693146763937,0.486761080472419,-1.82012719139841,-1.55686716229498,0.219265455099224,-0.03536618149038,0.805143957363455,-0.323198943984699,-0.95017482409447,0.215540568669508,-0.736185230110714,-0.233764023537474,-0.489149471893069,1.0
169691.0,2.03524821032529,-0.159237497739499,-1.71083557478879,0.623429059437782,0.105118972748515,-1.31421070473746,0.457815366322786,-0.371755361196685,0.594277637479789,0.166384034231943,-1.29799212031188,-0.514990504712151,-1.63659474305188,0.727569531758788,-0.279558276064854,-0.461632533799508,-0.0580012485641719,-0.563256610957784,0.197821819614236,-0.284100077412624,-0.038213698344752,-0.0296053744948934,0.0442450987082477,-0.0994985891211068,0.175212312415401,0.388799708554037,-0.0984799936898882,-0.073793518900288,33.35
148754.0,-0.305403296353431,1.0284036337347,-0.363914032087543,-0.837091116003292,0.532455381509593,-0.339506042177082,0.546507375952061,0.43283605206019,-0.439701814259658,-0.480637451276034,0.0346499037157796,0.81338313020587,0.207068370222144,0.5683538031132,-1.05177006720744,0.37723293949367,-0.707008414456219,-0.0736562138955662,0.403316133353975,-0.0995664911509023,-0.204002248045924,-0.574193472314234,0.0423214878466269,-0.807245952848747,-0.40653033382009,0.173384031446354,0.118692615861029,0.0169561315668818,9.99
36155.0,-0.987037689720293,0.94209472238259,0.976861334838554,1.42169004976331,-0.220399569091187,0.0381454350694694,0.438261843579343,0.512589308133947,-0.501792935282807,-0.390426057514259,-0.750273659180673,0.375646582421422,0.0469982504394074,0.325864424530307,0.176150465738227,-1.0894125791863,0.790245105189788,-0.624577336301438,0.696947652686918,0.238817018880868,0.0665081337123902,0.249635632194003,0.0677577591038448,0.0813414981040266,-0.0353178674979239,-0.2251919054799,0.283700190857655,0.119024360754365,82.19
133789.0,-9.88598812364242,8.50601878603792,-7.80265185808177,-2.58031163181019,-2.89586726669292,-1.81377742275398,-2.3014340938871,4.3508411641086,3.32703727595924,6.3906801363955,-0.997566934628522,1.82507785036243,-0.144341092586108,2.10027298305843,-0.656094129271947,0.406553781204198,0.494184292345518,0.343212968931704,-0.45848561089962,2.58112681558175,-0.205539367237403,0.0728154797956906,0.493719429582326,-1.18358968250957,1.49663431384894,0.291101666889154,2.14256309694983,1.44275047910909,0.77
48971.0,1.12958329212881,-0.195077341295262,-0.117465541176145,0.0920664084870808,-0.210250941513206,-0.556609220192933,0.225005782009372,-0.169120959328113,-0.0914724742970544,-0.0705093926643588,1.00826040967631,1.19462761473932,0.500591190431568,0.23649176507709,-0.629955819571288,-0.0214083436865786,-0.347250837280693,-0.211355413746796,0.682640074577675,0.122899316244485,-0.003884415139241,-0.046856315223043,-0.214119683833759,0.128140161345474,0.552315913126215,1.0825078706243,-0.109018627689583,-0.0056669123443392,82.0
88895.0,2.04533488803808,-0.171053825885515,-1.77290285131229,0.051158287446373,0.540808892788117,0.185395898481117,-0.349663180192564,0.107994530819618,0.695025050714425,-0.284480233390708,0.176810841081905,0.173718434057002,-0.282700557730516,-0.984780611858967,-0.101684510436912,1.08679772495785,-0.0912278528468148,1.08749775226104,0.441728835874143,-0.0931058193052472,-0.0944563074568191,-0.206927281231242,0.0847866931297781,-0.424740026049845,-0.147988514545782,0.571168365235424,-0.0570731155507044,-0.0424897827090511,17.77
113138.0,0.0173043491537676,0.848043189368033,-0.230993468687986,-0.59371691218928,0.917514179900216,-0.109626925269948,0.764684534780001,0.0647395106918475,-0.0495201285451422,-0.161058112821394,0.139078991253087,-0.190694425712841,-1.12418759186729,0.821312526648024,0.359928159077706,-0.241107057156383,-0.719027043545268,1.17922760517741,0.988796511037724,0.0219172436674935,0.360353441477467,1.20642513451428,-0.283199460364512,0.195374098643365,-0.374832663955379,-0.420608152629822,0.482815991474879,0.275489405482481,1.0
90054.0,-1.50135049164624,-0.518880932118367,-0.285687786060269,0.118595453730736,-0.579018202439164,-0.361048142161922,3.03734590365131,-0.5300050647801,0.603355131108042,-2.32023450640352,0.49080342373323,-2.94991548330457,1.85059041937887,0.488454506264373,-0.0253360107590994,0.32081683033127,1.12989268239422,1.19410850298934,-0.786314817680206,1.27108880896179,0.383962804944729,0.284980148571887,0.828682981518922,-0.225171956660606,1.38699816178495,-0.0178882697654287,-0.305261636911242,-0.0041157327197148,601.65
127891.0,2.15290644535657,-1.60794677657997,-0.564295285129231,-3.00866317321742,-1.26170002885087,0.304426505006285,-1.61783833296899,0.187054282380143,1.7865968820103,-0.401014537824288,-0.277447480262159,1.20313839745876,1.19301146639904,-0.456330192084576,1.11956992064292,-1.31844157573614,-0.934135824417024,2.90666918310804,0.57574071971412,-0.479033377230786,-0.109114750384099,0.471961756286553,0.0235929209792919,-1.44342028357373,-0.143543283314804,-0.701433547905538,0.141641419076951,-0.0390041613199895,21.8
35841.0,0.918201130537616,-0.611099084779503,1.42826598546361,1.67259629932571,-1.10067512547639,0.920386531481748,-0.853662987815517,0.418219721694655,1.33749306667863,-0.249942098095006,-0.0402682677686424,1.33972968487622,-0.344008450144907,-0.772754569571636,-2.36278245431262,-0.314604070727977,0.009044339441691,0.201579141139864,0.675334107203891,0.0136034343852832,-0.105027301588428,-0.0438617691024551,-0.175851176194391,0.0261188337972166,0.518470631045187,-0.327298537803962,0.0775997057863454,0.0374772217160311,93.54
141176.0,-0.909303121795221,0.49753241038093,-0.133320361019697,-2.24966929181141,0.452933311508624,-0.930944717481333,0.441258634150155,0.438048845087025,0.718977985955092,-1.40934105912647,-1.92705180908847,-0.514852182413154,-1.64999146453075,0.396829819678971,-1.3277710489671,0.0803889744354362,-0.328884234955276,-0.29073862768967,-0.706805387810894,-0.256088610320753,0.120455077162772,0.342659389280135,-0.219385077157158,0.628203825860148,-0.0764476200865781,0.736878866912785,0.162125312431027,0.110205935214682,1.0
140000.0,1.4821197861591,-2.10945148942777,-1.10829768087398,-0.880062416257291,-0.592042135774985,1.35581660433909,-0.89823665779726,0.454454694350104,0.0804901473028822,0.586537922427729,0.704769035648416,-0.149567163878221,-1.07601186759863,0.0241386251990053,-0.191340395654587,0.516556991204109,0.804449841944795,-2.3000086519765,0.290340853158073,0.383753726666257,0.0366339410976842,-0.440195182436766,0.184724405770746,-1.68504114618186,-0.785007217836879,-0.48681857752218,-0.0070891590748239,-0.023597038362395,293.79
60665.0,-1.15379538913759,0.651911135464822,1.72209375443662,0.33566365971639,-0.759076523867755,-0.0594438313085147,-0.0155221537155045,0.612390123753718,0.0004007115123282,-0.806575001984309,-0.447644270674966,0.83741092878323,0.710159655191007,-0.219343960160074,-0.0492303924208867,-0.440894029282676,0.42042432978159,-0.580623076983713,-0.41958399685749,0.177113632245404,0.270266713631223,0.868199472860005,0.0302979663529919,0.476267572698418,-0.157995203720385,0.46120552133417,0.242477753409616,0.111709715089329,69.99
70126.0,-0.570522680166147,1.00163661509326,1.75384779967138,0.556783220039282,0.266435217114865,-0.340016908888032,0.498468851010018,0.0588554267775193,-0.782038034711647,-0.604644109181069,0.0569845822029494,-0.246744847140239,-0.0921877849046477,-0.229480847286599,1.78715836839603,-0.3008274496736,0.710782317653328,-0.411970816993078,0.640128434696303,0.120117846819066,-0.195057944454596,-0.590366930956148,-0.10611911443043,0.0363496403201295,-0.0793694372429568,0.30540687224131,0.0558510660505882,0.0863732875624562,0.99
140798.0,-2.66591359283652,3.06782543981413,-1.5778707965177,-2.10599601178928,1.16490060242293,-1.37416356004285,2.27210978744228,-1.03534317238691,2.66070960669356,4.76406953377671,1.05256155788885,-0.223737002615433,-1.22263325630622,-0.783845219340812,-0.442704967737726,-0.999502471735505,-1.28435769287615,-0.0183548834690052,-0.099964377894127,1.91651308339467,-0.37308523755725,0.777154416453574,-0.307122842052688,-0.359037629471909,0.210622438181946,-0.0190380286508198,0.636106690442279,-0.362341803109862,0.92
75155.0,-1.03384917427118,1.00734735585023,0.148121824324866,-1.46225544922564,-0.0929469279980045,0.111077766252521,-0.27074475188211,0.966727719825722,-0.14132725713166,-1.2369293999736,-1.8533138534703,-0.272855299647622,-0.0127186007831608,0.568503371276175,0.836708372776867,1.02970970274051,-0.571479174752768,-0.240455938841728,-0.565991097642269,-0.36576989975312,-0.0229613927535985,-0.439718692003549,-0.0582817454643374,-1.29537989465813,-0.181439786946951,0.814090149699797,-0.435395902427153,-0.150193852671801,19.02
149701.0,-0.401134182577909,0.540260397921918,-2.36921888764962,-0.667938542362893,3.7059935216722,3.12674019039422,0.993331277078658,0.556629084630843,-0.436685815097803,0.169489222786901,-0.404208543007242,-0.0923465923993062,-0.515920532870391,0.617994141930462,-0.469003837798892,-0.807611642040379,-0.514810195821947,-0.513603283564888,-0.578121359660483,-0.213257104259604,0.237169874000333,0.836064179274206,-0.240325581730383,0.724878826486225,-0.222095118868512,-0.620728709354294,-0.559626138648761,-0.385459036299665,39.49
37129.0,-0.900921261722031,0.22468899281313,0.614162421036313,0.350702062411662,-1.08889948763835,1.47038249642172,1.47520905832217,0.257245052636642,0.179834301194547,-1.30159554786972,1.26387636660289,-0.115337395840011,-1.78829569751064,-1.43822771119674,-0.703172502549065,-0.248366502012735,1.62259659827456,0.164046660876968,-0.296906613104035,-0.132579844155209,0.113246106451849,0.607847736725,0.0983472071009796,-0.364837031779872,-0.488220754022673,0.557555187539767,0.17830582966673,0.0832558694330579,351.48
131984.0,2.28770321841477,-0.606616217149967,-1.76022588474015,-1.16866780725372,0.124376470846553,-0.559367823758133,-0.278314672024744,-0.372249855590583,-0.708474472296434,0.831962954776254,-1.06982875589046,-0.15442283409803,1.77125832994395,-0.312572089390985,0.268978077837882,1.0599173283427,-0.228803900687017,-1.19727303665684,0.707482781305568,0.113536455433667,0.394706172575435,1.19480457314225,-0.0880173357867021,0.131205365128369,0.370532803598747,0.0739866889552839,-0.0358847198248183,-0.0628938750929849,15.0
78431.0,-1.7272038499203,1.96236818702541,1.20442967193765,-0.251638112958529,-0.257866009889429,-0.0941622467021762,-0.518049829230167,-3.08413729701273,-0.294266785895709,0.443042039635049,1.58138689926702,1.31138635802019,0.463852466182454,0.261012455015206,0.0140883407616991,0.308480265227836,-0.360400239978077,0.0328846782641118,0.13378599517184,-0.415883268180969,2.85899177827279,-1.46040057871575,0.420662825469784,0.475593368029857,-0.107055452869734,0.0698466412132372,0.528614436586203,0.199410930950364,0.99
38626.0,-0.71172175956861,1.0844852332582,1.54366272032334,-0.139762730756962,-0.236289267365819,-0.735025150907143,0.529786223260947,0.129644852786856,-0.334101486947261,0.193333201501128,1.34472779260507,0.215475242335946,-1.03023625594031,0.468035624330437,0.252909607001429,0.360232015456238,-0.525082560565536,0.175171321430956,0.203526427217598,0.162526590624504,-0.206125100845134,-0.544699999978231,0.0081856135581901,0.487705685227127,-0.23285416027374,0.0492296490468048,0.367814486398678,0.168014202648453,6.24
67002.0,1.09641725173024,-0.271871167139591,0.69634254872072,-0.0244263762584563,-0.640356654156016,-0.0591441719707671,-0.444563252789559,0.124279641800473,0.0997740746468741,-0.0561601949018785,1.70734445105247,1.21148846691944,0.611708107905196,0.160879821597832,0.811987400488181,0.399344879313391,-0.442548757231444,-0.132556969575912,-0.281799902987666,0.0427956587324054,0.188859604581452,0.510200260365471,-0.0448699478370165,0.125533660846118,0.134877788144877,1.07641754763541,-0.0524527692768165,0.0054804571506862,47.85
43721.0,-0.951160396713485,0.929859893750917,0.898086589863423,1.2134186455639,0.0480594609877226,0.473385205761417,0.154693708369295,0.729449806709418,-0.62685796306164,-0.169232917511248,0.545183084644516,0.624299600724143,-0.628595118465044,0.627196161402073,-0.432028052522831,-0.774806298457274,0.459811450405089,0.0422881237327411,1.12362091289085,0.140806039777119,0.0681464051939332,0.251002059007024,-0.0639969457368362,-0.314057316349886,-0.0584733234485111,-0.219022883128833,0.288148683189999,0.10053088714114,45.47
140647.0,0.0997795091751933,1.07309150232063,-0.211626057048312,-0.446690571096086,0.75760204455523,-0.986783321708487,1.03250087531048,-0.150445453108772,-0.17377140317218,-0.866227320857925,-0.135000280145296,0.369501085339389,0.527390342492176,-1.10411024937992,-0.290694531140401,0.114766882447842,0.551178026793895,-0.52356001407268,-0.475688383690191,0.0475780325150351,-0.296384609449029,-0.679110713712929,0.162649163402336,0.999369780849136,-0.47360471406887,0.0872244495048861,0.228301116373001,0.0899943178596917,8.55
33024.0,0.822721570976895,-0.23458418892766,0.0167756854562804,1.42212126719578,-0.326774720033394,-0.704270613542743,0.518206952375467,-0.175385161021391,-0.149167360661249,-0.0349641502392842,0.0115516588557043,0.0423005501691976,-0.715403513277052,0.687781108236505,1.05957053695312,-0.372185040721907,0.0657942987561172,-0.751599518766734,-0.872929685633574,0.148342715974374,0.124949665910544,-0.0257679095776183,-0.179120452819799,0.399775798064054,0.514982883466813,-0.350887160698941,-0.0208044570563476,0.048167405280837,192.0
94483.0,-1.49344629184817,0.146683192320656,2.57212390104238,-2.40765609741025,-0.682296698548791,-0.186562140129238,-0.231258803479682,0.384557936999722,2.62118600646911,-1.48040551893856,1.47880672807077,-2.47911126934901,0.0883837928420521,1.180264588486,-0.923061974878953,1.06284662404273,-0.398857353055429,1.18682373616246,-1.26005555452209,0.0137568543822671,0.0204982370176534,0.408548014500077,-0.30251152021086,-0.0300030637765414,0.404711394619873,0.591822506838629,0.304119227121486,0.190646034936658,51.5
42351.0,1.23190179468441,0.2414346196903,0.781987759320222,0.998768039610431,-0.413890602513143,-0.326458307098625,-0.22777481794634,-0.0650715780211798,0.247942165243342,-0.0689550462740064,-0.675486323446017,0.54771435956704,1.09297310889823,-0.0941003036181886,1.23302476066722,0.595010255731444,-0.845450700243047,0.101264529107857,-0.313436574423651,-0.0514613777099527,-0.0803020053349611,-0.169700234680585,-0.0150167120472356,-0.123029964666364,0.415832587926212,-0.483706968821795,0.0541420972930758,0.0341592982448114,6.15
42387.0,1.36798418302247,-0.232845671048959,0.221251461818186,-0.526528599712306,-0.868840158175303,-1.16191016391956,-0.419693759602906,-0.250676970843971,-0.93235495870342,0.187658753561228,0.239061714741862,-0.256747272669027,0.987042942217883,-1.28162785375711,0.788287641669654,1.48988779162976,0.911639210279631,-1.27302099200985,0.46524150204924,0.183562649513615,-0.12934717143273,-0.475693172529111,0.0951525789860605,0.315331944283939,0.255909508657977,-0.484333935677877,0.0245818128820749,0.048218589070488,25.0
161784.0,1.83084215679907,-0.287907488617451,-0.364437918259954,1.13641528816143,-0.256492164924426,0.280471337322472,-0.546189872340196,0.15494699815227,0.534790454596753,0.340156741794174,0.928556841254294,1.24291264561336,0.652394004294852,0.0818882521817194,0.104765239820158,0.595039190490995,-1.03142561923303,0.714002906897838,-0.560732789075228,-0.0882889765792961,0.311532335796227,0.916804896530423,0.125661522293127,0.70642705771315,-0.11464887127623,-0.618536647980328,0.0470695499884351,-0.0242537323580001,50.0
35081.0,1.08583215835933,-0.0198618090056402,1.41113899718602,1.3652336436363,-0.894725447969268,0.0928238818998775,-0.580157676306671,0.165906223038963,0.75643424832667,-0.267710565310329,-0.153199461216829,1.05957082749864,0.677286616148842,-0.454836379506749,0.326515202916851,-0.344092697323681,0.108376221118,-0.707111575656518,-0.698264636242987,-0.129442935777938,-0.0045299049349813,0.261025498205456,0.0558420672381085,0.417751528082137,0.32236337272809,-0.401656408319047,0.0940735807459552,0.0397687247720346,9.99
74826.0,-0.399104829095743,0.949579105343354,1.15932134556766,-0.108745860353732,0.220208685117155,-0.526706471540292,0.499738955845136,0.152138364126898,-0.488685409065148,-0.309800204639522,1.03240428601457,0.0173849074510385,-0.821586344521193,-0.0682532332212617,0.32016871880231,0.717622445191236,-0.310138835171861,0.579126875903217,0.330891104104938,0.0903873289602805,-0.24027019271509,-0.716376993243355,-0.0481301106420342,-0.0787871013708466,-0.174952988151649,0.0782069488258288,0.233605881801866,0.0838407881998909,2.67
38379.0,-1.18683647937485,1.18470243045077,1.55758333992139,0.451220841080583,-0.235845293809084,0.333863427085518,-0.0434366934827567,0.326098987330629,0.61206662913683,0.0534160518751243,-1.44200787348319,0.771146693386019,1.62336928346631,-0.892531875897895,-0.0937765447943954,0.159067323607357,-0.587643434657827,0.162532725157669,0.190622818319301,0.174592145134501,-0.106037538843271,0.140808471769801,-0.162429932709128,-0.432198356978952,0.248895122756697,-0.426115219639476,-0.0804412613510044,-0.132572126564729,9.42
150878.0,0.114551372494031,0.901463654520196,-0.525705759042025,-0.724252778665658,1.05742177837134,-0.28586687938336,0.786601055513416,0.13448468265141,-0.145040697267879,-0.645384202304333,0.635804210558192,-0.0106018736533463,-0.981098545784518,-0.643370359035063,-0.766813701566002,0.598961523996952,0.120173022149134,0.402076454874528,0.105126962114032,-0.0280195880549161,-0.314253126795675,-0.830166399940005,0.0648288742836361,0.161761423592135,-0.459444685792496,0.121115897560771,0.21516586484928,0.0686323100313617,2.99
32113.0,-0.787569231712946,0.224827459854712,1.32477137785536,1.29314991238075,0.573819982475022,0.492292895263674,0.558187039168316,0.227233478391474,-0.700118606249298,-0.195433971826412,0.796399374579578,0.819539409020067,0.0171572613334504,0.22065327395758,-0.453198217974953,-0.919670327242761,0.258394927776637,-0.0417438652064803,1.15647597113435,0.340098187071831,0.128308045030387,0.305791824996478,0.0647529743918232,-0.288220872497878,-0.0164040930159354,-0.230561153345988,0.127989548582584,0.137408851510297,101.0
58535.0,1.19665644830206,0.825202436903644,0.360747205836973,2.60330195955534,0.0047756461511891,-1.13746965354689,0.621859607868422,-0.35636636421914,-1.19440943067147,0.717455942530642,0.0605465691315214,0.41880477193313,0.551617815228976,0.415328859092181,0.0913708042274691,0.140863444219902,-0.321893159829264,-0.759947821578519,-1.09186992583118,-0.144415545724559,0.0264695672083058,0.0929294646744192,-0.0449947086899823,0.935219026024388,0.68264864922878,0.033724282354802,-0.0340805277426724,0.0164926786784089,0.74
27111.0,-0.987165984243984,0.963661403586536,1.43283321371615,-1.29407375063759,-0.643102576496662,-0.939141232659735,0.103521561525255,0.564671142815923,-0.316991627190437,-0.755164650502704,1.08983082375138,0.37647844762492,-0.995972594481892,0.658265099922523,-0.145953344719518,0.901390234625391,-0.628943611992151,0.231848833904066,-0.471530368485291,-0.142552707552477,0.011501368623034,-0.122909110316166,-0.0022454913203007,0.54328145174475,-0.409284745990784,0.694670120871338,0.124488268900713,0.102137849105048,0.92
61362.0,1.23573800412039,0.50623410098507,-0.499798367819068,0.790558636172178,0.184741162869761,-0.957129729794644,0.275516015666738,-0.143043682530103,-0.0669249356567127,-0.622583161928363,0.22615158414555,-0.328804232077656,-0.704202241791458,-0.860791423949323,1.25809809001415,0.195158228164098,1.12986734214106,-0.233124362533654,-0.678053543775601,-0.149614718414598,-0.117696070656091,-0.279126569224946,-0.04194335062271,-0.0300766201112893,0.477001297976484,0.40050297875683,-0.0216364849646252,0.0318800560198201,0.76
166440.0,-2.69863700969908,1.62478220570395,-1.31184784590303,-3.15453871409899,-1.51149175508781,-1.5057041611803,-0.743448679365104,1.01588856477771,-2.1316140270388,1.54794759030896,-1.45305128709184,-0.843607721301736,0.187676400699789,0.547865005510845,-0.588491468738672,-0.249551951346022,0.708255768854469,-0.337018059210579,-0.862426046087851,-0.487451249004623,-0.215692602330756,-0.456253614179497,0.0468319802342735,-0.15772840375279,0.0214300133311938,-0.522926043379671,-1.25788064416307,-0.66598384584628,7.0
80834.0,-3.75473942974101,4.16927011509902,-1.2514780200016,-0.135999531110304,-0.189113787484324,-1.32682950498293,1.38407676529219,-0.5517353955646,3.33739879530799,6.36374772167884,0.104367723040617,-0.251773402607074,-0.2497578149826,-1.40828214716663,1.06045693848019,-1.23915890505168,-0.63405305651491,-0.47395911775264,-0.0860295224116332,2.40936167652925,-0.675348423820201,0.461415023779712,0.0437812341075945,0.326524880473504,-0.0632431315817976,-0.618087631082936,-0.0279206869417281,-1.28274464231626,2.69
2248.0,1.19831775429759,0.270903936085368,0.400937741095941,0.630452983257302,-0.459434813491519,-0.877013831270227,-0.0468923317867792,-0.0402482995049537,-0.162391635401181,-0.0989217417340496,1.72562961117946,0.714100975146649,-0.414415132490769,0.0248257407090864,0.435720175051098,0.640103616301019,-0.15241464506094,0.193733420844149,0.0179697191208837,-0.109188435836762,-0.228405626809095,-0.722724051788307,0.14810310344312,0.481204363398902,0.141195345571477,0.0660727132671593,-0.0300613679927622,0.0216228262102472,1.98
71921.0,-0.547852478368624,1.18729756179246,0.689840562126636,-0.0614322482990808,0.0247297510974002,-0.763225693500688,0.450229283191604,0.279341042243996,-0.645853386686708,-0.648595477834879,-1.16731511859045,-0.255374101959974,-0.088680185453288,0.583529192600291,0.670355911209595,0.279642222130937,-0.356931837099531,0.0838078509194392,0.144010612227819,-0.179172655107933,0.131014526351021,0.262611655458434,-0.157919694901974,-0.0857903156832102,-0.289016961350435,0.318352431273484,-0.0214138200356273,0.0831299591078827,1.5
134813.0,1.49818207376247,-0.888709426329387,-0.676845620123113,1.37969725002239,-0.447268402188829,0.113223900159022,-0.189453971707539,-0.0271919251047871,0.800115460927682,0.0819767020976546,-0.926602959538947,0.446125018568195,0.677058355845338,-0.054273096820429,0.855167474097125,0.47589101189198,-0.823993239426392,0.325158107503705,-0.854973856572823,0.305071190325145,0.369431041982099,0.660223758378825,-0.0558332810411797,0.611611576721525,-0.141473408612441,-0.612396863002035,0.0120928965498862,0.0189143921605715,250.0
171510.0,2.03883941744397,-0.149241526147006,-2.95672979449273,-0.577779240463949,2.60865803577041,3.14289703659526,-0.415940684820424,0.784208665066635,0.359818750721657,-0.351405793801776,0.32966105597479,0.183537364616115,-0.272791961502348,-0.597275924003755,0.583986127906177,0.178769481599148,0.473919327735864,-0.498704328704714,-0.14032545183148,-0.119268147486481,-0.351903589626331,-0.997311504354131,0.362859112332597,0.604863001611002,-0.264820280839981,0.219594924318686,-0.0393436039243914,-0.0426633318112504,2.69
153327.0,-0.0547502706358248,-1.08016607041028,1.46006622678633,-1.86753243824806,-1.14363181463769,-0.0604530064003895,-0.240340938191064,-0.151403391683866,-2.11285474625503,1.3553774588245,0.85645980882712,-0.433109393391011,0.493909310803566,-0.605968663279697,-0.369756831220052,-0.673475499601438,0.427541091470211,0.51738067407741,1.03326430089345,0.143201702306368,-0.200424276290715,-0.201943115718147,0.438737209922725,-0.049293768355382,-1.13002884269957,-0.438263330554834,0.0413392050903098,-0.0127072917664991,120.0
118477.0,-0.023847151003863,1.31395754391055,-1.70365304632871,0.89965663962198,2.52021322913444,4.53007577286904,-1.1187360112516,-2.3903628786393,-0.775516429132131,0.725226323572211,0.235923373814691,0.170380748512648,-0.163276029735184,1.17887449590497,2.18079405293845,-1.11082691889295,0.554279478993791,-0.208693927290061,1.93887022190831,-0.43933593129479,2.91884282542193,-1.44100270401791,0.0626455716480414,0.651794790891069,0.653083603723977,-0.248340607278954,0.406903818516104,0.273521243551958,34.0
59422.0,1.23196147714305,-0.434462506349544,-0.353180978426263,-0.312595909916549,1.43318641459256,3.95662797720679,-1.2019193124641,1.07164334814072,0.797960335232736,-0.181065671003018,-0.505376313844732,0.268831430787855,0.0016554182531412,-0.266007708194326,0.387423402344866,0.489388497245141,-0.674259422196508,0.209296139066571,0.331168848950724,0.0288354828461797,-0.143435333718832,-0.376046085176724,-0.006577129573645,1.03965500210205,0.413008924057394,0.331772082239704,0.0187912239772941,0.0209350004684865,11.5
45298.0,-2.3062624288831,2.07148484069536,0.334762662256477,-1.44258274079045,-1.21621793371093,-0.958349043047671,-0.588306479611787,1.41190486360096,-0.219538003103933,-0.306688262026311,0.846080313174187,1.1849134907228,0.153056649286159,0.870053148099577,-0.275522543583938,1.0930612826178,-0.449209808844925,0.205779471678913,-0.501712551985531,0.101126429957899,0.0073862750356516,-0.167010414922465,0.10891010677133,0.349585759051297,-0.14524683623466,0.722538678293046,0.193404964187155,0.158581352221647,0.92
158764.0,-0.168557846267816,-0.0186421005962961,0.941015763199966,-0.572208180722066,-0.386237531452759,-0.448054648916422,0.545003577832794,-0.0237831372704305,0.341010663697549,-0.71873460377059,-1.02144305597967,-0.118540524092349,0.113377490699474,-0.182763577023436,0.492652861369179,0.536055415585967,-0.732363075861692,0.174655095709178,-0.647059102672134,0.130213771539663,0.331249540363663,0.800763319801508,0.21671645974401,-0.0503645880100486,-0.557845376719862,0.580869275387101,-0.0022910619491977,0.0559836498617115,120.0
31532.0,-0.722933851163271,-0.100767942110579,1.76800466415931,-1.5826265628635,-0.664854326577353,-0.633222236013682,0.0946118876409702,0.145085344611186,-1.01685360655644,0.156692843034633,0.961126575699485,-0.119659247590055,-0.710690269812469,-0.352258853907622,-1.75007923156011,0.964507897300824,0.243393540555732,-1.17613628863616,0.561534022693175,0.262723661108975,0.0728882383077013,0.15620765272794,0.0144076093022351,0.514744540242936,-0.0454992896072457,-0.506692323122674,0.322748091713602,0.177528034808962,49.95
48276.0,1.28865423602344,-0.71788990372904,0.670403120106392,-0.559679210556135,-1.1209803345821,-0.121444055686779,-0.745431258286282,0.0545426974794804,-0.643099502606316,0.64701123411143,0.657505789741059,0.942742528709951,0.569047273139722,-0.238375552966751,-0.865572386240897,-1.26712984145985,-0.0903921826480848,1.02671923985943,0.0695703967612298,-0.401244587212668,-0.710361605483708,-1.50466582023039,0.181016237385212,0.0179225029485918,-0.0224081055983731,0.72795359579688,-0.0373289585133687,0.0076466850300842,29.7
109899.0,-0.519184222865646,0.656272048861996,2.25408726748063,-0.295476790327231,0.228944854358767,0.20295359517748,0.303784828507329,0.0056781448180309,1.5103907536534,-0.929988560128449,1.45177218332576,-2.82367874363466,0.0902673802007284,1.73881375179485,0.13981544367517,0.0301523252070297,0.0719732186517351,1.22278705224518,0.893357072794628,-0.0231619992076963,-0.291396944796896,-0.484706045066295,-0.332915423322709,-0.541109207146531,0.211176298294363,-0.716705031712835,-0.0908224973445133,-0.163135869438026,2.12
84465.0,-3.90459617398494,2.52484010272661,0.559523584035695,1.62092192839064,-2.18659504762006,0.133122569302264,-1.11373655553975,1.21957666345645,1.2365267434374,0.756297842765212,-1.48688531719418,1.05823187362586,-0.25065092199545,-0.289253128653367,-1.57899902999954,-1.19850230413449,1.47224550490727,-0.701579457346861,1.53258296336861,-0.383255379279603,-0.0819162996743733,-0.620601226481974,0.105455196784985,0.713124255076171,-0.0822122407831848,-0.621419165332947,-2.08681248641156,-0.129916384376165,13.5
136126.0,-1.89495073372523,-1.93104951075821,-2.63640892367818,-3.19683094606878,0.0354480869214038,-1.90232830753945,-0.28045239710761,0.554251903849541,0.19634786400269,-0.825878307798405,0.209862366593868,0.691562969021893,-1.06900251286087,1.55464737018583,-0.151932517568866,-2.3253825779066,0.187094566785611,2.01806723554887,0.167208858161162,-0.619186575370486,0.130796747437272,0.5155568116735,-0.099605839964009,0.724381500610823,-1.62013144459933,-1.12203118903414,0.514682635688653,-0.160758753233128,149.98
46086.0,-0.718412974627926,-0.427708367928416,1.4981165231182,-1.53052896950114,0.256866486221196,-1.3836989249644,0.538905392854044,-0.464339975661137,-1.4595922213171,0.219488191336201,-0.500979646759673,0.0566030568874487,1.24372089164346,-0.374880976258851,0.0966460407889122,-1.31360433013129,-0.43849186087882,0.845122167743133,-1.33027141279678,-0.114272397921281,-0.246728847211747,-0.319903225916597,0.0706892286992215,0.437195550410241,-0.254585069428545,0.814603466838759,-0.16429977978395,-0.0914323769649851,54.94
72199.0,-1.95848780322245,-0.137687751494097,0.784241566895001,1.4851104165055,0.691626835769997,0.0720726956624394,-0.0812129685063704,0.6788235461557,-0.516013529098271,-0.0027938753592453,0.618584658090901,0.791618074850725,-0.276132455048222,0.501807453249548,-0.378059066761948,-0.745650142482026,0.403671010618761,0.0223597303418784,1.22270213073497,-0.090903333472353,-0.014054276163384,0.358390826122342,0.754259996916995,-0.304039601226818,0.15667053499033,-0.193195090498184,0.306557316753361,0.0130993618109943,40.25
156631.0,-0.822597150464348,-0.413778480920968,1.35184365138647,0.334566123405473,1.10705703856836,-0.436016250546068,0.451200340912207,0.039446987808525,0.446551208664226,-0.456628544678338,0.224902574365692,0.992197027783179,-0.668757409376733,-0.29262752960359,-2.65618145658261,-0.212501154894876,-0.635806054795135,-0.361467086534572,-0.328246118619652,0.0542634324418443,-0.276919366609873,-0.769807054782534,0.456649035845152,-0.0884889418745091,-1.0595824885907,-1.40038317657315,0.0607483190715145,0.0338538245202348,56.03
18195.0,-0.745109554084444,1.13245664556854,1.79316871999326,0.0214425331905771,-0.0691469255262751,-0.656198302679168,0.619230590713435,-0.188729158232523,1.21860339262996,0.153227245410133,2.3319037710529,-2.56822693556744,0.238357539095093,1.72762212966582,-0.407565636642818,0.252900387032911,0.116064629250823,0.457234351487995,0.0087613567823485,0.160105095509163,-0.393208094958936,-0.734639831343941,0.0016161759025969,0.416031985845423,-0.302473218989903,-0.029902698062436,0.0289877899802564,-0.0460088760734243,9.87
39900.0,1.02986935310552,-0.180692552895825,0.237774787936822,0.432555900789609,-0.349303849148689,-0.421727448745849,0.0987056409712795,-0.102193998522631,-0.24103671870144,0.0341246510531512,1.24195706719364,1.18731460301401,0.841517692304543,0.307463200476262,0.324081011981462,0.564191740446962,-0.81286389837137,0.16233221490167,0.207150977806983,0.199334797060178,-0.0005588212229588,-0.241175067517717,-0.12132088065028,0.0585562252593838,0.325359764665462,0.355493396442747,-0.0593232384330443,0.0217717192610164,115.0
128994.0,1.99195393147107,-0.0461120978199791,-2.11258893890251,1.20044751726821,0.797251409922062,-0.551697252524225,0.633663417973831,-0.313877891644651,0.409307352529659,0.260771415794257,-2.06947227509443,-0.519393657429469,-1.00966732248944,0.670924934516731,-0.331709000662648,-0.382089612882426,-0.452327807692923,-0.19156440381907,0.159652104529224,-0.212293062215462,0.0046607430670483,0.0742130249676376,-0.170254528108058,-1.08047140334334,0.545283375387335,-0.427374122516196,-0.0329204272865013,-0.0647718661879517,65.46
141699.0,-0.584944587424929,-1.06353024356629,0.340218288914107,-2.94182219678327,-1.05107934740804,0.39303009074357,1.16999073301695,-0.148052803215054,-0.144532465988477,-1.15712653767363,-1.45729786538631,0.245073488229112,1.39587396243079,-0.363295919569438,0.919320351649053,-1.86304509005911,-0.277504931835471,1.61165236700178,0.625727657336857,0.40309934774036,-0.343025306937806,-0.957973230068324,0.803397195588178,0.0164035826255237,-0.421415868839882,-0.52368484751501,0.09556876626041,0.20361000237457,341.64
87685.0,2.04568287929926,0.0887311016473878,-1.73356380914972,0.556774893277519,0.0097704062995095,-1.56574655827491,0.178296198138783,-0.311831061734213,0.820357032964381,-0.429489584180961,-0.600768442015035,-0.742415456845892,-1.52598359020809,-0.424095875326614,1.06470130111385,0.271930058229789,0.486956128877999,0.684448362973718,-0.427273230762069,-0.293905698895306,0.181762724119158,0.615792298946856,-0.0055575166439575,-0.0588127412464542,0.19872353065135,-0.0994559687445683,-0.0132587797559489,-0.0334040367640544,8.56
124595.0,-5.64445772143785,-7.18242402864105,0.200495553123603,1.63460078685132,4.61848685762893,-3.48452867912961,-3.89247039856587,1.13996438532471,0.823252767756894,-0.506285573497915,-0.30958245564584,0.740707635156965,-0.681551989136513,0.908205889812306,0.0402675199702008,0.310942446672194,-0.427432144962044,1.43659534015848,0.382693904960589,1.90051048844231,1.10813172985851,0.614812601141121,-0.160855141724843,-0.477106283238375,-0.853954178830801,-0.26821732836347,0.26934653724113,-0.983740474065502,25.39
64241.0,1.30147266260045,-1.42048324081814,0.830971936962943,-1.20607753175656,-1.79165306092687,0.0279706946210664,-1.36252229633563,0.233173775225962,-1.44661147929521,1.40961568493781,1.08963326274248,-0.428560761262849,-1.04893973430592,-0.217711607843986,-0.809760496630536,-0.817449681925798,1.03980898550186,-0.303789134303779,0.0327663399894808,-0.377975497423544,-0.417923555051686,-0.835189800133544,0.202338485387735,0.155951645731701,0.015822410321825,-0.427102208088708,0.0509854288198042,0.0200176223686627,52.5
150315.0,-2.46908393894042,-1.36995218368938,0.526354098260289,3.15743015756698,3.10499899054057,-0.164145190542363,0.151019567263895,0.246314557092363,-1.61826250185808,1.14606582171829,-0.274327308442928,-0.282897998043215,-0.326472938801354,0.253842406728345,-1.65955096950873,1.04113340745173,-1.25640092959021,0.675732668618435,-1.11754555676241,-0.432901860586305,0.307564013064496,1.31094483920117,1.50172824639665,0.190972581136478,0.273947296219241,0.204930145068955,0.233627556388908,0.0730200298827432,10.59
117850.0,-0.072483707897257,0.500649468093206,-0.207602861252266,-0.279913943830325,0.562016834071553,-0.0655538532399952,0.370750559870649,-0.831294279811887,0.361811549698515,-0.295603415504316,-2.15794325891042,-0.999022588352939,-1.21960422466667,0.334116088290563,0.254698881689747,0.173378105022172,-0.534767304032888,0.210383715727403,0.467857573876448,-0.391924231129956,0.764322840450415,-0.139547278777476,0.0162903311644703,-1.08024827616084,-0.678105785377133,0.287396155785344,0.178114687369098,0.0756513537501128,50.0
156694.0,-0.919253938451288,0.827032395294466,1.05738379280545,0.285671342427509,1.37729534403886,-0.1132560676511,1.01190641678687,0.0021536645847788,-1.35086696803184,-0.395644992170037,0.989394971369649,0.816435209833725,0.744596923211548,0.466079488259618,-0.138840434249223,-0.162293717776444,-0.688231071899655,0.565230828745189,0.112051857226164,0.197064698647201,0.372361564909028,0.91545597878942,-0.48436701334959,0.741272601527849,1.07680959463801,-0.275095135931858,0.0205475573324958,0.061951932221452,34.75
138968.0,-0.433067274818912,1.84792601198555,1.94749053473417,4.43991633916862,-0.092894297128658,0.83778548999079,-0.0846286341582887,0.53623421181795,-2.19105177146955,1.03138611596003,-0.912867120068499,0.452766878662059,2.0868096596742,-0.057807375875341,0.679181994153913,0.16051099209809,0.169882818387643,-0.130603444649128,1.10564310536765,0.170151149688003,-0.0599868780615456,-0.136589005903134,0.055581778309402,-0.0179783192867483,-0.70856199117153,0.0771812515890148,0.0967555207866747,0.117574715950016,0.0
157578.0,-1.00944610625058,-2.02964369599628,2.39035823829539,-0.982548715882992,-1.07256059437823,0.842016804966934,-1.63300154067722,0.765892850911043,0.810257558530318,-0.119815038621513,-0.892702969168829,-1.05606089342923,-2.32857959649581,-1.09102022456003,-2.25923442977276,0.828930912036445,0.642779522383117,0.0011573691385281,1.66777681770935,0.435177959562438,0.515123461921854,1.32325760282358,0.153295291813349,-0.460626658691866,-0.375969051798256,0.0833614854399158,0.164494624249721,0.179398071982989,126.5
131672.0,-0.391661764094558,-1.24588992413848,2.27516996314271,-2.97741126932589,-0.949443795400461,-0.350964619286908,-0.492800606790375,-0.258324467735191,-0.376299410713731,0.755281129115784,-1.88000687993039,-1.6285277311909,-1.22678941763511,-1.59737636266558,-2.21135627790356,-0.42904431040697,0.16572717874065,-0.0775301841352617,-1.08522674962896,-0.471186986626594,-0.368284238108211,-0.238849140158549,-0.0570217018869417,-0.0274388604601161,-0.589355687185756,-0.599703561658918,-0.291979396993187,-0.237723994918919,16.0
48681.0,1.17521905958896,-0.250400328253077,-0.128147836970481,-0.0330832794379733,-0.280901387889255,-0.661548624232106,0.118300188211362,-0.177482416569726,0.26355084559048,-0.156409876192437,-1.05774662102353,-0.391991055601107,-0.381644673607955,0.377617930132722,1.19978226916445,0.565589346210248,-0.570197891641536,-0.283873997539777,0.375207105435083,0.0996886565159673,-0.240703195402057,-0.941415175854334,-0.0577829074069836,-0.419503312811632,0.21689934247718,0.848216798799809,-0.107832809530624,0.0117611507620144,94.95
27958.0,-0.426589083390226,0.993115610990404,1.38269066174869,0.011590841823455,-0.0547473954197445,-0.808569426818682,0.553520844003887,0.102864508514388,-0.55999016693925,-0.321933486718815,1.54814206240703,0.301501972003681,-0.709688250314206,-0.0776992335618988,0.257662033411561,0.552629201678173,-0.127377279464095,0.379370172410467,0.125994346717658,0.0879754671845849,-0.202376071409836,-0.59944769799221,0.0197610087188404,0.464431711805924,-0.239200109392926,0.0440886901474695,0.235240286068304,0.0895279056315785,6.25
170147.0,2.18303067362351,-1.52346341960643,-0.723994439069864,-1.44645902809487,-1.48037531469985,-0.66606040884554,-1.18703053761867,-0.147462703155826,-1.09926372615619,1.53401235123293,-0.707449397200925,-0.799089610099404,0.15189732798226,-0.427356528004731,-0.0298335604899231,-0.621566677283067,0.648783616863192,-0.182573485792758,-0.392550490528954,-0.362948556930173,-0.113572978601955,0.0697059226705246,0.308773663310633,1.06108689348862,-0.319580279125374,-0.234479708730364,0.01077941974377,-0.0298747271180351,55.5
49325.0,-1.32332195121506,1.52156196992419,1.22776913912882,-0.538306108290413,0.616794906565781,-0.351622153627356,1.34191537219738,-0.909074998340248,0.476731619573795,1.81301033116714,1.34281498650189,0.387424583266581,0.326272144058145,-0.738139311497008,0.128477380591724,-0.139485888108385,-1.15078695406355,0.230163798185586,0.356077767783034,0.410711168925633,-0.0159989324296832,0.507968833846109,-0.302493444553193,0.0319082166308883,-0.303687567958072,0.0978527604715117,-1.46722681522697,-0.938244858859991,2.35
144717.0,-2.69272038616638,-2.04099074444538,2.13930580221744,0.424112662110831,3.05857145895539,-1.34597110455462,-1.5043189439621,0.4648341660305,0.148925291647923,-0.630552777489379,-1.92361573396532,-0.401382824820219,0.187622856079111,-0.056299798868889,1.01243430346791,1.04816074082009,-1.34416228173105,0.845246309650106,-0.775381351298224,0.645751158774214,0.25668459230159,-0.166884882858328,0.0771699875489449,-1.13238877705303,0.702484321307193,-0.6300421032996,-0.0159626442809529,0.12354625345531,13.88
58808.0,-0.142539390519328,0.0416211365419909,1.51063739199196,-1.04103157588068,-0.672879405417579,-0.658599290960031,0.130432221374996,-0.0866785820894534,-1.00214711067029,0.0472832569582099,-0.796924723380205,-0.658783751108817,-0.0089483730403222,-0.583195465628773,-0.695306593659795,0.506212282818747,0.671860315966757,-1.5776534448175,1.09664519070206,0.152490233769632,0.0608799314380491,0.185911300125751,-0.117475597351465,0.35815054910432,0.140821457295035,-0.281561598882762,0.0307675104680063,0.0198663358311468,28.5
120453.0,-0.457907556720912,0.948422705803003,-1.3746041610149,-1.7843148387773,2.82046355063375,3.72310264585785,-0.214218453286716,-0.63689983991774,-0.0305920170153908,-0.24517711819372,-0.217173338626832,0.155618768510631,-0.421146600898407,0.408498968947739,0.0066000356534534,-0.144024613040574,-0.354934414815196,-0.81431242984799,-0.238207564423126,-0.303734850502416,1.26161695513751,-1.23790744192447,0.336778886453423,0.659259593992648,-0.422067185406931,0.174397070638827,0.333839682122459,0.106451515967427,0.89
70171.0,1.1873400010552,0.44863419640175,0.537587608065018,1.23856873925734,-0.41405008595679,-1.23479225242659,0.340114586316533,-0.350743642565365,-0.269781071795213,-0.0323658508067464,0.324735679598886,1.11856779218784,1.32399089231613,0.141369091593719,0.7264404347864,-0.171508638994372,-0.313216211035169,-0.497276186543327,-0.584309342951907,-0.0487152304881773,0.0852306709184047,0.335222998026251,-0.0595683895908446,0.969684750003464,0.660666237584772,-0.367289026664844,0.0216973248344991,0.0306585626278696,15.0
89816.0,-0.464517331879573,0.282241203493067,-0.510214590805732,-1.68298146442894,2.08460435636907,4.04101551989563,-0.417769282904724,1.14624404180199,0.809111875488595,-0.0454898267389078,-0.400444205241549,-0.0018747219835031,-0.171412519828706,-0.325682997740466,0.367256579613739,0.231164785075314,-0.706002099427743,0.0433043248141464,-0.670461086367852,0.142253624970219,0.21262033588676,0.844329987560943,0.0106955577365945,0.754003133783685,-0.322589715732299,0.5868629645557,0.298900472856631,0.173950631022337,29.99
46411.0,1.33284931179458,0.389198249184276,-2.16559660467804,-0.306872623831362,2.6413512514436,2.80808376427436,-0.171626636099457,0.683351733616692,-0.29796200128389,-0.652096600406493,0.418002664896219,-0.322436923729675,-0.143469154599387,-1.15452429586619,1.157633713505,0.878174917750572,0.536917519702814,0.712873012618197,0.0067735552253612,0.0536071193018422,-0.207432404472897,-0.692416684181818,-0.118597511644349,0.891479667860564,0.730240364330148,0.384013445762976,-0.0284652724675567,0.0361233094119335,0.76
59999.0,-1.99335578106344,1.77596644852031,0.0003506713453347,-1.36377951758128,-1.02062941036431,-0.880757085568745,-0.273748799200724,0.969416627635219,0.278922912524045,-0.301636289602388,-1.20199307773246,0.289788398240714,0.39742154215346,0.385881936882764,0.509177368339701,1.03399818046682,-0.52971620605177,-0.17646980507849,-0.627175722652474,-0.0190654128789074,-0.101075111232199,-0.408192540300259,0.0189038188155724,-0.114132694797959,-0.0621391289273174,0.716758697964323,-0.404335588796472,-0.244140366781787,29.97
37572.0,1.15371336703625,-0.549351614859146,1.53905418951489,1.09796228045392,-1.29541083767813,0.63523598012072,-1.12550260965179,0.349226876692891,1.90312489316833,-0.471691395060107,-1.90650306147992,0.391969066716703,-0.500333915533681,-1.08538226134495,-1.458650031111,-0.314284650630529,0.245540305512682,-0.175929364975524,0.590764268047484,-0.139573726835238,-0.132828841497209,0.100540130307567,-0.121748318188504,-0.0440414524725318,0.455805020093347,0.517329788273565,0.0513640782550394,0.0220233466076606,10.5
70771.0,1.31823933369853,-0.961746488698498,-0.0173900805185957,-1.1575630837003,-0.393975843313518,0.930520650706832,-1.04444234207872,0.306628941456155,-0.563030349977122,0.745874892345797,-0.0595861063974738,-0.867352431854391,-0.366243206389914,-0.0386082760869668,0.772598327673868,1.81101925290472,-0.432178751727091,-0.308346972867331,0.890842663742345,0.176332047731519,0.289897019039867,0.623230761904985,-0.316034127496981,-1.68346926344395,0.529564933913651,0.011201468605652,0.0203833275269321,-0.0009774267072024,66.0
53563.0,1.25930687840503,-0.297857705053658,-1.08509706949669,-1.03032948824406,1.83067832907859,3.21669308690172,-0.596736391601178,0.805550452030512,0.123513811370399,-0.14774073558399,0.0401566077934057,0.115548649742679,0.0811079075058192,0.366014112417434,1.36199084876633,0.69291517636437,-0.857914073432882,-0.173285766529888,0.448425456347077,0.121761592425953,-0.355656786277002,-1.28443901137429,0.133654476669883,1.010899052801,0.181077943826232,0.486031006855346,-0.0635912375361589,0.0142674862261408,40.0
158597.0,2.03074815508518,0.233896761516788,-1.4720111231557,0.519839683656107,0.287614761755017,-1.06294431979448,0.249020470847032,-0.299288909459585,0.30833718475553,-0.416478778901278,0.104287507991718,0.858518539069207,0.958077172437737,-1.00459104353725,0.107327821081488,0.0637473840690299,0.65779050786728,-0.682988578642405,-0.216801827601007,-0.115010606285361,-0.313937524586667,-0.747003151151046,0.397162882469691,1.01958583566029,-0.307529041177627,0.142016161847634,-0.052451631834861,-0.023714173111044,1.98
25221.0,-0.678543531017499,0.83999162327482,1.19413513650094,-0.30762284557798,0.511313649750427,-0.16717573435198,0.5506001365043,0.0861533673973212,-0.551498372824786,-0.0296154813672136,0.608412422099555,0.487993327522783,0.331073188224134,0.203405333415541,0.203304623906714,0.621176847687637,-0.969725798052893,0.383750335685852,0.633649229743572,0.105444226753802,-0.224381814911613,-0.599444011529078,0.0400591363959422,-0.514129217700023,-0.0740557797149077,0.0988907807650331,0.151449455699161,0.0808904475602975,2.99
154679.0,2.09165093127027,-0.169024972555345,-1.66856361483083,-0.0588370619566535,0.684832990296816,0.148901847913432,0.0036609523458596,-0.018511697955682,0.357999769969186,0.235923397735132,-0.0420330490915212,0.674442778951823,0.0862130750003546,0.414887858727695,-0.524910213386592,0.439062224501952,-0.948905266785957,0.0280017063501791,0.852307168711438,-0.139732753553537,-0.311108349379688,-0.854485836355919,0.225296211227974,-0.354132316333884,-0.171975839170299,0.210692989478312,-0.0829887039223264,-0.0729716562811692,8.99
147642.0,0.128959006508629,0.373594563561137,-0.313026220020731,-1.36330786279671,0.394836812419847,-1.33915559352661,0.655479067355619,-0.309589227253737,-1.30663391915395,-0.275821124972905,-0.620555024384586,-1.21048383295243,-0.354561754614897,-1.23421021624362,-0.331317101264059,0.768562389006873,1.45741620838399,-1.12881417899373,0.946743009371196,0.0985297322079715,0.103840727877082,0.288934098351933,-0.0145189312062756,-0.182234167306587,-0.754235583180251,-0.329303533403687,0.20619201284748,0.238054174189816,15.0
166766.0,1.92739349637167,-0.253274868223127,-1.19467924140112,0.245947131422712,0.435502304694559,0.330184572372163,-0.112731642923952,0.154563163679405,0.63046980056473,-0.0505960721798895,-0.189042145248785,0.354515246075613,-0.627551610598237,0.490391760303905,0.930895039777542,-1.00475202141824,0.627683152641538,-2.22572792560614,-0.987117144776219,-0.367209890171488,-0.211506681675808,-0.391931611453323,0.436245743682485,-1.05097561462889,-0.547442564319816,0.298238373187499,-0.0214795669431836,-0.0730838927357643,1.29
57018.0,1.21413230286171,0.271086542604009,-0.292709065195996,0.880705569708567,0.287800832056747,-0.252425785698255,0.246389772117979,0.0492299562956051,-0.25847004911666,0.221704889249311,0.970540194688821,-0.0356160721349377,-1.77559821941213,1.11222280905188,0.446605110768448,-0.136548806902388,-0.305714530059765,-0.0053755728272321,-0.18630563605905,-0.277173616555707,0.0404389644125518,0.0921591566465116,-0.147433059772857,-0.334490507181473,0.735434106908058,-0.257980332218355,-0.0068366134183933,-0.0097868386956907,0.89
29556.0,-0.18349765377697,1.11688491562203,1.02970505068999,0.315954050047899,0.672020427918219,-0.339462012469422,0.943947890811851,-0.179749831285584,-0.725322586827917,-0.455959628360686,-1.0625507660592,0.334703198746119,1.44439663026523,-0.0477881318963614,0.617492365827208,0.139421241391692,-0.79492039962921,0.118436162752355,0.0748199161018392,0.0307016504862756,0.0621394780120947,0.251459455948909,-0.358307704519737,-0.425916990484925,0.40880083516872,-0.32067486409877,0.0462081963025345,0.0204065995909672,8.23
137775.0,1.92066928018816,-0.125102083483398,-1.83097384568828,1.239533325121,0.454850369733939,-0.626713563034513,0.461312415654021,-0.146641490228916,0.264224411253415,0.463699055545993,0.031930773211454,-0.171793030200618,-2.25327177958808,1.1120206602553,-0.966338278324491,-0.32734585538626,-0.407642923729378,0.218046467545711,0.214457281081127,-0.308216792767809,0.0813767431186784,0.225762497069914,-0.0816279501621116,-0.512407928801947,0.396642095179151,-0.480609312553031,-0.0409368690149727,-0.0722382637020391,56.08
75001.0,-6.00577857563462,4.77593369053174,-4.2847565067601,-2.71526202476412,-0.989946362291923,2.51259907004778,-3.32409232769446,4.92979199617107,0.432256199831597,0.710743210290529,-1.34790483028234,1.31444035486506,0.470816183261055,2.1665033171901,0.502364017041748,1.78465238181517,0.248916482068703,0.267740493693785,-0.691148359476176,0.599718500040132,-0.0757240413206205,-0.833162011203621,0.52334195102384,0.982059840813781,0.599770608802541,0.80585489682871,0.282622430499993,0.26871055944832,0.92
50548.0,1.18803408239395,-0.124819279849962,0.624954494157466,0.869094207554658,-0.812080410711139,-0.681420938530614,-0.206495523697717,-0.0035678703384503,0.787300523413652,-0.167057084046111,-0.940237182769392,-0.415029345590785,-1.73065998528372,0.227224973440028,0.0509403728366699,-0.103702790961161,0.0956959936210251,-0.512122173656504,0.226832988454467,-0.192068003956947,-0.307877030469558,-0.841655691509428,0.0826343550054423,0.3690161314639,0.273037458946516,0.184190205156797,-0.0297452032358163,0.0165402156934916,23.95
145608.0,-0.393946649220631,1.15667943688225,0.551040491709561,-0.110830076199037,0.428035898769689,-1.36352171067921,1.31437641803623,-0.331296371190618,-0.592620853943842,-1.35075379341405,0.0621686975725717,-0.0655554971008309,0.268646441050881,-0.995509091175717,0.868540689728919,-0.0839259073929105,0.768716112478772,0.562331520292365,-0.185012943482293,0.09207060941394,0.225006331838163,0.660551767548158,-0.467909418792129,0.399178615551064,1.05517126995258,0.0777576262312241,-0.0610810312186892,-0.0330803835252279,44.96
42294.0,1.02582916112726,-0.0804461425140336,0.0462078323563729,1.01569322006206,-0.223596817694117,-0.434278401403448,0.189874091621689,-0.0456437061305545,-0.1440022943045,0.160230782605459,0.870974471504684,0.341689978699615,-0.818257062062952,0.7498065446058,0.34505273360338,0.393899647420476,-0.748732768224042,0.572436036104717,0.0170672533126977,0.0353780757386473,0.110236199911027,0.0574013414408478,-0.233476696007811,-0.0067442161310527,0.636955045443184,-0.333437018022375,-0.015206676648376,0.0229589328277096,107.1
69463.0,1.23345072289022,0.373885019155551,0.445630853961087,0.768584921211056,-0.517375288807008,-1.25623261602589,0.103777253688256,-0.23312617647612,-0.0122501879422099,-0.287495766372459,0.250545900647121,0.421233733573141,0.316886742961173,-0.297420080511607,1.053882008115,0.376565518162133,0.104714631663743,-0.423650850197814,-0.322206126388706,-0.0818211104945732,-0.264479205172249,-0.757797012586292,0.167847703545339,0.675550219297309,0.177621842454194,0.0737135455060863,-0.021678871161785,0.0344456210607011,1.79
141021.0,2.08100154065542,0.212701058396189,-1.70921472355464,0.397297365979767,0.507329074767232,-0.833634869237785,0.232771419601137,-0.274379322716828,0.387308737804167,-0.399110968468986,-0.491198954609709,0.516919933007376,0.802986709902295,-0.99298192939892,0.128975065876959,0.297658853846884,0.412356137478086,-0.379942567605997,0.0683656556667142,-0.109265953359307,-0.360276401062575,-0.894290879723764,0.325216795367988,0.501892517525832,-0.225978245242413,0.172615461551738,-0.0578334814313526,-0.0295787615777759,0.89
124084.0,-1.23206775737881,0.348239628184451,0.0380883997182139,-1.4542242909785,1.65231668338584,4.30838177845029,0.0861717594725676,1.51289987951105,-0.401862852197967,-1.34222301005662,-0.205854929166541,0.0633815299669008,-0.062013838111734,0.511652728666868,1.39759043680305,0.180184920411458,-0.399841110742105,0.111007068294124,0.160920211304019,0.317331739022255,0.0013135337694526,-0.533378749546471,0.218888611023307,0.643502635876022,0.41247146692896,-0.391490114107078,-0.089619636876476,0.0183389382921756,171.22
153186.0,1.86407174494254,-0.338964747711153,-0.460771538360293,1.40713989061686,-0.261722191851352,0.250339388573729,-0.383080077848492,0.202538378070772,1.06795489641007,0.165496112890915,-0.0559075353501481,0.869206784692752,-1.05787800423562,0.0819990496158852,-1.74658013606628,-0.130605958248068,-0.338954638901327,-0.241820283446845,0.57780452255223,-0.282184918214457,-0.488283737489043,-1.22622519043726,0.372434875942022,-0.57247755801806,-0.347779500530036,-1.09458334978502,0.0437039417577652,-0.0426128607410484,31.36
140623.0,-10.1711863709643,-4.85489177899157,-3.70450119480674,1.45173302710803,-2.99728327012395,2.00550315599624,-0.474209073825163,1.45387950894904,-0.298509877283466,1.47002204790906,0.592176446418753,-0.0402143663853774,-0.224928495965305,0.794574500894302,2.0019546622878,0.776180757650627,2.28056386967504,-2.02649972827591,3.65014566314859,-3.84423488514821,-1.09220461421823,-0.354882058643168,-0.516365126509961,-1.3848304894269,-0.12320124926789,-0.116515709117657,-3.04064686927259,0.339494808356261,150.7
132415.0,0.558088406602241,1.54418564764392,-1.83758247839769,1.59712138441822,1.29881127446545,-1.55510564471934,0.999191244925669,-0.266938084353551,-0.369895739975764,-1.12856956829521,0.284945485619793,-0.573370107075191,0.22258550653003,-3.31523569514868,1.00613685432029,0.703110141743537,2.45815715885876,1.70683819772696,-0.50958096894282,0.164082693963071,0.158707062748795,0.738486480031303,-0.0152521902444354,-0.311555079436149,-0.610586715589837,-0.426720543565725,0.407834999875501,0.176907560429643,17.55
12763.0,-2.36992690232107,3.43660746306236,-2.97991805096822,1.54736341782653,0.352342048682512,-1.91421484170738,0.466934296161883,0.111773065478329,2.60551395589834,1.37077941774451,2.65280852891922,-2.11263874343298,2.44762110382913,-2.70370566307716,0.62517065866676,0.281650456471566,4.00989042412662,0.886705262862859,-1.40817360639951,0.778570788755302,-0.626598058514141,-0.218347848368898,0.625302632589994,0.200171256927119,0.0328657855706844,-0.378954130935485,1.25322758828479,0.468299560461245,17.99
126621.0,-2.71014547697145,0.786493224164045,0.244362878159504,-0.164349380545805,0.298464190620209,0.488172443293569,-0.851560358040252,-2.76939911888082,-0.316157035743554,-0.622432829458245,0.702483130148369,1.51178523284138,0.465981478529009,0.563733621861871,-0.596583345618158,-0.5345334923684,0.431955517102292,0.106288636245497,1.74776855929672,-1.10511527128598,2.82212336495804,-1.32587262570481,-0.645552846106736,0.843874012097072,0.554037892783908,0.19224499005058,0.483491925828086,-0.430273070628923,79.54
127309.0,-1.04613658121969,-0.244618637752125,3.39476795382564,0.312841592866265,-0.920304946420186,1.79489506595845,-0.504818388459447,0.0797735454717535,0.860890639937142,1.56470929296292,-0.398523772549269,0.193590317335147,-0.207683298079359,-2.01407893496364,-1.81439468194918,-2.2394653381926,-0.0007884144520207,2.23837157382309,0.501098054599962,0.166619269691459,-0.492295645813187,0.365791672337611,-0.545132050286377,-0.404457316557897,0.494099913291451,-0.216847026101583,0.206870126819565,-0.366479500952458,50.0
81806.0,-0.598107015620711,0.154936912286079,1.99192091074296,1.29494681131825,-0.988058388838815,0.132521159632272,0.515741047979796,0.113659081546401,0.1074032375852,-0.431974731862685,-0.952145546134664,-0.327137801168141,-0.421293955251924,-0.170587682805221,0.743564407402474,-0.0303480369276957,-0.166119241790064,0.603963570980531,0.277834346436149,0.351823359135161,0.355464866436007,0.864149927049248,0.269726506018162,0.364940825844578,-0.421091901027201,-0.258294951607184,0.16789812673972,0.19607687917868,174.6
168125.0,2.03599015287299,-0.0430658039606613,-2.23396870951881,-0.135692788872931,0.699338191449997,-1.02061364156098,0.654237892686085,-0.341805715118684,-0.0168167505310871,0.173559226892041,1.06658275775773,0.729540641453628,-0.556946050013214,1.08784028278363,-0.193866264827385,-0.466915350506159,-0.436782739383952,-0.0631306908256787,0.317695543146962,-0.179832944676966,0.213731205095746,0.616605247199475,-0.0279567873177376,0.753587303863857,0.385775148725374,0.18858142083414,-0.0992589410122553,-0.0782794382956312,31.01
123029.0,2.07450220488457,-0.894334372052688,-0.336287376558377,-0.336803952121099,-1.21551691809343,-0.728571180694614,-0.822164023423915,-0.131885220804268,-0.0227992329656289,0.799412298963599,-1.05389644817296,0.0842851984474557,0.4086857176316,-0.204018433554398,0.369802380837991,-1.07362940365752,-0.260842959542329,0.862859631601572,-0.78163606647377,-0.548880359311636,-0.614763551681276,-1.25043614970003,0.496537367708127,-0.0787336636422225,-0.759005795882532,0.233499471277286,-0.0179362789223853,-0.0352789981720869,31.98
92032.0,-1.58555780941844,1.71763687020159,-0.370081640458274,-0.986008470362646,1.12748629815333,-0.416714632538507,1.5679767190502,-0.833717019441243,2.74900453260585,1.56020117048655,-0.613941630959427,-2.69471009280064,2.1585273277309,0.399051061636306,-1.231590239953,-0.405009364013034,-0.332483420815402,-0.359310223877506,0.135302251022211,0.55646524631592,-0.707296867487009,-0.517637425989246,-0.146906832288755,-1.05043026424598,-0.627725651320523,-0.0084929624518205,-0.859421890234079,-0.86259752047547,29.62
139003.0,-0.956822365344656,-1.04871208045787,1.38792387609959,-3.24132270264517,-0.848102191546375,0.608051802857606,0.348304359471658,0.150598976543929,-2.60413152756026,0.377467348688414,0.376976641448171,-0.684789657771864,0.649730326983403,-0.422294201165382,-0.543867426889545,0.487417824102882,-0.43910393275356,0.718434720232634,-0.517414912224273,0.231009013603908,-0.190046452780817,-0.788778852559349,0.348380072776712,0.1163677188831,0.367401668315969,-0.478404567825949,-0.0462158454702033,0.0711476069650511,232.32
130530.0,2.10492178930531,-0.219189379302227,-1.58879951203191,0.312786032194121,0.393631453573455,-0.338280074661151,0.103186944695712,-0.258345335946652,0.811645637534172,0.0092675888799115,-1.88831123183358,0.380491709022306,0.648256142829861,-0.115495937291459,-0.606623602544312,-0.306786307489929,-0.393213520933029,-0.37285494766548,0.445611226899545,-0.157490451906373,0.0747224340011557,0.558602134397069,-0.135278664561325,-0.955117300789574,0.346464488207265,0.790976189947722,-0.0640221525732831,-0.0803356600099558,12.31
71273.0,1.21146123491032,-0.0989305073682202,0.371880876782322,0.0560124925953991,-0.71466667756771,-0.940265177255249,-0.145232464488494,-0.0572280697989527,0.0586307192852399,0.0771401889969935,1.42765524992313,0.359276617629441,-1.06084729366542,0.655398892544075,0.448672286004685,0.417098949681482,-0.423547020562025,0.170217625207112,0.168833903046087,-0.106237210570735,0.0781024205739192,0.144623647860521,-0.0333974708031022,0.60042877928353,0.284776044835137,1.04213368808686,-0.0975242160962794,-0.0069136567307196,17.35
78518.0,1.01349832787775,0.0176145235032144,0.463427690059296,1.3650569855278,-0.229041972564329,0.0409409829795619,0.0444589594837573,0.0966945743599617,-0.009142763422185,0.0173152298807159,1.36929654469358,1.36170184047983,-0.105477310878077,0.258459027538623,-0.819164831432261,-0.586813274034486,0.0810729455926135,-0.557040612517065,-0.171796111020998,-0.0785314305160327,-0.0055490941918117,0.0803542418813262,-0.0943269936526463,0.238476830946894,0.592335389169586,-0.347940258872256,0.0281361313508492,0.0165618775912422,57.0
117785.0,1.64803815230359,-1.09635204797336,-2.39962323593612,-0.524623094440237,1.91965873610531,3.63637367133082,-0.569125309510072,0.855267529339027,0.892980894735306,-0.180533786990852,-0.0889428255038093,0.47728987832415,-0.0999655619595821,0.359558939727346,0.865819650953033,-0.16466706828966,-0.510497253985063,-0.239767281137087,-0.266304465640947,0.214246579332699,0.141679149244918,0.0746199275544698,0.0460438299465089,0.714131116832306,-0.0845659562451615,-0.337301082798592,-0.0028825369412783,-0.0190435111360967,190.29
138141.0,2.10695442187996,0.188289506291221,-1.89504707756161,0.386197568281487,0.555095921422047,-1.36145125397866,0.741105862359125,-0.552695204735202,-0.0455306510168249,0.131150780874063,-0.332828973135059,0.934649523414371,0.949756641050448,0.368268015961913,-0.447730441965023,-0.784675470591503,-0.0433275391818114,-1.00367475049133,-0.0066021585469425,-0.157301886517671,0.129300718006989,0.602258627901838,0.0375972081641574,1.26074229389287,0.386650889795605,0.650863860039434,-0.109861572542718,-0.0720446876169008,0.76
55000.0,-0.824599490420823,1.11723374231315,1.79178966853807,-0.648962556673626,0.54249103440881,-0.573828206606204,0.923048598023385,-0.0052938851671795,-0.720035335226194,-1.20154808441099,0.0163683525325961,0.326537950485018,0.661719225998049,-0.546182170967057,0.550926578314072,0.400060538966344,-0.0700208109734696,-0.760726036501568,-1.3019373622181,-0.0885791768625911,-0.202184971427465,-0.643614645277692,-0.178421784056805,0.0378328224984722,0.204334285754333,-0.0018758298486668,0.0062076733233044,0.0682288814621501,1.29
64916.0,-0.535225380617178,0.510878681167601,2.21173719347794,0.171192487469887,0.0075541721868229,-0.0888699473355568,0.493285253536323,0.0612893317247468,0.21876471560011,-0.4255500282035,-0.660083199135995,-0.93729863988918,-1.66522042563942,0.0759690188318997,1.04938854372187,0.386290728890996,-0.614044988843679,-0.0539840895591638,-1.42889262194469,-0.156033104436589,0.0681175580828627,0.231492593610229,-0.0100583830686175,7.55234865950534e-05,-0.503913016305648,-0.651721609345725,-0.0063726689969964,-0.0681909599450522,27.34
158117.0,0.0391599506419621,0.869440509067053,-0.366538053825823,-0.613751090307437,0.87256411812707,-0.502363265932302,0.86377169754418,0.0806014334652058,-0.242777328300345,-0.671099694250982,1.07790298641031,0.351800404956854,-0.620127354007809,-0.701163328505249,-0.841960569372794,0.461319522074384,0.244881296386842,0.222200844568397,-0.0572904670952371,0.0300009418645518,-0.270046921605673,-0.721787884766507,0.15545504368999,0.584839871274052,-0.491912738401079,0.0935512055971833,0.211685473336046,0.0755090389423898,19.78
67580.0,-2.05790700902877,1.91803606670004,0.428518734060825,0.750672009016519,-1.10525603564424,-0.341529352390002,-0.567320687950683,1.55565877021249,-0.267590467527561,-0.140156633567696,-1.34030675611467,-0.0824318540172175,-1.45534036364053,0.677205179415299,-1.41699084839685,0.441463505276661,0.510280316831762,-0.997080681725611,-1.78125488504279,-0.309499323467781,0.0474486069826484,0.095637526148567,0.195363018359267,0.409897224769805,-0.513887779452449,0.719374546751521,0.189769015559372,0.138967389948208,16.9
74755.0,1.1435854501428,0.0340040912611167,1.04252230492059,0.673635886346518,-0.778890436903993,-0.43715166325352,-0.366769386652267,0.0214586511138978,0.280973188778058,-0.145716751693888,0.279086473342591,0.670567730731173,0.577587665022132,0.0104832175261221,1.48705522734373,0.165097329222789,-0.172586053049092,-0.743740111621646,-0.811754981934941,-0.0834309576399315,-0.0271580046059609,-0.034339101274162,0.149605573757825,0.420396578919077,0.0572148171531337,0.220852676363815,0.0122319080682004,0.028718467933378,13.7
134238.0,-1.07527867418763,-5.62672379833079,-2.31476439469108,0.334281267413396,-2.08818503329646,0.318905753704195,1.45929056720209,-0.348817375154955,0.903753996585259,-1.01086382730452,1.33405243273488,1.66918567858688,1.16508502911516,0.385871241108252,0.660609505105074,0.617485661056094,-0.704203035424242,0.355258536178791,-0.0322267382458569,3.16232548154752,0.852992786371882,-1.08062965108695,-0.969849239313288,0.818504155716449,-1.23181874803368,0.111149200318874,-0.340414389118194,0.229969408022481,1600.0
69255.0,1.08282796397075,-0.11791346998305,0.627547202863778,0.676829192927925,-0.185795448970345,0.695924984711204,-0.366775430567676,0.295485646638633,0.272115563926183,-0.159256409875412,1.48028848550046,1.68506152065593,0.459010207689304,-0.0787716880463631,-0.643227227870968,-0.761054055507045,0.355422497431624,-1.05716509403534,-0.253197160907922,-0.125115155184351,0.0093633869643276,0.325942221139379,-0.0332980867850848,-0.212250786262082,0.392251239858621,0.450472841520179,0.0190072960583303,-0.0025947781423441,11.5
146361.0,-14.2098242407379,-9.06938978595044,-14.8020734119806,0.958954412224494,-16.8961690910007,8.85355651018827,15.7320001545175,-1.6295289137668,-0.327753575139849,0.217043530665677,1.12046331582282,-0.0201360003040337,1.32080006755524,1.206384984215,0.466677678919765,3.45288236420812,0.434857910998428,-2.78447444271582,-0.973411719423565,-6.3748327164789,-2.2936354680164,1.22747067421807,-7.31574426114931,-0.542643327948236,-1.61206172066855,-0.0100151570228893,3.93438253830133,0.752341610020212,3362.0
70545.0,1.07074038644597,-1.62658708894431,0.155395185913464,-2.64470097615908,-1.62306760280138,-0.481154431244809,-0.813727147919229,0.11955847025933,1.12624732700803,-0.684643081504231,1.1328496232391,0.594730427220725,-1.49408133501465,0.474754376235708,1.03290897254164,-2.60599399752167,0.491496968643575,1.70272436397501,0.32719481676598,-0.364597207756488,-0.215331465715472,-0.235641642443573,-0.128004642958282,-0.010827373514363,0.414272451299508,-0.730124178160246,0.0854805779089364,0.0362212783182026,139.98
39294.0,1.33992100696054,-0.552677285292157,0.356802542834501,-0.0945952245829611,-0.667090044842111,0.270209279524256,-0.658378833756384,0.0681903175205016,-0.679582967630708,0.746746272495394,0.0184765701071277,0.815046905839247,0.69952885463725,-0.291691631457893,-1.21544722173276,-1.42253724757726,-0.238598384450384,1.49143042938889,0.0232545600348502,-0.45589090525788,-0.466114192128898,-0.651205034127766,-0.110698238966762,-0.472286157919226,0.53188641028221,0.444965100139337,0.0092334886432198,8.8415396721931e-06,11.5
54226.0,1.39521201512522,-0.372703769959308,0.593842636409419,-0.669105956356939,-1.02453729332568,-1.00300145548244,-0.467185278821421,-0.257441446973154,-0.934963778175244,0.569917389642723,-0.0015945369620088,0.0676057726241218,1.31516646221413,-0.389084308124838,0.660539367687152,1.17292886896906,0.161641063647685,-1.7221552049843,0.609994376807057,0.15323101056343,-0.0807685837874903,-0.308396067660885,0.114995350626803,0.398010112327477,0.269115025117183,-0.484294244173482,0.0168609736443578,0.0261879896104277,15.0
49549.0,-0.827369228652519,0.135132761957312,1.52660628218145,-1.21368693745545,-0.332088244154987,-1.13256517787458,0.853469131962531,-0.145758752999348,-1.659110938792,-0.0530678808329667,-0.915802315899219,-1.19215923386642,-1.3845565578291,0.482534299782092,0.253132257346157,-1.18853646198166,-0.134747963313004,0.769994673919522,-1.13930492560806,-0.391662509259337,-0.694649816120831,-1.93558584933348,0.179599312555926,0.259206177790924,0.0975183714635741,0.0442805360530157,-0.0625326949732071,0.0621891990600782,80.9
14422.0,1.13882680953347,-0.206582511744608,0.692883577723549,0.104430454098095,-0.480741658091666,0.149134550389279,-0.618604881893993,0.119297006221052,1.54776590560873,-0.395042831688467,2.20621768751309,-1.89386065840939,1.38451798334487,1.75757672904948,0.198435145024745,0.507161226102871,0.223839687031786,0.358425504585352,-0.353240645663727,-0.067044688831704,0.0009793218624536,0.193118284103799,-0.0544808809848636,-0.287330541150713,0.127252932667607,1.06204668800483,-0.0839704624836427,-0.0077571143570288,39.0
52171.0,1.19272284324489,0.18230269925803,0.20541013306633,0.626450420220069,0.432514610880226,0.842130826076674,-0.188173789404372,0.193974525463218,-0.16165963977951,0.0480995580708878,0.571956821783124,1.23169212886218,1.41435097929313,0.138218545289204,0.690847384599844,0.620198590765421,-1.08293191499757,0.153692786799981,0.0626858708020483,-0.0017244599593669,-0.179143886687076,-0.491574878668662,-0.0661367583661448,-1.35842843488023,0.411874775983027,-0.531864928225468,0.0529473944512359,0.0123950882388946,19.99
48366.0,-0.340415346995251,-0.118457944223783,1.74231229643088,-1.75165212273015,-2.00342950758522,-1.06128882860612,-1.00807164475965,0.356895905133382,-2.30085809286742,0.790889401922309,-0.401702068548582,-1.06597483253665,0.12729404514616,-0.196215746339423,0.587644497963834,-0.257670970738164,0.769543080400041,0.37706996325475,-0.501157101550022,-0.437253540519245,0.0782975748362927,0.468920975735546,-0.0185894868093973,0.904514908240245,-0.15398304179873,-0.172260963890579,-0.0474018119368889,-0.0258547792051505,3.1
165749.0,-0.405594192360424,1.18317656580412,-1.23225390568357,-1.19652515876147,0.96274051954228,-1.05676947220237,1.0972479449331,0.267057724134642,-0.621280263530518,-0.503073038217221,0.446603023435838,-0.0693079083118881,-1.77553711084331,1.52396525487714,-0.667249870310281,-0.318198940458404,-0.354904662500414,0.269791040248582,0.0891953145107094,-0.246676974378393,0.325760193987515,0.877858337334833,-0.144159090326562,0.716350295811515,-0.365288937912705,0.0452297031858441,0.255309287962444,0.197411060110024,3.85
79449.0,1.18958879868396,-0.395679368307845,1.0160814541559,-0.793004544321841,-1.25362254269659,-0.61734774416263,-0.672951121735963,0.10229632239254,1.55168476843421,-0.910512886096364,1.43787862292214,1.48320022129668,-0.187277533699938,0.0651875765391812,0.559662563565023,-0.304219590636996,-0.3201475899125,0.619872391673891,0.768998053328107,-0.122923162311255,0.0524387714655653,0.362119875890636,-0.0226476837887197,0.558878096018213,0.442050673680425,-0.716568435614104,0.0899273671346382,0.027125230800297,1.0
164189.0,-0.375232979543834,1.04283955829406,0.177879894564869,-0.52302522996244,-0.171713306229751,-1.19671377596332,0.513341533441297,0.366438077146975,-0.417326367122548,-0.446217425420235,1.02459446940959,0.849270239586396,-0.721641173339002,0.779803308643494,-1.11732570738154,0.0887686005414137,-0.250859523160463,-0.324854094577564,-0.007057092342219,-0.197969655436947,-0.137389902871815,-0.415982439030325,0.185592367461777,0.524478234462827,-0.591728356063873,0.0904149498421108,0.115406964012177,0.0285788961629465,1.98
9012.0,-4.32922344375562,2.11128152826311,1.70505661760982,-0.881465629362708,1.35609049313358,2.47046132514168,1.89733598349087,-8.39150094792937,4.52999758106345,4.61941032580962,2.12783828458609,-2.34340756454721,2.49167572688481,-2.153439262758,-1.26233733087398,-1.00715394342142,-1.08732742359192,0.0503553350049385,1.18362675402917,-1.24709797252393,3.71675180194556,-1.80664448270042,0.0211082680300263,-1.09315842015682,0.161806263857412,-0.25397632139562,-4.93367773587585,-2.21041358918494,135.3
115631.0,2.12858081797991,0.149092904865425,-2.05641543044703,0.0702347862986214,0.433730104434116,-1.83690227333907,0.834638991975442,-0.636547377134256,0.172735321700414,0.0155053854746947,-0.580669614774817,0.36707562981558,0.0936091179896271,0.777259819525847,0.348720459466006,-0.65822300228603,-0.258377069313259,-0.57730734278319,0.0987350550924355,-0.229506341522367,0.152056286077447,0.595788979705209,-0.0446405245759183,0.111268882518253,0.443576262971004,0.236954036748457,-0.0849907596144896,-0.0779658609172176,5.39
130414.0,0.0800960593952836,0.785701711391255,-0.577714257294033,-0.718822235690497,1.04676670205053,-0.280447955502604,0.726316028307458,0.183197549201618,-0.0258879341055341,-0.624867020937268,0.444714637331443,-0.430163361028171,-1.71472242411263,-0.496221804035112,-0.677589584810078,0.654883868424961,0.137623782101731,0.520484003949275,0.135593510146463,-0.0496555290019932,-0.32053797495046,-0.907357513816882,0.0872371384045771,0.0698231574983624,-0.471072639674035,0.127814984894198,0.206594728109973,0.0675811851675287,8.99
28805.0,1.19707075650302,0.0455046901665899,0.79327384196436,1.1537193663154,-0.837949505902198,-0.702908404170344,-0.351143385167521,0.0230561352022706,0.595905467061352,0.0309245369398013,-0.73862939341851,-0.771948556565528,-1.69202155307501,0.488237494778567,1.44036738696697,0.477301185394697,-0.487715370573601,0.426878645220216,-0.560147296954392,-0.233140172420728,0.11399003419684,0.286447319756303,-0.064632916057423,0.352259708667061,0.470548099682094,-0.291128261148448,0.0311318336629425,0.0283149471972945,9.99
124300.0,-1.42552954126225,0.57433342623938,0.260109623845113,-2.57234904826509,-0.415275204449106,-0.560755591646317,0.147820412530065,0.0723390087414037,0.0505683575555072,1.57033651939929,0.294604850522793,-0.673654886911306,-0.917870663717004,-0.475412257360961,-1.25697015589541,1.43799714996744,-0.471801280248705,-0.678663291847106,0.173603493701142,0.415902299648246,0.12591900537833,0.746942271251622,-0.132832498665801,-0.353368974633008,-0.228745535913393,-0.328373199960664,0.702032390729882,0.561731671371755,40.0
79229.0,-0.344141465370045,0.0798927844927118,1.58100697576976,-0.268186841999444,-0.260055426012425,-0.0154880191568644,0.549275895369867,-0.0728530987300378,-1.59626730743286,0.710768776104263,1.20921233430066,-0.119277081120527,-0.731499155003446,0.303218783029863,0.208343349517922,-1.71357039210769,-0.158987028665751,1.55221378561921,-1.17032811489285,-0.354933708991819,-0.0929210367963304,0.239574534120783,0.0522883542342692,0.15167493538926,-0.450303909582146,-0.42980991868685,0.0073223796113964,-0.0667547846138194,68.01
126064.0,2.0163149867541,-0.888500240101544,-1.4511856162693,-0.417006746412501,-0.426241735980978,-0.577887770247136,-0.290951710954138,-0.20992978000152,-0.495417711737644,0.931382983206147,0.195926570085836,0.448357417894331,0.120159220518369,0.432270777605367,-0.274366796915681,-1.44648424579399,-0.583615076573519,2.03634189620823,-0.52702564765972,-0.486108227745527,0.0120033349033011,0.51090529412927,-0.105516617003416,-0.483980587495159,0.218357558943356,-0.0159957871121058,-0.0064343377296926,-0.0562387812754014,79.0
57063.0,-2.62199043047973,-0.99444704106319,0.765773914572903,0.612092663819663,0.598756765779463,-1.55472341200334,-0.0802350620549275,0.502338279004489,-0.482991973600085,-0.365051125205899,1.38233596091711,0.299190273056332,-0.842032545198839,0.209499012931019,0.402456815375534,0.785997310602049,-0.0130312786470523,0.52206188503943,0.30039465251658,-0.358379831709591,-0.299804694605568,-0.459059041182143,1.89158105330808,0.421207247329037,0.220217816396628,0.113597455912779,0.264530731264229,-0.198007964629018,54.06
78957.0,1.29627388184918,0.401378546078959,0.0986952051414834,0.558712210988367,-0.0366744716015757,-0.746654536565424,0.129246581177683,-0.21527367680982,-0.0533468601659319,-0.305326674656715,-0.408541149887761,0.488796184937153,1.13071049460094,-0.481285778627458,1.04418740758947,0.597127923307064,-0.247007890468858,-0.223484639670008,-0.0010657653901954,-0.0130124136352747,-0.314101489030261,-0.862071578602018,0.0538852379940248,-0.170929129379551,0.315548106507823,0.125110452229878,-0.0183264582083138,0.0269752881714176,0.99
29683.0,-0.365604013018765,1.00611730589325,1.57964885778128,0.526752083112097,-0.443077952886823,-0.949069310865056,0.885157504721796,-0.310343550779407,-0.675202052956707,-0.232140788769506,0.233268033793002,0.694814870656653,1.23490716380799,-0.0405196258287364,0.926279924520513,-0.336141102324952,-0.0482903612059535,-0.388168917638326,0.384961062596432,0.0770978483108208,0.129382666558555,0.433121530995419,0.0451984650094859,0.980522785365522,-0.634833976908725,0.241704083853101,0.0283708589005482,0.160392203332947,50.81
127695.0,-0.0778564437124142,0.32418624176588,0.899555034895972,-1.93645114523011,0.0914989970051949,-0.271932153101525,0.136005303013952,0.0887474781367077,0.456306209539347,-0.825191872983572,1.05003202163697,1.22363234343428,0.737713555450057,-0.116536091420051,-0.0277229855383715,0.462559050412024,-0.922282954021151,0.251404529502835,0.368989152860514,-0.0718260355702229,-0.0205390624336028,-0.0931502193892563,0.144899516019691,0.792273846355286,-0.965995183440029,0.180057591958472,-0.0712833846221825,0.0721924010657477,0.05
53693.0,1.48342197522225,-0.962147410694676,0.864836901459514,-1.26124238245169,-1.86641628048885,-1.10817992635611,-1.06462020724844,-0.204384205674045,-1.7789934318876,1.41142911869052,-0.115167932918601,-0.673406571837066,0.586993726458515,-0.384107159717217,0.717130871295578,-0.290016598025499,0.538016749138454,-0.205810928952467,-0.362900906928938,-0.331829966827396,-0.347305457326296,-0.638987317873861,0.220076490284659,0.656334352944093,0.0922440229088272,-0.430178698234657,0.0447009843416089,0.0329527356529878,11.0
154564.0,1.98788538314466,-0.63593131673405,-1.7893435732582,-0.808764176573614,1.81176203333023,3.71566224328185,-1.08859977076588,1.00325805521395,0.867636770284879,0.0158073753826933,0.0004803731859304,0.429427759494472,-0.0287961059979768,0.139117977592176,0.931611394452795,0.337110224809987,-0.583777760086775,-0.629910257931242,-0.161233929898319,-0.108608828608044,-0.26368587529226,-0.778030412561235,0.480171193346846,0.690091792205194,-0.610622593252597,0.253100632548409,-0.0203570469463356,-0.049739158841149,9.95
155601.0,-1.02708497550615,1.26225415923742,-0.640491694361158,-0.2942318284782,0.0189593150732387,-1.28175120441815,0.144192820628657,0.611721534478815,-0.221619705415828,-0.66869351309257,-1.31176287427171,-0.0761805096499198,-0.472038290237013,1.11720800722455,0.622932195704785,-0.180231095391253,-0.059174508850507,0.273789157152661,0.0151186281818866,-0.283986017805337,0.440742838352699,1.17728884265692,-0.211407455185282,-0.0505539794995908,-0.435591028338638,-0.144036995307702,0.120220836034598,0.08233231787801,1.0
81368.0,1.21157824146607,-0.425849890597211,1.04317066108095,-0.0268775721362601,-1.07896369127281,0.0222707665611328,-0.86676476073276,0.258928598960344,0.981803692385596,-0.191313754682192,0.61384123748806,0.594279895435002,-0.789647406323328,-0.108849006116506,-0.290806455417767,0.492558643071665,-0.398561720865333,0.312956809539462,0.654750787440717,-0.111193604247258,-0.102428785885233,-0.158600397675567,0.0232529505812503,0.0505049356987649,0.100922021230047,0.997262932446924,-0.0422600043027048,-0.0003365660233412,1.0
82024.0,1.08972745026398,0.521073992925646,0.77143786621214,2.31401687683091,0.0433976691847706,0.262817252985965,-0.0320526461386074,0.168513145603335,-1.03913053513386,0.785976116027694,1.47908967811321,0.864623389830281,0.200544053851379,0.461485687084293,0.0832612978134304,0.667632187303547,-0.636026878596345,-0.455897165690877,-0.993485909755099,-0.146767515733368,-0.163925483979167,-0.550663815520172,0.154400198254633,-0.0337931091103642,0.152299532230538,-0.254646880977558,0.0067382686555388,0.0164448116042965,8.08
80080.0,1.02354087489196,-1.76967749081613,0.204794297722974,-1.33991974714938,-1.63831981683801,-0.406556947489686,-0.744303464023523,-0.105827375184124,-2.09225917223142,1.47756237706228,0.992229286433215,-0.278078401157159,0.441700885979196,-0.0580252205705528,0.0379447443003834,0.0655072175982303,0.10748465946229,0.426146786989037,0.179327902698589,0.181446659288407,-0.278319700148827,-1.05255982891933,-0.0521223128610349,-0.0615206107010192,0.0403386838974949,-0.502927100352855,-0.0150916220626125,0.0565494351074432,255.0
133913.0,-1.19784493840627,1.30628194757142,-1.51950067505707,-0.50476919546998,1.61447409660821,0.193225624482887,-0.536583280420251,-4.42818366527811,-0.683669724122997,-0.631621082408877,0.0484908698596935,0.917846876806286,-0.398102830283304,1.21407984434627,-1.1623619805228,-0.522420422024274,-0.270715397078997,0.383469473544219,0.817016473748792,-0.0878581116244767,0.482323333915642,0.863299272431813,-0.184201491450324,0.241159675222196,-0.429097121577776,-0.185549865094762,0.412627828103668,0.205491009933143,44.47
77514.0,1.26259581203803,-0.161896407043943,0.462786013331547,-0.245086636962893,-0.668114657239571,-0.537431899773659,-0.39129269745233,0.0640001862403306,0.32163028024823,-0.0116997114597375,0.994744905392263,0.229024968919844,-0.977952396492174,0.52173994501644,0.693858756172391,0.748850598081404,-0.672114187997332,0.316037796520841,0.448859223705943,-0.11269667912942,-0.116251804297393,-0.409580178460993,0.0571850343443986,0.036313979286637,0.0947021055442526,0.910872421788625,-0.0820651013570538,-0.0063584592802541,2.26
19649.0,-6.44667077381821,3.65947530850112,-4.91178221637976,1.40154555646316,-3.84550230732853,-1.22139533588683,-2.21151518525638,4.04793317751418,0.756492273065566,0.433926636902062,0.686053437235302,-0.800303220445939,1.0412977651649,4.94354421425829,-0.732510867770835,0.912185379084926,1.98106241119003,1.01594578803207,0.105842548618812,-0.087022172661542,0.09558936336637,-0.0803670412314284,-0.228817798357533,0.29216624081914,-0.294013192311155,-0.448383876565305,0.188717361450617,-0.0466143993012861,89.99
37437.0,1.46300503269769,-1.28398379636315,0.658498275761883,-1.48576393121323,-1.78642260293732,-0.330204235876764,-1.47120063349155,0.12432717395179,-1.57073597814561,1.64398113346563,0.593780857611362,-1.25079339258421,-1.17642620612722,0.0263553900959836,0.35540880011051,0.224967630501533,0.103019830583111,1.12428489690422,-0.0191088683002407,-0.393543875283383,-0.0458771005986667,0.14631156000514,-0.0389108437448243,-0.0392770943045097,0.292736377260577,-0.0958219285123005,0.0348347456446014,0.0114433576993632,19.8
127685.0,-2.86441225315253,1.6922758916681,-1.6667244111447,-0.680101912025924,-0.233851940810511,-0.0367593580687771,-0.660502129471548,1.78160697131388,0.561221499698594,0.201926416742775,-0.858646188633661,0.131083825816322,-1.43660899840021,1.23016314999263,0.596183927649709,-0.593621067112848,1.08757093733102,-1.96772539848954,-1.29350640792262,-0.506529315014239,-0.318958818857906,-0.377962479509164,0.733950481707939,-1.02188626599676,-0.413116406072275,0.257142241657039,0.111487800902519,-0.269292361214915,8.99
122836.0,-0.709954127197447,0.726400925275901,2.22415397461982,-0.471693942285513,0.0085217405457687,-0.404133250643313,0.726047534510201,-0.245668796378659,0.215943904154488,-0.668494300404277,-0.713013863726093,-0.146016835962547,0.0108831625859411,-0.274850828628468,1.05856617133513,0.0139160492961979,-0.583964700963234,0.105750592869102,0.326604336005146,0.0321901997767256,-0.165169697331321,-0.328909846098573,-0.306815738263453,0.0141477236728466,0.245232841026403,-0.443900262639161,-0.203833023822101,-0.158205247028408,24.9
144002.0,-0.93822769608638,0.452004958507955,1.65541403929399,-1.44876413216144,0.377277048004887,-0.00532206910792,0.866387465575725,0.0764778082375429,0.103171206443481,-1.44923724509736,-1.18969933664983,0.116793250841167,0.384663686189268,-0.248926481952021,0.0987866695229719,0.458876165356907,-0.859154918703765,-0.141982761631399,-0.364631159597973,0.122582381568027,-0.211621280854365,-0.815027287169706,-0.0627198431912117,0.438420116434364,0.468847153241951,-0.306812618224272,-0.0187130160997319,0.0706836930129535,79.95
43384.0,1.193091122166,-1.41253613018098,0.564876893187354,-1.21837084274851,-1.76681250593024,-0.829236891463015,-0.783811567936508,-0.284987521538728,-1.93881719680294,1.30440520977677,-0.222001320642996,-0.203421149113031,1.74890718540923,-0.581143405860833,0.644333508116314,-0.223203870715814,0.362169825749689,-0.197136029569997,-0.298767109980884,0.0795534571267242,-0.257946082965268,-0.698018892507946,0.0240451532390583,0.380717072220363,0.112838785217638,-0.431509278278859,0.0204680762699688,0.0604086175768908,173.7
47590.0,-1.73669252656854,1.15244341176704,2.06010878094095,1.36959975648604,1.00961635727209,2.43960613802508,0.279058470086217,0.628152763312862,-1.20496894772501,0.680551729854918,1.86265246049052,0.788234951319037,0.491376365743667,-0.0330201972282819,1.01078109673897,-0.239182870307333,0.0546976290655868,-1.51250561526107,-1.91036042868079,-0.221942475528254,0.0266470766808608,0.188552978358378,-0.134393948632806,-1.380845848164,-0.258799807014633,-0.15582174701068,-0.857319027595991,-0.416793041347683,37.0
20105.0,1.10677335662669,0.71233678370763,0.229250981605857,2.47568301252333,0.690202803985894,0.459882723390335,0.197878041825479,0.0731784332365611,-0.0065266648407658,0.453853721530101,2.5317760744756,-1.87222788629831,1.27298523772559,2.24833996208911,-0.704024425447862,-0.0860480832107855,0.579812513375914,-0.614914229929104,-1.52304780452312,-0.280813923596708,-0.061571646222047,0.0803818678910766,-0.0402340413090588,-0.354909451436309,0.522984007370561,0.0729576976091585,-0.0378847955381534,-0.0142326582439475,0.47
136382.0,-0.445502162875852,0.837850985108121,1.31736481462141,0.845505069391279,0.390696839634116,-0.0041336793390847,0.96562989866284,-0.0055208644120406,0.0516659558968521,-0.775120660909564,-1.60582531296721,0.333381174904076,-0.24839662835649,-0.31968345898376,-1.79841725729074,-1.11692601717866,0.322850407441523,-0.747962903740737,0.689226892908303,-0.0824450872766753,-0.259538066968875,-0.448936879492802,-0.17199549859854,-0.10702092642866,0.168363538440207,-0.721262475390112,0.159129838475276,0.13563706233093,30.0
66315.0,-1.35170778425207,-0.130926493044961,1.5104840485676,-1.12429801858609,-0.175645158832396,0.335144686352706,-0.509700547472409,0.888821774380675,0.514045051221123,-1.23214686087841,-0.811346852250175,-0.0587231144004918,-1.51001464439158,0.0766879582068132,-1.47597742245524,0.818321819156977,-0.555058583430738,0.570604812225444,0.531715211822165,-0.0575289040072774,-0.0945594227578943,-0.563932233909419,-0.157305891774752,-0.819691411874955,-0.0496611698693518,0.837773792750282,-0.121858979253154,-0.0713321344187577,40.12
125235.0,-1.02583354246977,0.125183450499093,1.67599242726348,-1.07372579346564,0.928025426742967,0.269132155480891,0.305752831706736,0.142809027428753,0.506349416302304,-1.44086519321164,-1.40948771763565,-1.06168772766744,-0.63008904020737,-1.72471536088372,0.562523172823015,1.33496364664564,-0.244116994935927,0.91555540787591,-0.828903377402724,0.212790605441408,-0.0967550507840676,-0.366988732866738,-0.241393306965017,-0.141920828888343,0.386445071161164,0.377526543256932,-0.184315606743037,-0.129534830126096,55.0
145118.0,2.04238681232741,-0.533466069641334,-0.740057077552037,0.258255650328869,-0.321117622459723,0.199135673571621,-0.774490194577729,0.154581882872924,1.72193925314779,-0.126357786988498,-1.92107837307499,-0.535766809209747,-1.08191457978748,0.003188444112211,0.72043724217151,0.370193322151353,-0.7176955472216,0.699129183417152,0.0413059346659073,-0.258136974726616,0.177234916332674,0.685033192348639,0.0440254134513716,0.0286070949547488,0.0269965066401698,-0.1392470148014,0.027378233882711,-0.0412197847816194,7.53
86338.0,-0.340889659504849,-0.124912490784693,2.52253384088394,1.14869337248029,-1.62364196715682,2.11692979226347,-2.42705113903964,-2.02737058145929,-0.648698916578998,-0.161241851790863,0.344169581062262,1.60122524670957,0.317771233772804,-0.567950090388173,-1.84365778610094,-2.41267098640694,1.11963403761446,1.16446848976372,0.182488197503223,0.350883970191183,-1.68575054970544,0.0519794889045662,-0.206420008692681,0.0292449208566146,1.08480030115251,0.0062750209824032,0.16339985230336,0.197473034227242,40.0
2942.0,-0.455381585718243,0.465230035648089,1.47810158726041,1.21858259101119,0.393909641085395,0.0847233344761547,1.07561620350911,-0.220122721939125,-0.327279141546845,-0.225931564059396,-0.469160176406014,0.46580382098891,0.551547369197126,-0.302550677488237,-0.0332921181932299,-1.19931520662942,0.35673577419689,-0.784985423014981,0.415436868912126,0.295604341407633,0.0493602156623056,0.392739967554253,0.0676086460844903,0.106963410717195,-0.240800903263072,-0.352547977684521,0.0044055061059106,-0.0523812598440188,94.8
150498.0,-1.622067910253,-0.985183938852946,1.65519500359684,-3.04641375387226,-1.08119632526586,-1.04513564068735,0.182885693131763,-0.332397284347441,-1.77563756283071,0.547327638946236,-0.895010476368833,-1.19119215902522,-0.0354583626753497,-0.792048022474681,-0.928418068553807,-0.100983252590541,0.112742521645806,-0.117265215236022,-1.50162834362422,-0.72460946265435,-0.170080064384508,-0.051183322949427,-0.334653065833525,0.445078112249142,0.603075087452777,-0.292841810368875,-0.373006927224122,0.299504271170918,140.0
134919.0,2.29151449867155,-1.4315664052696,-0.539888827571923,-1.66297725354838,-1.41764860337347,-0.442398353491305,-1.38539968129762,-0.137497106640312,-1.0230606067863,1.53413912191558,-1.40973473411376,-0.720875550585325,1.17058145007626,-0.699556447685315,0.406634954979982,0.105250235511638,-0.0274233261238718,0.17554313441568,-0.0387363518886333,-0.351935414988807,-0.349004279007096,-0.552457134416964,0.344717394382762,-0.707401219450717,-0.514546708289027,-0.397810156441518,0.0405585117284542,-0.0371783408094657,25.0
153786.0,0.562831994086332,-0.852898673769606,1.50857687032293,-1.45968247966107,-1.42134317088516,0.574252457500019,-1.71934125637856,-0.354356791726146,0.528161216457689,0.124429628981227,-0.199642087907166,-0.461136575355515,-1.55688167360873,-0.719271125955623,-1.80757677378555,1.42097546682441,0.156748252961937,-0.559577197703105,0.761848200548774,-0.250335138785415,0.840964972043724,0.0447110376239574,-0.315149464865426,-0.343043566873647,0.903540586279016,-0.0614279998293622,0.0766876982209133,0.0500506023159519,3.2
168080.0,-0.22031762917588,-0.293830734112245,1.34091666028103,-2.21481120275007,0.255876567420161,0.247477748290464,0.0254037947384215,-0.0061708857965262,-0.960001616118752,0.238748723686388,0.470147741772906,-0.230449915991725,0.363870855750815,-0.632618451212747,-0.846622495781397,1.48967111957539,-0.522561985510614,-0.727762037412335,0.96463559231292,0.270449409718061,0.0308507208853356,0.0586690597718056,-0.0020058061582753,0.257299411244665,-0.555622939291512,-0.583526229696745,-0.0256650360431895,-0.0609803092205783,26.0
76314.0,-0.0203940080001787,1.03223322354412,-1.69857154489905,-1.11839667927691,2.68763078694093,3.31875101297823,-0.950608681821499,-1.89624924376436,-0.789046989616412,-1.5455575370005,0.0973350123860345,-0.117877759108286,-0.499475771868104,-0.457702551223567,0.504652514024813,1.21943207938426,0.151936699164527,0.573106691866836,-0.905803568819252,0.628863037118495,-1.42710628723456,-0.267736752734821,-0.115952222028287,0.895156812791105,0.932286698177026,0.26176993404804,0.0416067785155132,0.263643739308581,0.76
74.0,1.03837033396612,0.12748612730368,0.18445588803405,1.10994979091674,0.441698900420171,0.945282526730897,-0.0367146038304535,0.35099499958342,0.118949540390999,-0.243289240389986,0.578062601005963,0.674729819835531,-0.534230568478947,0.446601378464056,1.12288467188201,-1.76800051360173,1.24115696274187,-2.44949986305677,-1.7472551716154,-0.33551985084689,0.10251979713407,0.605088530228794,0.0230921559314068,-0.626462660813251,0.479120272113433,-0.166936835816701,0.0812467178593588,0.0011915756749328,1.18
126100.0,-8.66905368169884,-11.9038316151891,1.09931234766913,4.09424368799481,8.79223923046221,-6.1706856996559,-4.50026214466568,0.482367380603895,0.384368940608867,0.306725043652143,-1.07939715344301,0.47944378624443,0.470702908830259,0.432324215511714,1.00832022493531,-0.668947432151936,-0.10128122448772,0.650492494797445,0.50483519985864,4.17654041277595,1.29408649815208,-0.195991322278849,3.14973907173941,-0.203790570412825,0.702428373516082,-0.503054247431381,-0.575458894578129,0.181492988885806,600.0
163844.0,2.02754348862259,-0.834898246130506,-0.460575071855888,-0.477189057674437,-0.854360900002624,-0.165998732354036,-0.816485626485292,0.0125617358354254,-0.0648344018183182,0.677586911630704,0.566930818349054,1.27648002189321,1.03579098309434,-0.0628551405912742,-0.148925570966969,-1.26439771611084,-0.620748921080384,1.58368525869363,-0.420833184297953,-0.541084769631645,-0.517862506265628,-0.907580327735841,0.381332435371271,-0.482255021315056,-0.457167774736564,-0.978258622153073,0.080724177239834,-0.0314904731313859,29.45
54742.0,1.2032862587466,-0.670931861182777,0.351106181989968,-0.380609758374739,-1.33838773429809,-1.41690809698226,-0.1951271142562,-0.341832854301568,-0.975090413740962,0.659433901649945,-0.0336571364645493,-0.0197831978683758,0.168793079669339,0.213927550337624,0.82284476496134,-1.47257747890315,0.183548251143672,0.721454848117539,-0.986224973432843,-0.323919434156503,-0.301198845560993,-0.578613149080697,0.0366383586563169,0.963426542432089,0.171678632923721,0.998144102490816,-0.0813799004462391,0.0248994608735947,93.25
147637.0,0.276443678375244,0.348252384445604,-0.135565709223314,-1.25490460465891,0.489282191107334,-1.07953353945734,1.22312482863368,-0.67818259618734,-1.25995035494287,0.539657012346245,-1.16872656721734,-0.160262989142198,0.48468879364836,-0.166198807880623,-1.04087816725924,-2.25342524193653,-0.0180455266028748,0.481928760506539,-0.803059059221645,-0.52994840055005,-0.316016115035038,-0.131199658782176,-0.186390730622859,-0.050908709176049,-0.154761715886021,0.498358735888813,-0.288951210740048,-0.20778140957602,14.0
9378.0,-0.188411983731536,-2.13816835846528,0.575892391985423,2.05255630344642,-1.58584228642681,0.0092269013319782,0.27817140348618,-0.198859720639144,1.98964461287516,-0.833416610955956,0.25126366839836,-2.14939310976087,1.80848458619318,1.34583789389677,-0.0220602869205664,0.307799735540187,0.349746292064124,0.632799469261303,-0.8595792458289,1.25694924457996,0.400711631839717,-0.0222942212825216,-0.699778010164402,0.389530219847444,0.229047957939128,-0.372259526969795,-0.0910140579477248,0.15213729075979,710.69
164340.0,0.0449529489023529,0.838478940853932,0.256492350718277,-0.607563798864961,0.439607746758754,-1.0069765182699,0.973437926238315,-0.157936310524881,0.0106361244896175,-0.408907920297007,-0.997461328719744,-0.0475751486299306,-0.323456294523942,0.181453110175822,-0.31351949071001,-0.115329516777136,-0.358316354370616,-0.772961351028761,-0.126764853964286,-0.0678391558619824,-0.26414044657526,-0.588338644133809,0.0687560951455081,-0.0999249312271134,-0.507062237289027,0.14895715589026,0.248508748293959,0.0952455552417095,2.28
32593.0,1.27907101413035,0.579926109246641,-0.0899301080684106,1.09684899355417,0.130236676009924,-1.16974943799075,0.622387363796773,-0.415157617540178,-0.437602339592801,0.0150148713502076,-0.182216282408208,0.774304811258348,1.04514280631992,0.354993122580165,0.566749944763981,-0.266527520130689,-0.372307561157849,-0.499424778633472,-0.26010936111109,-0.0894314176417529,0.0146250056760214,0.153023967723924,-0.157157018532343,0.43520379069613,0.888344986034509,-0.299902386918372,-0.0009374654527355,0.0130941400668919,0.89
70494.0,1.23664235448139,0.171620729395906,0.563865644298297,0.828849521892508,-0.44977937223444,-0.689455167899096,0.0564771169812784,-0.203506826654442,0.287425956136852,-0.226968608114151,-0.466285111048765,1.09675347400299,1.13398276245375,-0.302920690233448,-0.340010792932133,-0.337180426232873,-0.0359146473608524,-0.857202083877621,0.212483402969245,-0.0490555005838414,-0.219905772311273,-0.388288481790583,-0.0003574939817537,0.443834766533718,0.494659252975251,0.265925966798811,-0.0142615653684743,0.0149891085959107,4.96
117296.0,2.06361968799538,-0.511294493231927,-1.61550002980086,-0.792730049822196,0.369141309432185,0.110180213269379,-0.154926954687139,-0.0606023763503962,0.894732269126962,-0.188691516321956,0.213778921617372,1.44323571886342,0.945720479336084,-0.0509348633151212,-1.02762784888392,-0.253003312276785,-0.506122374305474,-0.0468869065147544,1.04404906773449,-0.0456611029746469,0.0695142315483705,0.466640151510814,-0.0235615137126576,0.019317956774579,0.130986273783748,0.99673183616459,-0.0914658745991322,-0.0813893430071902,23.0
38230.0,0.254460121724736,-1.41999322549496,0.577079583088974,1.16119275286401,-0.269118994570058,2.40067179258295,-0.502273005004056,0.719950867032031,0.44376253557379,-0.336624492855485,1.70911450136829,1.45843544196618,0.312932399540324,0.0710197697897617,1.05287533793419,-0.693995036988433,0.421680928116901,-1.08697185018069,-1.68612512046476,0.517891377855641,0.499651312202035,0.913781923757267,-0.344094901532858,-1.29413742803614,0.0861334019040535,-0.166848034102583,0.0686262882725234,0.0721399377671747,373.31
152552.0,2.13838267147412,-0.969105546472064,-2.21106805900048,-1.04826287257513,0.109412509872346,-0.530696472613256,-0.079616083910983,-0.238880616162262,-0.620025312437638,0.974333528170452,-0.174312751539657,-0.635046207684493,-0.961686734839277,0.402339656245393,-1.2290550254437,0.727972753063071,0.0757641795464167,-0.996676165598171,1.47940828356737,0.0344529799547172,0.23375356544614,0.57946954960977,-0.18735218952756,-1.06114371368384,0.395301850585626,0.049038528327315,-0.0789057155781436,-0.0885724732794891,76.86
121296.0,-0.822730831256073,-0.762863010018026,0.324048789137395,-1.39013400396457,2.44793956670057,3.71187028937445,-1.04479811541531,1.12329056799353,0.273167768828881,-0.753760740645026,0.262697029355238,0.0027449570530671,0.170787060147835,0.285716924649354,3.18587884845516,-1.21512769619158,0.5102481406592,0.605026625239633,2.96612340413581,0.730331487959739,0.303119774547184,0.668010870075723,-0.122906329788993,0.795470183791595,0.277600861669833,0.904647551991786,0.0798560178779829,0.0927894926656491,52.6
100937.0,-0.455106781142313,0.232945369116954,1.15471913858772,-0.868773410399373,1.21496380760478,2.09696209149183,-0.303233231175981,0.67413270433853,1.48632174265271,-1.10166475927001,1.379605479121,-1.99576356980151,1.44334892193722,1.36963000391361,-0.645605402523803,-0.195783513966798,0.481856465170294,-0.1181432821997,-1.06377707365642,-0.173014520159578,0.200365576628921,0.961906359426466,-0.112738551707282,-0.954208186817319,-0.732740496592034,0.545495025044597,0.158648034465896,0.154266822763055,7.99
127766.0,-0.973715344824925,0.889697298753117,1.09498524973224,-0.887533194403648,0.65623540559571,-0.060151852488262,1.02824567427923,-0.317755876796874,0.435401389687518,-0.357356094326225,0.0938858604405009,0.115587524131308,-1.09246006226813,0.0066234146700033,-0.819912146984701,-0.841897548766431,-0.373786630777867,0.622276477666045,1.32410928145863,-0.0901136586787206,0.130665478890325,0.543514226092257,-0.715292024626667,-0.467295272772007,1.00147810979621,-0.248871123331555,-0.655004175540905,-0.186279694611525,7.58
7201.0,-0.791522882398807,0.707972987439111,2.81121694814454,2.89103573274952,1.01051225443527,1.2631796660374,-0.0297680118867906,-0.288073109988977,0.879807951040688,0.696423933786113,-0.84784194788358,-2.81976993334327,3.03515658834236,0.245187626128147,-0.157450290801713,0.0131545796258934,0.192536440693201,0.697440201216617,1.36357545467897,0.296127908887159,-0.336687145699227,-0.220609447082268,-0.480971173307982,-1.01970834844326,0.121619546926449,0.204115894735644,-0.502181334553999,-0.26387373801476,1.0
74936.0,1.33505315377059,0.331464026372479,-2.05776277666682,-0.346175355279224,2.58323382235421,2.85410199716661,-0.187547337276975,0.685153770441859,-0.286614068625624,-0.535902735452504,0.332848417624034,-0.268318738501477,-0.127614195812312,-0.868299960850499,1.12853898170938,0.786506053687902,0.316435261035056,0.587856253020328,0.0493500831769145,0.0452174411898587,-0.191819982814025,-0.650117795537897,-0.114069463781717,0.915935599538802,0.730073040140036,0.383879417575573,-0.0319023040878611,0.0298493414012052,0.76
71400.0,-1.41301609456621,-5.31366908204971,-0.261730019107444,0.880818740396467,-3.16717800371175,-0.0124066145544758,0.76275531380098,-0.333618940132565,-0.0474653132102553,-0.276043342573055,-0.503446546774338,-0.0966670922983516,0.197753838399392,-0.566640426798127,-0.520546197678744,0.83241367421023,0.854621388936635,-1.35390296784522,0.340291813600762,2.91400037392214,0.879681842699665,-0.506632373421268,-1.19816775656474,0.825108037102746,-0.180711153641361,-0.415477164417216,-0.213018627089983,0.274715888379279,1423.62
40502.0,-1.83133261402129,0.505320876832169,1.86516797195673,1.12186588795672,-0.764144525510756,0.537668971083304,-1.02367046168109,1.16933609847224,0.431951724927306,-1.23366176101772,-1.35617120043995,1.41344690952655,1.04781844323729,-0.529170048302003,-1.34179824388957,-0.742292496896762,0.802598977038583,-0.467221521849464,-0.0646395887958877,-0.318308552292102,0.270248581908474,0.972188188642903,-0.416733047107601,0.18184753771507,0.117060776885826,-0.1707947796447,-0.0536867519466151,-0.160765708984958,25.12
147695.0,-0.423924056652189,0.169064490456768,0.8801176478459,-0.811548738249121,1.12994350768349,2.07988685247145,-0.0348218670574174,0.527185700769414,0.679539193609286,-0.195143289597549,0.669903733570228,0.381432809497511,-0.371789675376504,-0.178010161230176,0.834861920157228,-0.578573051728657,-0.249927462121903,-0.0785810009540035,-0.50676185331457,0.0698123131119108,0.322804218947171,1.34674858632764,-0.264651020347408,-0.922997929206196,-0.0780257358825752,-0.0073050790762743,0.0628338988419543,-0.11950539613592,21.72
15434.0,1.15268793919014,-0.0812407747332526,0.855569190205763,0.546756615675195,-0.690456559936328,-0.441798696583549,-0.321942619684404,-0.0787963505976459,1.90288498093767,-0.714084611469179,0.851768723682754,-1.91392754588509,1.40149301308088,1.36018188346864,-0.57557080170854,-0.5553649274301,1.21631888887211,-1.13551684942665,-0.265583151285249,-0.143680661838274,-0.416064260576646,-0.805444448547836,0.173537532788258,0.38839666990907,0.0464280347064985,0.791874788094489,-0.0784559442968016,0.0034383603915553,25.0
141319.0,2.42006378399616,-0.865607128520619,-2.54268593498431,-1.65946068476943,0.021725216170865,-1.33884544717972,0.0667917229942273,-0.653967127712869,-2.22619013108525,1.71577079086836,-0.860259002705178,-0.633292805599635,0.940160676909259,0.127588398501525,-0.677730108140517,-1.49129233547024,0.771961857948147,-0.539485938624971,-0.0449985577056564,-0.4126427306514,0.117362096119906,0.912351178615395,-0.121576757596345,0.72710866879619,0.694773408027253,0.273618289138794,-0.0661134441906012,-0.0813742125871865,10.0
29614.0,1.10917804012656,0.0182017338781908,1.47173755904764,2.93140975173981,-0.961174466517838,0.345363580374722,-0.704932394219447,0.285633440985274,0.68279864266663,0.427008757184916,-1.60836950454166,-0.455566183021897,-1.59978814623462,-0.429782535709296,-1.32559427183969,0.0983777287665906,0.0891082188509246,-0.129870496905273,-0.557355651322438,-0.280344419604515,0.0048908098831379,0.302076175337603,-0.112592643957097,0.388376919548877,0.566409396834872,0.218272374431424,0.0389148115640341,0.0239452940873243,1.52
49827.0,-0.225192609695245,1.10249725346491,-1.04064655407291,-0.926465013159673,3.09661240536859,2.93175974104877,0.486859771675055,0.764139578840602,-0.889645505315748,-1.10147058093471,0.251635216403563,-0.651262283056366,-0.237351667160683,-1.2544449137631,0.945011152498341,0.772862002957623,0.55833353429387,0.887364550589191,0.171176906385272,0.111016082394765,-0.128249571217203,-0.506591068610149,-0.29332564227984,0.886191771273554,0.259698587613054,0.34225109409711,0.0244916722821455,0.0767796279429835,0.76
41104.0,1.16257787281306,-1.97864647639105,1.37463186591235,-0.739250098188653,-2.56712655577596,0.115022516715789,-1.71513768394226,0.179496070851065,-0.329174742164837,1.03514530895635,-1.50498490084174,-0.822089792308116,-0.547685535852041,-1.26926403202807,-1.4933327290424,-0.96295377149347,1.24356451242028,-0.0418242482694398,0.271118382119337,-0.153286089663155,-0.23494367501715,-0.215561285450075,-0.0851602414663006,0.397496315007918,0.276203931153422,-0.127902230885168,0.0726632579959407,0.0526820048729837,142.5
61912.0,1.31671365699728,0.601411074353767,-1.02744868768081,0.479981955640107,0.770481604654385,-0.45695261343271,0.307776996624627,-0.11719438270072,-0.402498196846266,-0.552850541360221,0.911499535083155,0.356052491953896,0.398822038459358,-1.24368202349947,0.312740631614455,1.07025920523505,0.340833329549417,1.09696746655012,0.360695394694924,0.0021874186665559,-0.1747374084065,-0.458163081577291,-0.244512516103777,-0.939188097952681,0.708834654981297,0.422597429357697,-0.0336295480233736,0.0216505909391294,0.76
153631.0,2.0820094279556,-1.58611041638842,0.167296579819432,-0.678552811596062,-1.81233462730815,0.404330249575572,-1.97095409092792,0.51448306047745,1.29074853405431,0.764777355880565,-0.487516392854556,-1.32368167974749,-3.22268057984983,-0.380037767280834,-1.30088549180795,1.3016522640153,0.354379363921337,-0.366669984746548,1.19614307072047,-0.264987239233309,0.128714581986443,0.509214702047132,0.225456118003767,-0.521975614170295,-0.44599437988277,-0.167653393324195,0.0400250843121487,-0.0594165477869445,2.0
46472.0,1.17055142919845,0.166702693592171,0.222767066936288,1.09496944859921,-0.224383825371198,-0.525591121690007,0.0657205355102091,-0.0189727234157922,0.189614870680986,0.0049855570867355,-0.410828686449844,-0.47215644670211,-1.42331836128572,0.700366421601695,1.32741145815016,-0.175887272875713,-0.0668246274225208,-0.425561232303733,-0.724673289629575,-0.234500663114532,0.0482768495468224,0.11813346816898,-0.0660447232440565,0.048861506879323,0.561635940424175,-0.295653029927659,0.0181564513777654,0.0166071101064877,19.67
116694.0,1.72264508173609,-0.796553799304895,-1.15361290381517,0.100236833224434,-0.394782795715932,-0.560312169181462,-0.029492666161158,-0.0914746657719874,1.06561013679805,-0.173050282389471,0.498728982605628,0.777764906050092,-0.686014773287498,0.548022024935112,-0.0511012582025195,0.0150942265114387,-0.701465839259377,0.550436034929723,0.469615626808287,0.0342724562369107,0.113468699027944,0.138061247879363,-0.0079152397968611,-0.354833354538116,-0.0565811357705639,-0.631351597302131,-0.0095883153791371,-0.0323408366979617,154.52
165792.0,-1.28892284033864,2.33405127211702,1.3237006483771,4.10337586826023,-0.0953352711856892,1.39513511214718,-0.524165541436389,1.19332593560556,-1.92313491816442,1.22964737970721,-2.14552311426636,-0.504827707381242,0.930425200248867,0.351538992714443,1.00042972227839,0.61721554954522,0.0782899322811913,0.391555542587311,1.51502147462278,0.325462461986792,-0.237068201040506,-0.696560734504454,-0.152872134423719,-1.11247648462015,0.154909079298347,0.285467303811554,0.225901375626004,0.0898117401692389,2.24
134418.0,-1.28701822431781,-0.471322966180647,1.71217513864439,-0.882803411710356,0.632485194652619,0.402753908337997,0.852477116162634,0.0471802960428899,-0.262061797758677,-0.72849592806813,0.52423233142875,0.382752492266856,0.0769636375394696,-0.177459244475604,-0.293275003365076,0.612328781692892,-1.00044222724919,0.367138037219925,0.444096580923751,0.640808565290153,-0.138005384518861,-0.807520348233393,0.272716745666303,0.320852431567987,0.257835495461805,0.303715373720589,-0.267616866632413,-0.147665567652532,186.84
128582.0,-1.4419659553568,-0.431184830975119,1.84471271810201,-1.24316368187989,0.300189505944125,0.103486026862711,0.404096324460462,0.306347565259991,0.180309343698449,-1.28524714108658,0.505952701168489,0.566770625825899,-0.309998392470756,-0.0974359094213634,-0.69624240106881,0.49874992497614,-0.917077038893151,0.826973321416435,-0.408028907017325,0.346348292591116,0.350084148438213,0.609348092520726,-0.0573745740834983,0.779812779008795,0.76075654433376,0.104875537950442,-0.0530755624167769,0.0713850261423533,143.8
75358.0,1.0961397952298,0.476354995893096,1.19800504335398,2.43555699558745,-0.439144918323978,-0.0696383912103254,-0.231894136018318,0.0518620803526231,-0.919511686593435,0.801728830022939,1.49671653402708,1.30315442032581,1.28156674884444,0.0247406911594013,-0.0919598330667292,1.01059628161179,-1.00885418772089,0.371620140375762,-1.01812017738749,-0.0409023354805971,0.224221389197644,0.649199478725796,-0.0657544241617353,0.57035230521064,0.419361172664509,0.0624398395594177,0.0166714390480434,0.0253983699999393,10.59
169039.0,1.94500776211551,-0.408509649288678,-2.10629011210258,0.516063939046774,2.30533388489328,4.06833325859638,-0.679018286231469,0.999833373069222,0.970572507635574,0.0142848921794476,-0.703381624221865,0.726187004635021,-0.504558890202282,-0.0360764342823365,-1.33224595113885,-0.914696164663729,0.0826734711260426,-1.01749926034336,0.172711008910391,-0.237389597290069,-0.341877265550335,-0.700482484766722,0.275731091443908,0.667453938439669,0.0949108606720193,-0.798102914031057,0.0584283212991776,-0.0502653213160684,5.49
71880.0,1.19545040279947,0.153001286524706,0.242715469556577,1.31324077230956,-0.0364576216623359,0.0066766728918688,0.0049125569797356,0.0518553363501315,0.430862277401751,-0.100451071903724,-0.987743980678723,0.0069741800407269,-0.827903109845374,0.19459466068309,0.0152669989183422,-0.583012457559613,0.176112697494902,-0.768307285061513,-0.226019374321278,-0.23344779512385,-0.136047224613692,-0.183212428512609,-0.094621438271541,-0.286377509456511,0.686663572803732,-0.287631180960861,0.0350196151513371,0.0102306293933346,5.34
78920.0,1.33284931179458,0.389198249184276,-2.16559660467804,-0.306872623831362,2.6413512514436,2.80808376427436,-0.171626636099457,0.683351733616692,-0.29796200128389,-0.652096600406493,0.418002664896219,-0.322436923729675,-0.143469154599387,-1.15452429586619,1.157633713505,0.878174917750572,0.536917519702814,0.712873012618197,0.0067735552253612,0.0536071193018422,-0.207432404472897,-0.692416684181818,-0.118597511644349,0.891479667860564,0.730240364330148,0.384013445762976,-0.0284652724675567,0.0361233094119335,0.76
67313.0,-1.17808086277241,0.566040039654863,0.81357958041413,1.30027785990726,0.0561913255100928,0.440294761344894,0.186653153160472,0.741833827698631,-0.601450577037386,-0.195112950333631,0.506842486635489,0.518611199585926,-0.815683985547729,0.685107525853278,-0.395982948415143,-0.754451086999248,0.471463219256943,0.0923242637940529,1.1116354086307,0.28863175413241,0.11114810478522,0.209625737907194,0.04196212385961,-0.310344993188733,-0.0491332522926566,-0.22255339335699,0.275078304932087,0.0699124241838665,90.0
35713.0,-1.00227324635221,0.191600441618451,0.950794269073621,0.816285124879487,0.31041927145364,1.54988389265747,0.991903713253008,0.371737002838583,-0.450602411597467,-0.406962301440806,0.32941440814483,-0.341519375276347,-1.09756998900478,0.624769547501435,2.35134139998919,-1.35587835994984,1.00664253797704,-1.83837863612024,-1.01992731944594,-0.212741733439486,0.0488717738483114,0.293123797083412,0.531348238023561,-1.02076991107543,-0.753158956158984,-0.436379748074346,0.205278494757522,0.108239391916005,192.84
89063.0,2.06181408457883,-0.0021617833025836,-1.04723246296059,0.412224163302017,-0.088961904251884,-1.20315906492485,0.230399762332799,-0.373535430201359,0.439905531787296,0.0536102972442587,-0.61939586948907,0.796303554426838,0.729521451935306,0.143253320634704,-0.0338015596609294,-0.139062706723874,-0.322938470475646,-0.954340886871147,0.138203383888909,-0.181586890366272,-0.280900234298021,-0.642920338314422,0.333148586382949,0.0645816145779625,-0.277073255376502,0.193127777723029,-0.0663959765184956,-0.0583818291390267,1.98
75706.0,-0.75157619641473,1.02261606841054,1.68743844671328,1.51291601979437,1.02238008345528,1.87843673783019,0.243178197870317,0.762696741197879,-1.30610999778368,0.373112421820429,1.72387738481102,-0.100644710540176,-1.69055378163516,0.787246026797868,0.857812328304406,-0.366589217810758,0.391891299466811,-1.55677250777907,-1.99499893746668,-0.343038019263144,0.0372075595351125,-0.00497663829634,0.152380320546324,-1.12138648264207,-0.939082458833308,-0.253520568808205,0.0493494430767972,0.123498444314822,1.49
139310.0,1.96978462828259,-0.198464494380646,-1.20855249654316,0.480274821952992,-0.0934353469432481,-1.13458930093319,0.311671323273425,-0.376413069679687,0.517860011089129,0.0226205559774548,-0.812307092157056,0.652941647909261,0.432123022178336,0.168275914999446,-0.259675915290021,-0.25785255365328,-0.231631089012461,-0.916106318440735,0.210629842799286,-0.0994541667782484,-0.218479092446058,-0.546459414246348,0.227144674422092,0.0045538874518803,-0.189977207281477,0.271271675865235,-0.0800127354163565,-0.0542705384569533,52.96
155108.0,0.387706456705582,-0.650087298139793,0.47832158643627,-2.55019203211303,-0.825100530141646,-0.319801816421579,-0.629448051792661,0.0153302288436829,-1.40405687110797,1.05166807148129,-1.65014849358081,-1.93127598310616,-0.967999467991824,-0.465904574591267,-0.29773300934488,-0.261811823356986,0.293973686490458,0.39408340284649,-0.341643250674812,-0.501320865530662,-0.102679633481136,0.03569274503804,0.0439043387143266,0.509167876383712,-0.51276423790113,-0.279981526563313,-0.0782027517599644,0.0058190360690042,6.0
92135.0,-0.953486629368366,-1.90689138143975,1.91803942541642,-0.955245681463493,-1.52002279687132,1.21019171136832,-0.856332079524422,0.339415191681783,2.05056984388547,-0.51960297394276,0.553992670043965,-2.20987788575609,1.79423134184414,-0.336159301139197,-3.53414170417265,1.01795188063207,0.959812679935455,-0.164655857653603,0.897853425522152,-0.170794615545032,0.18484378126858,1.46348748855684,0.814415881710549,-0.392040692928846,-0.281780963517963,-0.0580836399714374,0.2129122422008,-0.107702216597654,200.0
48633.0,1.10379450308687,0.111063299620965,0.691072942814583,1.00775192834648,-0.451644431234119,-0.197353637425772,-0.219210137492809,0.207852482264477,0.0361472265740321,0.128805485797608,1.54628472193043,0.37320906039158,-1.51109987070356,0.821908052752728,0.768874803532865,0.205435811223652,-0.31788049263622,-0.191595113697025,-0.421208974126563,-0.240633322120716,-0.197157126921429,-0.674106094944757,0.199745756871574,0.12465246199075,0.104839434002861,-0.689296111198457,0.0318686016284515,0.0196141365702062,12.0
47808.0,-0.392839932282283,0.616048621372058,0.707848602893288,-0.531462784405866,0.947628534086589,-0.0944838138358766,0.801488987217524,-0.0470524437777666,-1.05165354656142,-0.275435955356403,0.399354192528417,0.59920568083404,0.948408527717366,0.356929978882643,0.305254181845093,0.279737948953211,-0.70793297030831,0.0959476556706352,1.87876696092642,0.302955634988232,-0.325444241059903,-1.10256895619692,0.0111855970238024,-0.926023437290115,-0.416231724964108,0.718030971825204,0.0090022385502236,0.104633970768872,37.94
123846.0,1.98690875834977,-0.500406633867618,-1.44747069849162,0.0130606554652779,0.0550777768162224,-0.445339636414234,-0.0380824925285994,-0.252787496813797,1.09152328095966,-0.161876143934199,-1.7621315331426,0.250599119036148,0.649704683214158,-0.0173235952675152,0.414763759551823,0.0448009162986712,-0.756097840876971,0.339772362416836,0.256467491177043,-0.0227638687810185,0.316816324972125,1.05090080947296,-0.242222836169908,-0.906736647024577,0.34733353519228,0.411738818094238,-0.0320309283280826,-0.0567436583683329,74.97
134141.0,1.88544187368778,0.298485085435301,-2.60116469370105,1.26748324977495,1.70012002170378,0.605908590103469,0.475855120028393,0.0788062497927927,0.142493710825503,-0.497235625548864,-0.282649813623838,0.109546616918528,-0.293564229407976,-0.92816584472892,0.424148131498684,-0.93419957209837,1.64724958907843,-1.09892965990731,-1.30286169279976,-0.251279449955335,0.0284847217463364,0.330109777030522,0.0203189449280468,-0.685258682700679,0.317783701181018,-0.416031506818056,0.0398655335350254,-0.0313793915845589,33.89
123376.0,0.34291747339909,-3.96824936544608,-1.948701742379,-0.529317577765096,-0.818467850556429,2.04451337913593,-0.109023257653567,0.353210018591971,-0.12167571319892,0.276939418512242,0.782013069325466,0.246339709797589,-0.125035521223635,-0.0207751486260325,-0.15676421974665,0.601871897076767,0.73008293329499,-2.22201322429759,0.128009641334511,1.68514529167985,0.398335774591057,-0.756692686347229,-0.322989533503968,-0.946730822924175,-0.950243810830797,-0.583852691595999,-0.119721348369917,0.0886316394743874,891.25
133516.0,2.15442377909988,-0.399706614023947,-2.10526298144128,-0.804645685827652,0.227204655427413,-1.13003894805182,0.271462225155336,-0.291956581520175,1.1982043411736,-0.287904407381575,-1.38999755372042,-0.694997766994117,-2.0614819256925,0.78775205955706,0.149551063950659,-0.647308295012113,0.0510040594419231,-0.473101011839315,0.823151455706309,-0.293666653735268,-0.0863571220519885,-0.139718268246025,0.0889315489444088,0.504563540802473,0.156680093458591,0.717521396006491,-0.126807970653572,-0.0817795547770209,9.0
84854.0,0.990050271206678,-0.536076149212029,1.25069007541011,0.675258693558298,-1.3932463263487,-0.413438598670146,-0.699882911211932,0.0705861585002233,0.817654840856056,-0.149516415572422,-0.48934903486318,-0.0964237219949934,-0.193351235186326,-0.103904178006791,1.67428602306315,0.889387874150565,-0.650807428339638,0.481065979304484,-0.615983470153428,0.121482022755358,0.278588501430212,0.590855581411517,-0.117546738992823,0.443493887432406,0.131333192911287,0.566691520289958,-0.0099787868006785,0.0486015780133996,114.35
144412.0,-0.421723764607998,0.842550824379548,0.126886569874563,-0.379739371050946,0.258959635637994,-0.398794927943417,-0.0584024064083232,0.466799301484421,0.293634025227296,-1.58090668144837,-0.899931518860624,0.423846754247752,1.00175173008774,-1.34632184634706,0.267141190287593,0.670520179824133,0.327777177688919,0.985559786442732,-0.645914652029308,-0.104704923875446,0.348607326534612,1.0020342122912,-0.149643361055364,0.611892078671947,-0.214754954847374,-0.245824436629623,0.022769322277481,0.0278900691010271,10.2
143419.0,-8.04941127433351,-8.73364877813358,-0.232237712864581,-0.429937876583913,2.15005440299716,0.325384897911005,1.1921406480629,-0.645108066776634,0.395054701533894,0.979499574061675,1.23647275225258,-0.328142001425851,0.0641102995287395,-1.31226343641932,0.0144569366720524,1.19785251084856,-0.0629687508268177,-2.51650195464287,0.375174614114669,-2.49131886358155,-1.48156142134055,-0.106556093086928,2.54901499041082,-1.54672293267082,1.28942773643396,-0.255228107280491,0.704139788313913,0.91376622763739,774.82
75760.0,-0.709690861954849,-0.164565390843961,1.28078562346439,-1.4881216399651,-0.673647013109377,-0.668261424848196,0.8621659864303,-0.0990411300057603,-1.65721725944759,0.0058211465320477,0.837046770727157,0.202794293059882,-0.421371951893045,0.177848693891644,-1.32223604879939,-1.49162824560206,-0.075165377206196,1.22194463708388,-0.750353635556213,-0.239116238388895,-0.223540837884637,-0.406354194731251,0.113978295099789,0.55944506448449,0.0265193233457366,0.913414509290776,-0.0497503772452359,0.0863805185265656,130.72
159150.0,2.04346244537706,0.1422441551248,-1.79697141388832,0.216022526875454,0.719659304776097,-0.278752841468311,0.113739381536152,-0.0870303977963719,0.139717446909092,-0.239873492378144,1.03690055535247,1.15455366611204,0.781155970525168,-0.80985833839594,-0.507944159473406,0.508009785799647,0.125353123863937,0.106162057402861,0.380036204195771,-0.0912060656962475,-0.317877177330654,-0.803616521399278,0.286560336141191,0.146884039338347,-0.237498647168375,0.175605435513136,-0.0590012719283456,-0.0425044883918332,2.69
77439.0,0.198434162805957,-3.05320378121936,0.657187999948706,-1.80723618078268,-2.64507592010383,-0.216021543884049,-0.545627606999109,-0.0618219033151051,1.75709538271379,-1.35453806274091,-0.144699557208901,1.83025972336718,1.12665660539023,-0.837509690832542,0.196992916085002,-3.35507460940277,1.18589734875667,0.714999780618807,0.0072620176395756,0.615007305519622,-0.020607414664313,-0.231469507597395,-0.439495484645297,0.677703570942029,0.243581540808052,-0.776412502971209,0.0744295846645823,0.138817413975555,560.0
117179.0,2.08651820877213,0.208041294760602,-1.75304715892265,0.373730016725375,0.557778234986787,-0.774104223703101,0.232670902495482,-0.268777745636683,0.392240206213825,-0.399770326991152,-0.580942805877257,0.490075424029835,0.83446881928414,-1.00159736754844,0.135152462735862,0.32715998225434,0.374218653818626,-0.347821536611577,0.106767252129772,-0.103246805345335,-0.366342963019388,-0.91262457001644,0.311545085664621,0.399255076875548,-0.212127366052983,0.178855324558402,-0.0580514353500973,-0.030436912616677,1.79
73608.0,-2.03041568468661,-1.00384670345812,2.18618729675495,-1.25760881088598,-0.703295375788185,-0.75061382891122,-1.18240664069109,0.775159091626162,-0.73851920598053,-0.331587471548863,-0.482914823180827,-0.593506794190372,-0.295788928747286,-0.374424606465766,0.0740124175959033,1.08957359103772,0.705014916167087,-1.35685081539819,-0.57470143695711,0.472307857470775,0.523091088654017,1.0034472203273,-0.185785709672205,0.431127099054593,0.428521767537848,-0.112692840721784,0.205508809015417,-0.115759472624135,50.0
40228.0,-0.375645976370907,0.487573212953215,1.17971888898718,-1.08373976891511,-0.0219617801499258,-0.541316258968321,0.769259954866865,0.0319934308207279,-0.357084066598373,-0.629293238075558,0.850443248293491,0.44030362457409,-0.336374182121841,0.340785093535669,-0.241390268617663,0.841805600068324,-1.02409045519922,0.140123637949136,-0.13002793471718,-0.0192537936329154,-0.113327506440018,-0.548710891081013,0.266127993217512,-0.0258733804529011,-1.03539194210444,0.192943567910158,0.0778433876339212,0.173280943365591,60.0
160038.0,-1.58005650854292,-0.874881705962537,2.313991306694,0.238627625223673,0.710643825469185,-1.19186926012476,-0.59804623657518,0.139404866555865,0.259431301293024,-0.815566365968843,-0.516670454287011,0.404214706095103,0.448232893111889,-0.233697228671431,0.923068095902534,-0.611421946793997,0.173820075352107,0.194010852103681,0.790984972177843,0.530511645513538,0.358726615506692,0.771004234354414,-0.0788368813369155,0.464249244716667,0.497858067068216,0.404827927386318,0.0207264782724506,0.104305418494345,39.95
53253.0,-0.814258313160548,1.2481212876496,1.32918499100814,0.100816039155238,-0.530354699988701,-1.15279593226637,0.350669375187949,0.340942318317898,-0.585731453411294,-0.538880904556037,-0.254631847941088,0.221886591423311,0.0408248632501735,0.480281420609684,0.786983666227759,0.226097752680312,-0.105569048701768,-0.417872977773749,-0.1160599392407,0.0018150365023452,-0.156999187311505,-0.549740016897761,0.0864478826740157,0.691308799860209,-0.211614540183602,0.0527865166175471,0.139299213750273,0.0550693881418993,8.99
38676.0,0.516666814329775,-0.995331954454143,1.2323629221588,1.5522180080283,-1.39550363413965,0.105571576313696,-0.428017282786601,0.152646033865275,0.62704151495978,-0.18865522075191,-0.0224236512859098,0.286885542490711,0.0329712929919256,-0.0357213647915394,1.77774281207152,0.445085810713941,-0.349798001836243,0.110423489995354,-1.40537914494716,0.444224519156687,0.476655856405898,0.791001458064741,-0.259312770456771,0.418633179865683,0.134415993355218,-0.257844058535155,0.0357798020744304,0.0949421974886182,305.55
46694.0,-1.12939732982926,0.91072968309959,0.474359050723488,-0.782824348457851,-0.58572800464482,0.88186234570026,-0.24733509369216,1.103101643163,-0.461836973495722,-0.973933681418128,0.136333103834736,1.03597821927919,1.05210746821074,0.412699050952143,0.19866803988279,1.34816169066687,-0.992694488047785,0.491917144953657,-0.681105771294273,-0.300961496896182,0.198371071611244,0.266265689468881,0.0302667806377854,-1.1208421735244,-0.394155625324382,0.248439740714357,-0.290673205339785,-0.143317762258875,107.51
166699.0,-0.049160478384627,0.0092185774639731,0.0024987435687219,-0.725590014601299,2.0245748156216,1.28018582922455,0.577039179840959,0.0615386399660859,0.271164711434229,0.112054393667276,1.32844217786583,0.0709524807102148,-1.28786675015438,0.46423639316941,1.19990806404211,-1.40053990928558,0.160465759535215,-1.03831705759138,-1.03529830066132,-0.267812490095626,0.396575946317911,1.66753803055957,-0.250954326400388,-1.82380271696016,-0.78809639767353,-0.0812521115178556,-0.225927612765426,-0.395023877289919,1.0
117537.0,1.956552254669,-0.05867102720952,-1.03613226079551,1.2918540606556,0.176632325095269,-0.16469797379371,-0.0007019484876946,-0.0589529654948188,0.466269819948462,0.320405526079411,0.292511391801463,1.15298804959466,0.0602946800182387,0.219020915128047,-1.34147353241261,-0.273771074602147,-0.53243679750654,0.177878428156626,0.121078037150331,-0.251596972451868,0.145711796393215,0.706556406678859,-0.0395299874719073,-0.374001869404923,0.331066808158626,-0.456771380608335,0.0220067396979182,-0.0630802076884991,9.99
83387.0,-0.653657200197588,0.875157283402931,0.819949919362193,-1.38747320727644,0.0810644373338259,-0.256849145726452,0.236732578262114,0.531715994832839,-0.674729996815756,-0.952951798762392,1.11281991166451,1.13604260706718,0.63311056102867,0.458358228777753,-0.15426028870446,0.591727903228851,-0.593039858214303,-0.325672567033327,-0.634174437918045,-0.216605175961559,0.0828209659899789,0.0771393294717897,-0.0485788871003669,-0.236631773287666,-0.287713860277828,0.781390921750271,-0.166494721060012,-0.0516427405332201,4.61
118223.0,0.165429232166769,0.425223486926608,1.38014782569012,-0.484096809790505,0.0196338038976633,-0.431656210737312,0.536324653999461,-0.280180605581363,0.701798923900641,-0.677411348612818,-0.880431615684717,0.800103436260297,1.39737822108948,-0.806925153962138,-0.0956080284426045,-0.0492796856712217,-0.803136824659523,0.137358169716489,-0.429477417089663,-0.0197903525815868,0.233441335660913,1.10556523381922,-0.19281292242746,0.0788208856195877,-0.324469853721396,-0.321905517674536,-0.0392128056265507,-0.161700227935874,9.99
68681.0,1.21248131889172,0.313834040501053,0.280047397014588,0.642690177882063,-0.174135636037004,-0.599859895028816,0.0179416694809994,-0.0724019950038448,0.0098561071167723,-0.330636041742627,0.17628240486375,0.386451963161966,0.330893025267736,-0.283904470445306,1.33225278046535,0.180313169098841,0.265940625163018,-0.76329467933361,-0.557705993778734,-0.103716866876377,-0.258315579576662,-0.705543912871824,0.157012833723655,0.0373553185906209,0.147358347787626,0.123659619971138,-0.0058490050176942,0.0277467394183287,2.18
79408.0,0.908553468015928,-0.389578740864089,0.109583749536959,1.31856972628731,-0.233364979315613,0.327417819271035,-0.0207206757480747,0.238929767450006,0.352416644047318,0.0487203957703468,0.517570027925155,0.0153804490277495,-2.2039117062514,0.681606895765959,-0.528270527872739,-0.317899648739115,0.015164800760545,-0.0970926495255755,0.0207460369768804,-0.0533239515760951,-0.0217975624450468,-0.23791581955582,-0.19737712157287,-0.337795463561933,0.562352398629195,-0.315941590449997,-0.0008630439479167,0.0192658281299325,130.0
45605.0,1.16980548610685,0.220724961420526,0.39859709087336,2.47534137915526,0.216516063102798,0.878443107745045,-0.223786186463974,0.255453683343669,0.0387067948157693,0.505691878268306,-1.88716538998378,-0.673143973282148,-1.08532874669059,0.0058745327045258,-0.447024222339041,0.150147432613221,-0.171167578708733,-0.5021604484738,-0.589996171619645,-0.232612355896684,-0.126967177093527,-0.204871466429495,-0.166996508761525,-0.93857932933056,0.646196585153071,0.172390600530423,0.0149922397556947,0.0056591992365153,11.74
70067.0,-1.07807431839427,1.57667394949879,0.639943445388377,-0.144078035619573,0.0976061409407327,-0.718088607405775,0.602417762584097,0.134733106617832,-0.118622407037369,0.0659533343647211,-0.559346790410587,0.273623427951012,1.08060910982039,-0.658195756011308,0.872502235703561,0.506698408691357,-0.189093254046612,-0.0852637246924864,0.0438639815723918,0.40469490917136,-0.361352706751775,-0.756559531774153,-0.0579198507827041,-0.187609728398808,0.0407479333921487,0.085022720939798,0.173732188855836,-0.058541815292036,17.99
142674.0,1.99881258617073,0.0757869566787734,-1.31813061355928,1.07834700601131,0.304766915165856,-0.564884325997539,0.151111225341154,-0.140415809316743,0.0804059862685363,0.511172506502091,0.558931445229098,0.498243306569595,-0.51787168407747,0.788798442642348,-0.047330115634611,0.220672939348391,-0.904718525121788,0.571775545611209,-0.270762219507921,-0.283288097339912,0.288614277749159,0.913600032041005,-0.049072344860197,-0.401468473658949,0.29996755898244,-0.41902215241655,-0.0021655489735485,-0.0663674821897896,6.17
37411.0,-0.551591084019935,1.37590040075646,1.02359317866366,2.25827401120016,0.569290458912367,-0.723510118195234,0.998934588949461,-0.218365986738186,-1.35472530485342,0.775792817961846,-0.873639832854513,-1.12380389003741,-1.29168221496402,0.657195095115777,0.463365848727669,-0.0047726697877881,-0.183112113999678,-0.0952988168466553,-0.0559790240844796,-0.178772037632368,0.120783886063862,0.218348267726922,-0.0902012627783568,0.360719157576411,-0.264703284354842,0.0441417828357153,-0.146960241191723,0.15269931850288,1.0
145951.0,-1.20755982632091,0.397943159743686,-3.00997156040254,-0.747235870898087,0.766128121395041,-1.47049805024124,1.50963503848478,0.247386166115075,-0.764158995924783,-0.537822999499761,-0.0541138860407977,0.990233356975381,0.189093185894485,1.50637767773171,-1.53587115343443,-0.373834934516074,-0.440963318912016,0.282435714478384,0.312983333013521,-0.344224420252662,0.573815380919229,1.76176967816396,0.380148777626713,-0.38590642233616,-0.899197254053441,0.125284876666407,0.343663777907132,-0.107442495229793,114.58
88291.0,-0.742713614956608,1.07496354135975,0.996580291190413,-0.914625255905338,1.01778234465629,-0.314897328215767,1.61859498326931,-0.549117129462319,-0.400286690148656,-0.553184318945225,-1.35856169629057,0.164655944052947,1.02201771867791,-0.394937466626403,-0.4659490659323,-0.254429204320113,-0.62328124277877,-0.653658439461629,0.56256503808385,0.0456550642319564,-0.310696395146419,-0.700224466807658,-0.503787710747185,-0.664723498133892,0.681058470835125,0.399112975816721,-0.458137472947311,-0.193248370682518,37.01
162784.0,-0.337581541136602,0.991592803774702,-0.209539044344744,-0.722914681887895,0.232903268130509,-0.662456903731705,0.558842042193681,0.407765208793904,-0.390490507884221,-0.4637065614948,0.265673707470532,0.651375880508468,-0.380860620813537,0.691832473718806,-1.07183913116189,0.340970038486191,-0.583682997436196,-0.0531479772786952,0.320944286858891,-0.124750508998943,-0.184527000664238,-0.564693995669679,0.109490444493413,-0.35707306023464,-0.461459868109191,0.144104419300231,0.110220836974743,0.0211055184536001,16.99
145399.0,-1.31083722709833,0.859020012755813,2.2784851558782,-0.563302837971044,-0.431327627753593,0.0362122265866154,-0.0955939101710607,-0.608855960998733,0.469784250911374,-0.58529414494607,-1.01142747818346,-0.15978820572736,-0.194497767690979,-0.388011417851803,0.573268460501679,0.509967150021139,-0.521374408042134,0.147547842244535,-0.418448029781883,-0.177062588105026,0.730669644394447,-0.181790643315525,-0.245420294985204,-0.0148162376820231,0.293176027797968,0.321972843150304,0.235626690136189,0.110635678245768,32.94
37035.0,0.907153826495573,-0.469461205838193,-0.454362669589138,0.267307809879284,-0.401680964848152,-1.33740023099289,0.723760313457464,-0.455226607425666,-0.179664399161234,-0.182895499267076,-0.227878314224328,0.192375464137919,0.100763436188414,0.518068804579952,0.781122013408502,-0.0663996780301372,-0.154738998510588,-0.653475186495429,0.0501152635250627,0.364025954048708,0.0826868000362649,-0.223581906566698,-0.275238838639186,0.492846542964194,0.473263948027702,1.04697505540547,-0.153993134050667,0.0285727309236758,222.31
60013.0,1.12781250681934,0.213932761055882,0.275536343371671,0.477477695074056,0.0652163477875174,0.195034614478859,-0.169597496260258,0.218478957679569,-0.244517846777054,-0.204032219482799,2.09484100542198,1.13060080352262,0.162401567809058,-0.0460901209310199,0.893020058205506,0.0812355650440324,0.303223228060479,-0.717480127959722,-0.632972751621649,-0.131642733008627,-0.179661195698834,-0.480321663026955,0.1772456015074,-0.325439345801966,0.0408996927986169,0.136162017892329,0.0068692515035015,0.0138305588604866,0.89
162191.0,2.1556467815213,-1.59757785350739,-0.527265323834502,-1.65245686715541,-1.45164067517419,-0.21100189989697,-1.36749129016312,-0.0227095009070976,-1.27807338072023,1.65059815452573,0.417654366445666,0.127749869456818,1.03099634101882,-0.520705455808951,-0.652834284939389,0.0685578231509671,-0.0705394568622297,0.423872799658976,0.306882869601741,-0.272646111222711,-0.3470962303602,-0.642669143299036,0.344582246911448,-0.546827692773358,-0.578369241172803,-0.48082799502673,0.0274389849523903,-0.0397227158345825,64.99
165361.0,-0.901245640443424,1.67057563003955,-0.893182363975423,-0.697424893228984,0.257415153660834,-0.857553062118231,0.552726809152345,0.342592631521233,0.201589766810393,0.598862653953492,0.336303170671936,0.528467053674998,-0.333590087956736,0.78006057638498,-0.178561723209376,-0.0811959892241457,-0.676549782413073,0.793711181475317,0.354094427291479,0.254439366705714,0.350614932913136,1.2897169818666,-0.0934595813266265,-0.319216552675344,-0.61262689797823,-0.202702131191608,0.692658151277041,0.426354754802904,0.89
159748.0,1.99679816574426,-0.440625394599642,-0.622187806270805,0.146341600876039,-0.159801400166508,0.495582534561627,-0.753664269454898,0.199766365223835,1.18642065172635,-0.0114756883108026,0.1853931058974,1.11542762564025,0.524780667171924,-0.127732161302008,-0.176203745592391,0.464727025589076,-1.02477414967472,0.889587456102999,0.306753924897414,-0.146274676354379,0.199173557003091,0.789346694270892,0.0638893493113983,0.12471167453265,-0.0092314347961274,-0.228050299871225,0.0354388335031729,-0.0459242371021077,4.99
137605.0,-1.66328934948664,-1.04439920808414,0.941360269777653,-3.02494609407811,-0.183863703024791,0.022121884395842,-0.769574428013639,0.657924829433605,-2.5126677688591,0.454804832859522,0.0885664366985008,-0.0651385061478629,1.20426649073948,-0.353380668525737,-1.32136011254716,0.115047031237759,-0.0221535653602814,0.672631252204432,-0.431927309164949,0.167089313686198,-0.0069904195703661,-0.0962283001237405,-0.196229499540458,0.213532251068724,0.762269843309673,-0.150289533592852,0.143827197651982,-0.0848912417228434,82.0
110027.0,-3.50772592539576,2.18912244758203,-0.215610192794069,-0.804127676383348,-0.284282438470757,0.253674410189932,0.449399420226827,-0.867711282722236,3.37314195037236,1.17664468390521,0.530096253295997,-2.90722718475087,-1.18289660830851,1.38625275791513,-2.13875505017337,-1.21548536204279,0.894727858123486,0.808938698810132,1.25963682438288,-0.210239519956,0.590057678813721,-0.0716642868495642,-0.499495651515445,-0.57587635703499,1.37264356488833,-0.216501688296933,-0.967957285233797,0.291057735374572,59.95
143647.0,1.96212122448445,-0.296934462324447,-1.19269093855337,0.535926550812521,-0.298638599982245,-1.21644568698626,0.176103187423848,-0.24622685043582,1.06727655152191,-0.0907710975850288,-1.11507740744838,-0.329015635958968,-1.74435326790421,0.641128886526207,0.12440089283103,-0.38467752925613,-0.113983697764942,-0.479258143623564,0.236302623901751,-0.282992933744737,-0.236488246001312,-0.658121817303419,0.247698334363752,-0.0228303496731303,-0.129640608065382,-0.541012589491298,-0.0288645933785278,-0.0474651418536508,45.33
158442.0,1.82583998913665,-0.56088458935359,-0.914014966083013,0.250350702975557,-0.0294952209032457,0.112294247891465,-0.19944755473271,-0.0785024667381314,1.03289304042377,-0.25797056385083,-1.24032686385036,0.972594028528088,1.61417569560957,-0.288523596843845,0.596058476381786,0.357383726311918,-0.897745947814697,-0.138976125265849,0.209988790745875,0.152265160587122,-0.194626796694238,-0.65623653005752,0.21605614357431,0.0224781943101543,-0.316454686666344,-0.670072435657142,0.0111223223149904,-0.0086569004010704,124.92
96863.0,-0.846292587211067,1.46784219409616,-0.8337433512606,-0.692422999125584,0.256975115172419,-0.324495366309095,-0.0073898666876688,0.852655683962595,1.08285044237073,-0.716039428548412,0.337708707044646,-2.30395503335545,0.706831548073148,2.47548948129175,-1.69985139520944,0.651707499138318,0.0963924740133541,0.554812377933374,0.355090195827237,-0.209493333662054,-0.387675229120223,-0.974471904487926,0.0660737965573426,-1.14079373385571,-0.348834171926729,0.158920570888079,0.0727139598565214,-0.0080885497827874,8.92
39411.0,-0.339178014777408,0.0142381424705271,2.10332661633811,-1.10945943757008,-0.966928672478949,0.0746928660618629,-0.349351773601913,0.0506852490080123,-0.660874427053011,0.110238323374806,-1.34087469224795,0.123992442666407,1.2712993663539,-0.952749993488534,-0.166464229411963,-1.31417237831934,-0.0604059099063576,1.17509366252442,-0.246526760223679,-0.369920588936916,-0.410626785289377,-0.546743268139013,-0.048874615292773,-0.0682495360060813,-0.366984543250693,0.935494130035558,-0.0742268963089308,0.049669652517165,15.95
125298.0,2.08001136884496,-1.27448577827231,-1.89613731278084,-1.99669752675647,1.30326553736776,3.53016527114452,-1.50619142572835,0.927477252788075,-0.268589109684255,0.776766170539213,0.238501985611119,-0.437117614048787,0.230662447024843,-0.098327038896903,1.20911913517031,1.43378406474051,-0.169571060238092,-1.4756686419632,0.287697682822361,0.14009010514468,0.0469702703514294,-0.130473816526316,0.392061876115395,0.673238569220616,-0.507013440341213,-0.46263396843371,0.019860665460252,-0.038443079700864,50.0
84640.0,1.27147850793111,0.23999491130406,-0.0864344882479871,0.452241953269787,0.171279397402323,-0.136366574421302,-0.0489833410099352,0.0222451656669607,0.176178656551183,-0.308220443202271,-0.697292544452295,-0.272662172075068,-0.240261111287245,-0.191394929757238,1.47243220243478,0.458882786863309,0.0016899867900897,-0.401240718200069,-0.236286740851942,-0.122926984262388,-0.321907707119969,-0.918907666457908,0.0620009611917445,-0.823377189178627,0.235203556292874,0.178163614209723,-0.0116069157384595,0.0176532101214739,1.98
50346.0,-1.43593688765095,1.49010473203284,0.535212973072658,1.23926413888143,-0.680844044983774,0.324385695904196,-0.127377196402542,1.15108521571563,-0.539187865699783,-0.0711050820998256,0.616973158469141,0.572264228578029,-1.21966544706845,0.994782312361882,-0.412090521342382,-0.726098149024632,0.763617916260144,0.0159113757857295,0.978205334863541,-0.0237764376456201,0.0504463248728989,0.241034102020883,-0.0385289395795388,0.0113920971474407,-0.0598906831222064,-0.227392557340706,0.308537745028524,0.0933420072127631,53.79
53994.0,0.9811562640339,-0.914913728057706,0.809058112661584,0.292297025211388,-1.32014281425675,-0.184631828168291,-0.607492526063312,0.144348491771082,1.48947811479163,-0.459316339035821,-1.42140793109942,-0.500878847742657,-1.75361208047799,-0.185914847942543,-0.0619121096084216,0.0860863279822966,0.122467951536859,-0.273622728314622,0.570692201362797,0.0849437716557767,-0.198538079362656,-0.695543406675316,-0.0585514311141241,0.0564347272020137,0.0741856565020481,0.957056147677994,-0.0708061420890853,0.02965306566183,140.0
79497.0,1.14656251141977,-0.4338570874794,0.990760436878953,-0.844324562055632,-1.05402352644059,-0.143576185378475,-0.741183508684778,0.232912101873029,1.52659833498895,-0.95878208725137,1.68292110942785,1.64340333009454,-0.0657778547298924,0.0653921028195218,0.796114833574359,-0.603208686061652,-0.0499618667926537,0.153716772792723,0.409783635771768,-0.14561936197896,0.081667949474176,0.488025658576836,0.0051381949160168,0.251296706384211,0.374042560512885,-0.687325184679638,0.107333706146924,0.0240141803875058,1.0
160859.0,0.0292120919351884,0.780222294408153,0.171727749470931,-0.773422529445716,0.574072923330603,-0.628222299172013,0.868589949305175,-0.0119022268996626,-0.206985024523329,-0.226435327326954,0.40157110426388,0.45680083803282,-0.515062714142764,0.388107175315165,-1.02623682354196,0.219527256569321,-0.747179156718536,-0.0885624817631401,0.329661736823207,-0.0531030816990545,-0.236698181930542,-0.557972594665836,0.0198385131486199,-0.356318559107608,-0.494231265470125,0.142345880386966,0.240304406085581,0.0827368449837178,1.98
69672.0,1.01273769512572,-0.766709505077192,0.774706537175623,0.500535585593599,-1.06720812394849,0.259161091448339,-0.729870619709695,0.202203334695598,-0.991460718147347,0.926915637435609,1.17730798034399,0.430224487054517,-0.0864698234421956,0.291808618621117,0.677748462513439,-1.10949047061861,-0.304505166731205,1.65844192804213,-1.48581587086877,-0.355891156743939,-0.10493626517459,-0.0580716967242909,-0.0584306221920667,-0.0200671154205636,0.232449048239103,-0.297329881075094,0.0590768529969405,0.0419691825650206,116.0
155.0,1.1719535217444,0.31121325223846,0.313605077628952,0.519230420464062,-0.0580321109614955,-0.258768684556513,-0.0438428108307001,0.0395988892763753,-0.34422688266534,-0.179727145033748,1.97901576926006,1.40674626412141,0.871995166998189,-0.212157235594389,0.563275934273453,0.348119863137014,-0.0216231184943433,-0.343891187830958,-0.271035656340405,-0.0542834135039712,-0.200153105673389,-0.541916272674481,0.137491127384619,-0.0017394616354807,0.139121262667106,0.104375916651933,-0.0054142115621874,0.0187280133381944,1.29
172029.0,-1.9934556443311,2.31860571055387,-1.18856404845998,-1.38145687361696,0.471698270514802,-0.325779606513633,0.693839494180872,0.276547518857378,1.22161088589852,2.20159790092894,-0.006977871838658,0.803172343330321,0.508818746542309,-0.284504266058174,-0.948462308843274,0.27776742972084,-1.08096016844032,-0.063522879714765,0.368265469813006,1.00609901902022,-0.530923884741941,-0.791043743003585,0.0222434208521557,-1.1269022501535,0.0495252516236993,0.196410706601717,0.778847583630989,0.329803467459384,8.95
80547.0,-0.983186912788769,1.80172912045229,0.564700385243901,0.922748907411375,-0.407156550233043,-0.781263796100449,0.275671874067138,0.531846961829115,-1.21652555537578,-0.620261295446521,-0.500967974330436,1.17051202024752,2.0050963119643,0.569404651247062,0.736984847452576,-0.17605800517325,0.0323924529791762,-0.0473152936075937,0.413458471145511,-0.129610173582725,0.277187654755402,0.64046113926299,-0.0775948922685621,0.446827049564741,-0.158426942583441,-0.348766316566084,-0.193234903709918,0.0373605816117131,20.06
136712.0,2.06853584618815,-0.580875534456321,-1.52051893430287,-2.09241627371566,-0.428789908190134,-1.59333273300611,0.0621455259017405,-0.25739871171201,1.85434747070338,-1.04029234792521,1.27182841508177,1.15883920511031,-1.18217716998226,0.959018585614438,0.753451662647736,-0.956370891949407,-0.215520513851646,0.10983452664102,1.3780764341942,-0.285084834671629,-0.165061349660913,-0.334743932192131,0.257319743488926,-0.0326284442565484,-0.0638685930684405,-1.1208688945194,0.0208480545919034,-0.0605284321924564,7.07
53521.0,0.999093567454159,0.494327380505586,0.539805975644536,2.57227958250134,-0.116933140188328,0.0656642909478615,-0.197589692700088,0.266674858472711,-0.760124352779457,0.335313069265577,1.73865189282793,0.0175860873580075,-1.11407400138822,-0.540669256871676,0.422761505594638,1.13226939298684,0.346652981934737,0.388227190747633,-1.37035783476623,-0.137017268085602,-0.0581593294736135,-0.331679399316909,0.0802052392131895,0.0626452583128279,0.123123353449639,-0.129526638948642,0.0184289945287337,0.0477008968268331,36.57
133454.0,1.96428377233645,-0.347786299693916,-1.62497406313505,0.0868431103278893,0.388752275864816,-0.110621673937374,0.064916453388002,0.0005713578106935,0.876537648524667,-0.0513430545754868,0.0884408464906956,0.462238406010664,-1.15580329935483,0.702756427532584,-0.468832061039711,-0.120152768663762,-0.652325278284755,0.281837754305418,0.824484176646168,-0.186242340266136,-0.210605850778908,-0.623843097345961,0.160928845749078,0.0236736477820974,0.0392233299100376,-0.872982211441519,-0.0108720202883353,-0.0511543992118397,50.0
9410.0,-6.04030690114781,2.00484705174087,0.262101525362444,-0.495952819518541,-0.389057700716073,-0.770476925757489,0.51110724881167,-0.439778252852947,5.52198079762739,4.52202177168132,0.317522211863573,-2.33798863021564,1.29491615145147,-0.936351768653139,-1.71438836358218,-0.664789729953945,0.290719840008087,-0.668047183794115,-0.520467786646935,0.203669799389931,-1.34082752436761,-0.0729684738466611,0.735882928790856,0.373549717027979,0.961046850289768,0.294579262577273,0.434053127807603,0.0469361885824734,0.01
114361.0,-0.535342151472259,0.722872660657231,0.471229763062265,-0.970786287131696,0.920671468306563,-0.705584673877966,1.03381006028852,-0.210099311537262,0.569593194185248,-0.345949913813952,-1.36000002819917,-1.72733986902104,-2.90895873089732,0.673950857717859,0.94076422509722,-0.311659121607,-0.53370598010242,0.523755399515978,-0.26548939055075,-0.130210228206006,0.209360107657486,0.775564421421548,-0.474008335760853,0.552964505026136,0.35177697075954,-0.455556906977613,0.070964466600154,-0.041113264486876,1.0
79522.0,-0.749358302639436,-0.293553171779635,1.88483453872253,-0.0196926484531312,0.661074068353985,0.0577877179907346,-0.6237730655763,0.263218498981429,0.137341556283107,-0.509470622917864,-0.873844004727783,0.642050682280455,1.60480260745971,-0.607834815628561,0.962522679214359,-0.158753397523667,-0.0523613903225944,-0.37418898635081,0.743856294557552,0.340047110971292,0.107227588097434,0.332092236230131,0.0615617847933896,-0.534056611322871,-0.755231979419121,1.01713217040907,0.122209180804807,0.168386693838878,0.0
35456.0,0.656992294063999,-0.846807062265673,2.16050717633327,3.24697017108325,-1.64228896162561,1.27915568840316,-1.1738994443937,0.596264150815306,1.29865561196552,0.1538816873406,-1.35187260589217,0.0326157387925861,-1.38044678134919,-0.954394898875259,-1.52213110184934,-0.197597880671482,0.558603268729621,-0.456537245884594,-1.07206708898337,0.0375811345235178,0.198301572536612,0.65170755038257,-0.176255357272263,0.430648756789427,0.252191892078601,0.246523218707363,0.0717963969420537,0.0658589328077486,169.95
129433.0,0.0728131059343862,0.658636023783978,-0.395982579518839,-0.734949742688038,1.54372559132806,-0.383467585277063,0.896890535524715,-0.133250025073715,-0.10740439323877,-0.429143458520688,0.699909440914488,0.342320569694306,-0.043156969904406,-1.04117063313224,-0.866578262959566,0.568132795051366,-0.142010393661926,0.403692504920562,0.232639098614228,0.169215071584768,-0.353224274233357,-0.792324627288439,0.0288983996134548,0.0895513086513222,-0.410615606406863,0.0937204287842263,0.0468031683295621,-0.148917125423106,1.29
84224.0,1.24003413532422,0.140042444964787,0.0930850932326932,0.627346364018186,-0.131770524117312,-0.545674527230869,0.14809824137346,-0.116929802686039,0.18686028241879,-0.152341969183828,-0.357973991938229,0.312993024778519,-0.25904849247188,0.250645140717344,0.324072555003514,-0.614286533282575,0.274520339215194,-1.0633254853705,-0.227542624331839,-0.172380573066915,-0.0433682440638892,0.064906856865095,-0.0750844748239861,0.144595657506927,0.586941045452462,0.584714816019014,-0.0367482880708645,-0.0031045744546195,0.0
7198.0,1.22310225546678,0.665212577031531,0.698615261609542,2.57215873910576,0.0327939043334642,-0.226353705303976,-0.0278460513139692,-0.109088408921779,0.691894827925767,0.322522303788426,-0.10391501467999,-3.10010381880121,1.05312806773794,1.83484574490942,-0.0627645458301801,0.924317136374454,-0.05602373861882,0.0518309932373591,-0.932557322906357,-0.226489221997707,-0.440767735557602,-1.13248695650122,0.104057020949609,-0.254450206767289,0.267172435746223,-0.270877657386635,-0.038720919787459,0.0155844948542439,2.89
152911.0,-0.726592314003698,2.42024112835779,-3.72811320296657,0.0049743091732142,1.32394343883926,-1.74519592758901,0.933033731580939,-0.602808730474112,0.103983627245808,-0.523800918462813,-0.838770052881036,-0.836113746855738,-1.4899244832201,-0.939014378161775,0.12622108427764,-0.519709042590009,2.11512689441307,1.1196978073589,0.314358970168236,-0.12701539854514,1.08438428691493,1.05716330068521,0.0425375900356684,0.476867484554036,-0.922665422087359,-0.434664728353942,0.464313658438021,0.218063338120677,1.0
62375.0,-1.43562772655466,1.48934904561991,0.727047983476311,-0.579910098329038,0.508432806049969,0.0553560273785257,0.598732806986082,0.0192126667406341,0.0686328725252944,1.00199967943516,0.454867516950118,0.537482098113982,0.712526284379004,-0.195457765151,0.259334035415909,0.595816783340691,-1.18163083991894,0.383989846577783,0.70540869561462,0.365366649812078,-0.338079078694663,-0.645774090726927,-0.0817311839093715,-0.852510300642005,0.0158438905554851,0.0449278820006213,-0.384982652413444,-0.253498109716947,1.98
61077.0,-1.8627401049193,0.161761262837523,0.746659176324933,-2.76324307432441,-0.587817483234291,1.21274111995973,-1.15305435751414,1.56153836486559,-0.29571351229411,-0.906328547258718,1.54130100893623,1.85724438915384,0.673638503138424,0.403472218561421,0.562886901879522,-2.86036035007145,1.16387942995512,0.184836946407681,-2.13321052483221,-0.536804322764874,0.0702504992483121,0.855278071508512,-0.0849292908142389,-1.01519795920855,-0.071482047228178,-0.550687096129598,0.372920586295825,0.0602110000397273,12.5
66584.0,0.808871505461595,-2.19836049483146,0.420582069951653,-1.44135310028572,-1.33642539409553,1.60955928989187,-1.47562505423801,0.627115199034788,-1.68080142245788,1.33664381972848,1.89503222415795,-0.608821618665145,-0.983208869449519,0.161924525999093,1.4188491235403,-1.119024012188,1.41588528687159,-0.913796064696116,-1.76816832208717,-0.0538418573960219,0.237901503408155,0.603855552457175,-0.0774767572811811,-1.04145017439839,-0.140350781739508,-0.0129182585761247,0.0650429292715013,0.0406803264223667,250.0
146294.0,-0.671778519538254,0.506055023677052,0.726935710957768,-0.621763942760012,1.0044143067194,-1.09805276557919,1.18219024354645,-0.532828249870583,-0.0494006801818648,-0.256977054049576,-0.965835464995,-0.0185823249044982,0.112863507073784,-0.123678627706538,-0.299015500868856,-0.223980157287613,-0.537603777117744,-0.7014669999964,0.18853739015877,-0.10229445203333,-0.235883722517042,-0.496961605656405,0.0996063449114102,-0.107469671571091,-0.482153539120477,0.110833847226686,-0.372358818827109,0.0288669997863909,0.89
34532.0,1.0480811437554,-0.320801189428643,-0.337018328351522,-0.0747346851591746,0.625302982903346,1.25992000324639,-0.0822534597037061,0.334808967722443,0.251279728065713,-0.402955926231146,-0.0234604156406779,0.515583426101493,-0.001071975002942,0.250199455488244,1.23296159033952,-1.39698074258612,1.05743693648612,-2.5167299615287,-1.06291421383964,-0.102375530879357,0.0284378083197504,0.263903044575526,-0.0734960108051306,-1.40424319305002,0.287716116650744,1.24671842273759,-0.0330324827679435,-0.0179074501960826,57.62
65056.0,-0.503695479833716,1.3254915502556,1.0595291551921,2.03163773404484,1.07632993974452,0.594138929796578,0.850129236545885,0.174895496758356,-1.88781524677106,0.701280764175232,1.48440268880541,0.404846616749435,-0.176204722238176,0.703729741580414,0.118201706538719,-0.451922497167823,0.06970451915998,-0.652014150963819,-0.514466968468729,-0.093357291177311,0.241524911646244,0.656163310565712,-0.122062211078396,-0.271420061061865,-0.405916136854888,0.0902931752443975,0.0076494746006599,0.149375282334541,4.59
58834.0,-0.375549719492261,0.665100441519965,1.24909521626801,0.994620516620776,1.2131774036944,0.874204208226449,0.774137295344383,-0.0761832204571549,-0.312591978733356,-0.156195654177878,-1.69340573063593,-0.153474299330788,0.569060849934515,-0.33756855454577,0.34271337405539,-0.914941156123388,0.0167163255716161,-0.294086927183752,1.31431338081074,0.244836052948499,-0.124985225057461,0.0008871239919714,-0.380461314959474,-1.28838225071434,0.314191324551406,-0.135136652144033,-0.0245479037653145,-0.120468779753604,25.28
76815.0,-1.86579249206679,-0.721766660249159,2.27112029964096,-0.0437141818513845,1.58339906971447,1.77951996152152,-0.37327308750939,0.713217979001078,1.09935595358156,-0.745809062198256,0.949367471734435,1.32214711738951,-1.32144533620239,-0.78828738583656,-2.66234499765544,-1.42900003921921,0.716012723254401,-2.34974669989794,-2.24693050978571,-0.630453719512855,-0.248332342754354,-0.108448044000648,-0.0643359913078373,-1.03266675447975,-0.480963259398703,-0.843215618801273,-0.185732657856388,0.0513521185269484,16.88
47924.0,1.1178997008523,-0.129652865299462,1.24104629036395,1.29668121944262,-0.866759345682565,0.250680960287096,-0.704251489885822,0.281795690827208,1.02348271290802,-0.217720099361263,-0.725501195545077,0.0921647930036846,-0.87598145763589,-0.155574057902042,0.527755055474383,-0.171774192595158,0.0790452617030341,-0.401415328256438,-0.560341898230814,-0.231503850161911,-0.0480352607256715,0.0694843251330344,0.0391786963896461,0.0544261368632914,0.314382893298436,-0.375755578351782,0.0839591053206935,0.0321995973621457,4.99
73539.0,1.08721850769716,-0.210717911675109,1.57346882503757,0.760179409744726,-1.31565234400472,-0.258307302590035,-0.847797064247948,0.173910841904823,0.700247415013224,-0.150399323627802,0.278799967375508,0.421212871829137,0.158719873167628,-0.154503749031911,1.81247840796284,0.399636732973679,-0.222088439009106,-0.196289148046211,-1.18181975869911,-0.0947014791995754,0.293872269448124,0.907031059587237,0.04964167235785,0.65421417495158,0.0610760875781,0.466769024524953,0.0363662428238586,0.0367045333435846,19.94
113751.0,2.07443861262243,-0.0564566804713595,-1.63099966178734,-0.0553717436355969,0.545434791602884,-0.297825672338145,0.0841588810957943,-0.142399935513035,0.454118658116936,0.0563579012920201,0.585111992558356,1.06964727501095,0.541798681722828,0.54538022864699,0.184186769541839,0.0565556991768382,-1.01273055370656,0.71394171226881,0.293332896080435,-0.168421138788522,0.288376962060938,0.968698522542109,-0.0672137553160865,0.231015141856153,0.406155483831131,-0.441862624788397,0.0022642517207942,-0.0611792828479154,1.0
147322.0,-0.319088503471333,-0.309478803728973,1.25675040061665,-0.995083082431489,-1.52838077929704,0.53414397986323,-1.23295782487317,-0.097468798646694,-1.32617430813187,2.24774935478916,-1.46857095318224,-0.958478587725805,1.73092185653105,-1.26163115731088,1.29139669545657,-1.11561209595031,0.945746189481868,0.841111593106372,2.64233060129518,0.0272107749951639,-0.0654733227189676,0.507793118249581,0.0581774757858883,-0.625411053197929,-1.11267629180825,0.118653455508618,-0.0851966891312842,0.333858029461261,28.0
156393.0,2.14648413068194,-0.748094945976084,-2.88474347805358,-1.23119849287096,0.616775226553186,-0.808898995903594,0.503143242098167,-0.495377455756091,-1.38082645180842,1.07156397458725,0.253046934964893,0.474347783622607,0.583126784385493,0.713940879531146,-0.991421505780709,-1.85868393829946,-0.260970167817298,1.14453039486431,0.0421664112162272,-0.359675691894057,-0.0719675361420164,0.211201806432028,-0.191691639294245,0.216065909728335,0.431372084553069,1.61531017027685,-0.19007645171225,-0.0966193886983954,86.56
122471.0,-1.87910526664952,-1.05497030976956,1.38883361589453,0.812027093155455,1.74011539460834,1.47177283718984,0.041424772335724,0.173081228050931,0.406453634761581,0.672514123558176,0.851765390915563,-0.115246963809885,-0.78094693770082,-0.146504943376184,1.48095512571088,-0.568454094179025,-0.28610521608265,0.038811209946167,-0.158071972998543,-0.118428265289112,0.132029643838417,1.25017790481044,0.0967857724552783,-1.64145546573195,-0.120631269500906,-0.292921602615487,-0.036996882281153,-0.0431998944774173,99.5
151143.0,-0.718372018738565,0.620426575732932,-0.434083658039697,-0.352164445025854,0.873129088006714,-1.22744522330873,0.826979562401598,-0.117372951329099,0.345258441188773,-0.366952680111334,-0.322622075786568,-0.347034216142683,-0.805958611236262,-0.965757261821532,-0.0695737807445273,0.18703878606664,0.590539203546659,-0.377883887712116,-0.428172602777115,-0.167996315167447,-0.418028695770607,-0.754170597298989,0.622349205508335,0.957539746677448,-0.360151101756467,0.111079329805993,0.326886674912755,0.0622607177313509,8.99
42694.0,1.11462783644004,-0.268008699646688,0.0756013024111851,-0.101939453156551,-0.557054360224081,-0.946575708614459,0.184338196725964,-0.205876327387008,-0.042323311751873,-0.114776014140465,1.48966429132291,1.25659031743627,0.213932163946841,0.283927143727558,-0.615890891340759,-0.145346574534671,-0.0945031713846363,-0.450826597987236,0.604591653243685,0.105534271737654,0.0120463698248787,-0.0100069039445299,-0.126369225969998,0.663379762875632,0.392717495875259,1.43175240326043,-0.138019457811818,-0.0072714886391901,79.0
7493.0,-2.06423745559686,0.294565142136851,2.64629036646172,3.14131277235425,-0.569906190556829,0.889815015401399,-0.159820790082135,0.10736963309009,1.75883079378882,1.4496699624633,-0.385429532362174,-3.87699297368451,0.604577654632042,0.713388418196316,0.780497987266318,0.387600614568803,0.441471432604993,1.22382027395074,0.566356230948148,0.457306730816412,-0.2428498611091,0.40453083795191,-0.159393687463436,-0.176950210010225,0.285534436530594,0.441179219918548,0.453468171669442,0.539658934766348,151.67
134173.0,0.0322705701432281,0.721912228390758,0.125818748427883,-0.782182775176792,0.540391006287508,-0.605078622535223,0.817998415648005,0.035000386653582,-0.0889803485812721,-0.204828598022337,0.210858262878079,0.0352255508219637,-1.25133938019615,0.532973185381455,-0.938875041878501,0.275311078265484,-0.730044388821647,0.0265407777897194,0.361127877524616,-0.0973412973827448,-0.249542788772063,-0.632341469308486,0.0216287218431095,-0.447458036592087,-0.509892733170395,0.149205220932527,0.235089465489832,0.0804684676098738,2.58
79379.0,-0.786520673205351,0.496176716714779,2.48908810909013,-2.01157901532148,-0.228211462029542,-0.252639935065598,0.465007849735221,-0.0216427880709316,1.27813518448361,-1.53184102011038,-0.188817093911406,0.856310693503777,0.604231289209548,-0.680987453775626,0.874756954927553,-0.708729353433352,-0.24321293089911,-0.310535972872408,-0.350942004011902,0.11199276564505,-0.026368835783043,0.4418668004807,-0.382161409816923,0.108039916611154,0.500959114483337,-0.758665604180427,0.212507424322681,-0.0867287490656445,1.0
34095.0,-0.588206235297023,-0.406141029535863,0.309522321191453,-1.31826575021345,-0.219439833131849,-1.79781660384248,0.871116530250887,-0.349392455705804,-1.41089423268852,0.389636602994614,-0.516515174867783,-0.273534222365452,0.0920771071315373,0.251878056642909,-0.17961533853005,-1.54188088970475,-0.0989105947766417,0.722307588886948,-1.42632871040304,-0.051224070490471,-0.137820252196269,-0.167147994957143,0.535434917541731,0.713566328779619,-0.97712648472384,0.719493360865356,0.313111510700874,0.294333707999306,132.75
79052.0,-0.711726221446644,1.11293445998483,-0.390973605628304,1.04785396126813,-0.186229543384776,-1.12965722518144,0.900835881656788,0.125931827099258,-0.484845017056991,0.239789838380681,-0.677471773546315,0.0374807310568019,-0.0849641670089304,0.771693323138687,0.692140422475242,-0.402278485077005,0.0056039079720179,-0.0593610737486109,0.346851916373195,0.107401416584907,0.144890290535254,0.552127298701288,0.220079792843819,0.390519864899758,-0.606522038165954,-0.405104647794228,0.460535411410031,0.197639269445007,95.99
37199.0,1.36776981205338,-0.751852913890415,0.741586384702196,-0.735561523852841,-1.28132005435096,-0.4162920272373,-1.01312755297805,-0.0298152135144939,-0.348074158505835,0.601364476905206,-0.816421282425236,-0.866000619534939,0.307992291359415,-0.455159456871399,1.16797383507842,1.64345258227836,-0.132643978426555,-0.661159289254422,0.418707590835424,0.14845267848219,0.358883106781078,0.937423155496154,-0.187518868680097,-0.0986589403558161,0.487013465002159,-0.0185041658076385,0.0317811998726984,0.0242886520434092,34.99
166878.0,1.06892834013596,-1.96098442712572,-1.02563577247517,0.471326766787709,-0.888888324236563,0.0617143692835969,0.0501703463229916,-0.170583094074246,1.25878020096804,-0.485473944715805,-0.919005547468226,1.10260648057573,1.60711532276793,-0.402305222413786,0.476315310268379,0.182260291697505,-0.616379027491622,0.155845508105207,-0.202916956411619,0.91663443794415,0.473629738680662,0.532982036760991,-0.302810458334901,0.681099959737233,-0.258642070798357,0.0447507134927896,-0.0731214776459956,0.0516571094506168,500.0
79567.0,1.24055678093169,-0.94530575954784,-0.192695570168045,-0.938890943689382,-0.621679715221888,-0.0639463247963209,-0.547128815119494,0.0142778308462738,-0.840340767909886,0.780890204991301,0.243987697611171,-0.784312379393195,-0.614203938817653,0.187148231564848,0.223318950037155,1.69944105193689,-0.364745284342304,-0.369345570017092,1.21860820843116,0.282835278623801,0.176343885821984,0.112524969343974,-0.286485942235856,-0.825526209143787,0.552058238204685,-0.16166350102878,-0.0279090718053599,0.0108629746715337,120.29
124752.0,0.115493367864155,-1.28152557560378,1.04588727154881,-1.39639309326715,-0.409743049307271,-0.260755222487733,-1.56819059741129,0.394689411580221,0.0674054042367326,0.614334914891158,0.105675540845752,-0.53866003772582,-0.517272080809532,-0.506342946428254,-0.327475172269528,1.70186574699982,-0.391808578540907,0.191853819888659,0.739330596719688,0.123684233504396,0.752514136489449,2.06200354039277,0.385691266606479,-0.382634867980002,-2.39237470800209,-0.364553858387226,0.427012461477032,0.382594360213391,0.02
74246.0,-3.57918812847551,3.39024530924247,-2.68954425429491,1.78056786724881,1.20148128353592,4.74821969526764,-2.47653585487747,-2.75944221500567,-1.08476472964942,1.0850757370516,-0.319205812116195,0.0625997665959854,0.139700493641732,0.0923295210570288,1.37577310703632,1.07195383039674,1.16565724397509,0.960171242253975,0.875746432755606,-1.23778633230404,4.48400178436308,-2.38003927210281,0.947338499701379,0.784961858918597,-0.193877787421665,-0.040666337236915,-0.779968677107956,0.132123168762691,45.37
155852.0,-1.02443160645035,0.788857816831615,-1.5034045393167,-1.09331544214912,2.70576249438875,0.579780167749667,1.33720517367512,-0.0841357178286397,-0.526317593280168,-0.0023148173673061,0.948399598464757,0.513387763980412,-0.665796575932394,0.945619306954738,-0.329021198677407,-1.70567434740757,0.22989850862251,-1.14902225053157,-0.687369273367073,-0.476379396559375,0.571142855820052,1.6929370529627,-0.429514683356097,-0.650836245570298,-0.0513983737646345,0.002083063626637,-0.559892183634485,0.381007410377676,1.18
113023.0,-0.249119648500366,0.804243519909509,0.625138903917967,3.04803990916453,1.29004913710732,2.67498651106619,0.49638571494289,0.564636043014412,-1.1465750586301,0.856429681648578,-0.0970801667818456,0.833275095028941,0.616732339715727,-0.455145329452549,-2.4302599540403,-0.481818203150836,0.039588678845076,-0.938153599860033,-1.53148773195331,-0.263081932213802,0.44108300098002,1.68222878690673,-0.1990364483835,-1.56303979162771,-0.496510974644738,0.355864221065904,0.101791026351378,0.0620383418926976,77.86
77891.0,1.31808298194784,0.483998406249487,-0.562592512452338,0.708354766866436,0.740745703115867,-0.180633064487591,0.481823836725513,-0.182525537503982,-0.588697455733388,0.191067466892316,0.439397154454797,0.977175379171998,0.976638532975314,0.519033063829505,-0.0275862293565507,0.279460568099945,-1.0369947190223,0.400257624480016,0.470970911079824,-0.0523438580779141,-0.0125872513713289,0.0348501458259642,-0.311852243498764,-0.793309113159417,1.00773147316368,-0.244296538569978,-0.0075397080426413,-0.0093169432164221,1.0
28473.0,-1.76150509780392,1.95234958011281,1.71779129751934,2.73097134752749,-0.853031726538543,1.55907057840468,-0.884677167591188,1.12743724219862,-1.06631450849637,0.742515013618148,0.573145084215319,1.19202631966353,1.07931546291993,0.0460763622630402,-0.121681621697037,0.0034202020280172,0.377939380645424,0.252623129355793,1.03188943660429,-0.14047050153877,0.262503897043958,0.417495534889807,-0.0308349419315481,-0.269482547129692,-0.35926905933955,0.143398798403093,-0.869455510828224,-0.0297801433310054,20.61
66103.0,-0.456065154474659,-0.0147539880561933,1.96902539238752,-0.205033270640996,-0.560463684350812,1.02958129604806,-0.243407952653956,0.501256117099563,-1.19531724595973,0.313810331038012,0.919183144715641,0.104948133027322,-0.755373506455753,0.0560250075709538,-0.0049832863306735,-1.903882746615,0.314792283145102,1.30124866184005,-1.38838957435898,-0.505680981038366,-0.0422924255386962,0.409284754292591,-0.0521659675187053,-0.341380199936561,-0.128852683168592,-0.219980421517177,0.140251008133962,0.0581417944171662,47.5
83129.0,-0.670276696483464,-0.099770413816796,1.37409979760629,-2.41565771561312,-0.305048861515598,-0.684295212464896,0.491206094375324,0.0368438316135192,-1.40435821041859,-0.133038179339984,0.429954016819329,-0.203641157683172,-0.647876555355582,0.21579505291536,-0.896304943111959,-0.299143242746191,-1.04968607680935,1.54969145884461,-1.92539172491893,-0.520059145608316,-0.327612049083798,-0.794692762019692,0.0784563422620017,-0.0299603803601261,-0.357803366240633,0.554097868673025,-0.0192808070324023,0.103592710994179,61.66
39881.0,-0.72878624907928,0.489002998405554,1.90316666024428,1.15323096194047,0.586388408262867,1.75838452743166,0.661113393259838,-0.241851159749144,1.57563240720077,0.770837294686647,-2.16559581552611,-0.253169598317428,-0.34648273678378,-1.6092049788853,-1.12251670257912,-1.49348426312522,0.299636724899418,-0.683733197417226,1.79694772839532,0.374988592106517,-0.629042114956076,-0.601328746324253,-0.171687539290602,-1.32609619288417,-0.166855912660272,-0.433519336941306,-0.16606923910403,-0.356628982580982,40.77
38510.0,-2.06676486087916,-1.27678898457673,1.72246593762413,-1.80726749742285,0.248263465042187,-0.282331319776173,-0.620128366619593,0.286981644162953,-0.829066247611295,0.549094615144797,0.288411194004016,-0.614327508926367,0.136405465789072,-0.497886341432372,0.0466073914898716,2.20483501429704,-0.799277562171213,-0.0711180590272147,0.475160801500399,0.44499962380163,0.156862777414333,0.391341463703012,-0.273364236664312,-0.697141988679877,0.56168646170555,-0.225626411658665,0.469124288250188,0.267188634146206,152.65
55840.0,1.40558634821298,-1.21544551869583,-0.116340626603317,-1.61020145339112,-0.94771163784807,0.0648025478090072,-0.955179317906038,0.050534481686858,-2.0718793276261,1.58848674290598,0.710369420894566,-0.7199537854894,-0.178967659089836,0.102846772436213,0.183115597490666,-0.372747551626171,0.36419175600044,0.316409043892729,-0.062669569276083,-0.279164324402594,-0.0940051545982744,-0.0029529223869055,-0.134275506567809,-0.679777131944401,0.469911215004601,-0.0633360579039064,0.0183287550853472,0.0018451456262028,60.0
72977.0,1.1944756393973,0.187045514417619,0.144145961182923,0.45807322461243,-0.0427348675823362,-0.110874765473822,-0.160654759092908,0.152109032412364,-0.0778691552709803,-0.131735574942636,1.4129610877731,0.442248556551121,-0.682469901700403,0.0889122711454028,0.763837200809216,0.518620307520068,-0.0479280017315855,-0.0400325019679219,-0.137300380690205,-0.147790970708707,-0.240332388958167,-0.733644141770759,0.116932927894748,-0.372006483786831,0.128201644822828,0.130011428217031,-0.0162997023782899,0.0118953019939707,0.89
48787.0,1.05880335533674,-0.520655663218101,0.883910497264722,-0.250207794592127,-1.1201221022652,-0.455051666349154,-0.549130725064354,0.0278038985707054,0.308493322423018,-0.0973704316231642,1.50407769374211,1.12213008197776,0.706068403927965,-0.0038219983635284,0.731089106324187,0.863819720803137,-0.742942469138048,0.410582907536782,0.0862935119002718,0.187236164130391,0.237446816734381,0.525807858686609,-0.100555605347296,0.453031096999136,0.0597269311084747,1.45873797649888,-0.0924190828242847,0.0146792735346933,90.43
158615.0,-0.529575184537653,0.314853222891256,-0.205945079922746,-0.24583727655508,1.40846644837776,-1.68188713509669,0.875006637700236,-0.17281931846027,-0.0138608255589301,-1.28967494081112,-0.794232093602128,-0.68612570420664,-1.35129895606358,-0.660356958948532,0.0001195733309938,-0.0740720432753037,0.717260947008604,0.132752261797705,-0.257626084984444,-0.0154904705143429,-0.113471964455029,-0.515198281527688,-0.0617024587577204,-0.237417274951475,0.355247300447542,-0.399216370027867,-0.0479220078334336,0.0054918369413437,25.75
100720.0,2.20413205128116,-0.821044354617857,-0.368341834090626,-0.754606019593587,-0.904908001817976,-0.320781978960466,-1.2376204567464,-0.126210552341125,1.37799629514596,0.391869211084809,0.120130911489251,-3.00324227199096,2.21368261866984,0.888650926849859,-0.137170374102538,1.39680969944979,0.630209506523456,-0.638952184547275,0.132715935496224,-0.0397427346803772,0.229379771916464,0.962847117459161,0.175508993420244,0.644076202959434,-0.178739733819885,-0.133086377498917,-0.0119726616175057,-0.0465216314869005,0.49
145073.0,-1.38312322606203,0.812314529459407,1.02864178350226,-0.4310958141048,0.705606909686652,-0.317727222696441,0.2295905829491,0.514406057228585,-0.272565728159762,-1.0694239679262,-1.1982712325933,0.569017619441462,0.769103711149193,0.1951650027142,0.187065573810304,-0.178011192326583,-0.147905204032709,-0.41988114448676,0.847034058044211,0.229848367800162,-0.445320286663385,-1.44136243943306,-0.123089644370697,0.427245471039793,0.437791893631808,-0.641700949406677,0.183891447115007,-0.0099207998740335,0.74
29935.0,0.992485153899402,-0.539563484315833,0.234674853232041,-0.983840751341685,0.0521231898108454,1.30299224278699,-0.489098305620935,0.562066099213435,1.28295693873849,-1.13431315470563,2.15606249657265,1.91984913753884,-0.358957129385733,0.350999397083047,0.884753279558361,-2.05504972550933,1.13900464551683,-1.84254227973537,-0.315837339119476,-0.218210843302813,-0.0564198781461836,0.171683110160049,0.079435928016975,-1.00450622175458,0.278632904522642,-0.690508990632367,0.126646653246837,0.0038681956631354,29.04
56167.0,-0.649309731304405,0.691884849506295,2.0529559239965,0.506715681092234,-0.369883403017055,-0.169875623218405,0.605155318989736,0.125641795064772,-0.538235820934992,-0.422793830917945,1.00623766451925,0.393825557440099,-0.97593794594752,0.247062630584512,-0.608586180531011,-0.48331813400134,0.203698991319703,0.0889473685462569,1.31978285778193,0.10717721384489,-0.0945118370924325,-0.264825650702722,-0.150692386106143,0.547271587098247,0.212446251418155,0.374008230287774,0.0133250961158846,0.0600533419125457,45.97
168653.0,-1.05487075328541,-0.569996052645643,1.17975287270634,-0.208049999380161,0.395580898998015,0.168827648930557,0.347438308322017,-0.334520935874242,1.31972449759652,0.474618141455854,0.0341112847043074,0.543533252695698,-0.20637766896837,-1.05016165245848,-1.66184907894682,-0.372245232728494,-0.570730186117198,0.525160790584571,0.917708735980761,-0.159203947737323,0.145175915861789,1.50899921611927,0.0248708786288523,-0.21284564568954,-0.660105310247506,0.77580757277172,-0.195241243966518,-0.0597064146152952,54.95
124092.0,-0.369784531050265,0.558303592655212,1.56416857817121,-0.654258011836325,0.000768686326008,-0.036291388163434,0.302456005772582,0.210477421693159,-0.103514241603218,-0.539407571946847,0.320853923341693,-0.0037819576398218,-1.00309519547009,0.264405428662975,-0.13612048482532,0.513099558697993,-0.671857579786159,0.440924744805184,0.825558573215176,-0.0644243287273193,-0.182063508888702,-0.576533223945155,-0.053525543918268,-0.366611629531456,-0.567073757806186,0.327975450246406,0.0741743744334762,0.118921910980897,7.49
82651.0,-0.883897355185996,1.10132216430092,0.420175343201622,0.381141036938002,1.09494158325549,2.10682263101348,0.147052284410706,0.955429333090099,-1.11404262062896,-0.39563675716605,1.36478789878887,1.25135480494301,0.936843360498312,0.716323981540716,1.34468944387143,-1.06138869123922,0.557685195860513,-1.12593027162983,-0.507560480885889,-0.188392847777345,0.332815311503688,1.02507395664471,-0.0421566770564711,-1.84377710577763,-0.429276585775773,-0.18056938723367,0.0059688026287081,0.0535317414742083,31.9
13791.0,-0.911292814905391,1.32980078448022,1.30029880371067,0.474012763902775,0.399771534279979,0.288211557916998,0.367209363071185,0.525063249184027,-0.272192250903412,-0.671100473372847,1.78615961088654,-1.66003335379626,2.31682507428446,1.85322410502824,-1.5730836724567,1.08599928994089,-0.133000778800036,-0.0533249721928697,-1.72790765738842,-0.246152399467757,-0.0036021349764204,-0.0201361512427872,0.0322550946393901,-0.327776936640398,-0.512016237072657,0.60433301571532,-0.112337150412703,0.0560146972850536,30.7
171841.0,2.02736671654215,-0.766077520516872,-0.582977509199324,-1.37664763325544,-0.943829231599419,-0.971081555275527,-0.572614611653116,-0.21954668280735,2.22111996753747,-1.00596714026067,-0.713977964429347,1.35990144304955,1.29059184347363,-0.411830212805114,0.91604343111677,-0.501877468794633,-0.37782265174171,0.197385501774506,0.611439001558474,-0.0770303909966622,0.262657712751902,1.12296017690738,0.0144459668315206,-0.0073396951628256,0.0307898485793815,-0.0624667916669803,0.043006867717055,-0.0402137643364081,24.95
51411.0,-1.21470925749062,1.41482530135089,-0.285062323286614,-1.77660301837136,0.420259741839796,0.452530729818411,-0.155730342016203,1.08730227845444,-0.49103723347035,-0.675457680958195,-0.183739696685391,1.06128844561364,1.32463711794939,0.507397334069427,-0.111791165740405,1.07308172480555,-0.966375791461775,0.0955518505705168,-0.175945617837824,0.0059110691781132,-0.0427164009539478,-0.202039187721632,-0.161070639345554,-1.63624399073769,0.0502765792674976,0.89179260484885,0.0585429444702018,-0.0057922377923052,0.92
125572.0,1.86619010338835,-0.177560109673047,-1.88786931211,1.23820133915706,0.528073684469395,-0.549471210245266,0.548906020916046,-0.189108260143512,0.160392177058208,0.428544638951708,0.0748684193553897,0.173462971948556,-1.53249557829037,0.974691646848474,-1.03288672304759,-0.33094134807785,-0.477970204854018,0.166682145288823,0.232045092715394,-0.196223683679316,0.102920089757701,0.250584847754973,-0.128512244553826,-0.577735115675972,0.420202167822666,-0.480993476880807,-0.0424436779949285,-0.0661045725535185,87.68
62401.0,0.191894346352909,-0.683402311578794,1.53724986530533,-1.52957619684269,-1.28745845296364,0.370689531924416,-1.08990959352672,0.335089610606377,-2.18669628504109,1.48923018799558,0.773270345933287,-1.41454613679071,-1.03349951961634,-0.0290930135209088,0.901052796466503,-0.513682079356886,0.721172659333404,0.933494511065965,0.670072340445657,-0.257701035710147,0.0719894478457587,0.549604775728974,-0.031721211083906,-0.346072923441057,-0.48174452185245,0.0119148482054828,0.110868025796053,0.0203518894349615,15.8
33363.0,0.954937889446702,-0.505501714460247,-0.592833275402544,-0.150097319889351,0.097510557074573,-0.25913624745223,0.461820451775354,-0.153540188076256,-0.284552878033641,-0.0604937959595805,0.524607591386323,0.630531729512857,0.269374674041019,0.578704514477701,0.250405721163377,0.675268779435259,-0.875816213059907,-0.10499450130174,0.944746790269563,0.385400733517217,-0.347180386964877,-1.53137021018265,-0.124774024794787,-0.817318478904733,0.155655293708461,0.656020424710555,-0.143336331281973,0.0165172324751237,206.42
136989.0,2.25781922200308,-0.483598613382457,-1.5890259577839,-1.05006850028139,-0.0568841667406948,-1.04865572434959,-0.0914158844355744,-0.434869671002362,-0.881745430171302,0.82151145324893,-0.433802741097002,0.0261991484335622,1.39233526815754,-0.103268438611107,0.15398880347725,0.855025431004879,0.0675371424949495,-1.85059265067215,0.716841687627603,0.063032902622423,0.0484541892396172,0.119574943077668,0.224570864988245,0.692830732059529,0.0108422256916493,-0.347098702109751,-0.0446396785682402,-0.0542362904322908,9.99
25387.0,1.28096281939883,0.163325306959833,0.281875880167667,0.516694366130339,-0.307418013025603,-0.722034271691342,0.0133284526175078,-0.135797161108466,0.184384056737999,-0.0477593315926809,-0.780698890672355,-0.167307149568942,-0.296822536186767,0.350445047393706,1.14602337537998,0.481865422738041,-0.563851113621289,-0.292419790211355,0.0712524551104663,-0.107364449899426,-0.293890386313964,-0.897305996570084,0.0769713019533001,-0.13873598048119,0.257597126912783,0.12707027940196,-0.0356465565385131,0.0137144590394886,8.98
87577.0,2.03244790510437,-0.0227211619555894,-1.42982223609906,0.132412643145587,0.351458860670568,-0.541265257466297,0.121326934856903,-0.170955546657947,0.236003642325074,0.152011197092054,1.15567224072331,1.27229336011661,0.556026384564199,0.564521225432166,0.0680808109100941,-0.0852505444549224,-0.744407425065454,0.300095615619507,-0.0154834286526086,-0.176510439562655,0.304589540238601,1.00616094430647,0.0270980107399969,0.756043575662445,0.257735254736072,-0.160604286534444,-0.0213775935171168,-0.0609785753575501,0.89
11772.0,-0.260289553361093,0.669945962946184,1.93457173201081,-0.0485709989522812,-0.0090670021943994,-0.595096062592638,0.672181164992899,-0.57384384377958,1.07804784309641,0.0777604787337659,2.62187656119636,-2.38152936404798,0.997110855051006,1.42231794469144,-0.0324675295049144,-0.0854289136116103,0.302866153368031,0.442464326227018,0.811896794134702,0.0998600652279705,-0.21150613057583,-0.174826385224087,-0.130531109154631,0.515334389803243,-0.311576360958441,0.863117033495805,-0.702070837764819,-0.463250595676438,12.99
140512.0,-1.81319663189703,-0.0714955778365212,1.535187473077,-0.973900575633529,0.545191051236068,-0.596492073049373,-0.186627636147131,0.598831766310508,-0.161358915825896,-1.39747380424573,-1.18189124654125,0.224061342831542,0.297681810858964,0.0629143984991813,-0.0327944996198239,0.768422350960747,-0.591935645728423,-0.235279866297582,-0.610629432877743,0.146840257028017,-0.086186181089855,-0.823892750531821,-0.113266690141935,0.735564506980368,0.28820276011844,0.270506706184968,-0.144000765194932,-0.150984506693448,27.5
126039.0,-1.0266796236574,0.175136986274812,-0.0172859623539392,-2.24673727796388,0.144171628701186,-0.0745536802896154,-0.397045424315469,0.723995269055597,-1.00048022170919,-0.804539609828628,0.244482689781674,-0.924214282899892,-0.592895824010687,-1.64612421019655,-0.940786012670565,2.4033008312606,0.80527111234722,0.524019657497712,0.0693653567815174,0.258139258621829,0.338585539414961,0.67711952841921,-0.226422920015523,-0.0398121534103303,0.13140224841473,-0.178635356551169,0.233368442020167,0.112767582323088,49.99
149808.0,-2.06647876095102,1.83197564771819,0.169863786263237,-0.880641244003656,-0.659370547116339,-0.673421983739468,-0.391158649158871,1.06040835857594,0.0050948037978138,-1.26257163496417,0.940619015973683,1.21484130113861,0.425636630463347,-0.71594515438144,-0.390162149350128,0.962279232179959,0.509188418242259,0.877415251046484,-0.0173049549722096,-0.263243045412412,-0.0604278982618724,-0.382657852494217,0.0627782569943376,-0.0446194083165803,-0.285387620175043,-0.355662692675406,-0.687449799121281,-0.2141885549964,7.7
81005.0,-0.570510077435577,0.862727630923706,1.63116340975113,0.111613674939321,0.628348331648271,-0.204967764157064,1.22390394641417,-0.702165721126007,-0.201939824940968,0.938103753028361,1.78698269569308,-0.176585320133495,-1.29039252495876,0.0593539278659205,0.709048339008559,-0.781301125428542,-0.198389454866595,-0.222287551102082,0.607887576794807,0.0909685584432482,0.0423099012705065,0.416288768093778,-0.24540519137969,0.233098893418116,-0.413615179127214,0.273464579592382,-0.969257676853969,-0.540719305728304,2.5
35919.0,-0.718260832405922,1.29162656532061,0.86073639395215,0.276383065036786,0.445159494108714,0.202702827629854,0.939409705512023,-2.06238147326356,-0.508302399835709,-0.157058449214862,-0.900588879342696,0.567749855999767,1.80543724251331,-0.297029088265879,0.596029022954546,0.0968625863518466,-0.812238376645804,0.0645227515523565,0.047076003027311,-0.301396472748231,1.49751952736113,-0.211605332640012,-0.206409442053509,-0.43000068241728,0.436540901323754,-0.33208470537086,0.0489825613531659,-0.231325412116981,99.95
122944.0,1.81797403442445,0.300641644552387,0.332922476783334,3.73507438430711,-0.285649358456376,0.354112368068145,-0.501118973241506,0.244947281651226,-0.652513098720902,1.55416943137255,0.494719984177605,0.358659033030091,-0.441372762974222,0.174626158184284,-1.07035518136488,1.50155950715031,-1.15320208148597,0.158691379917843,-1.328128003183,-0.300260733270757,-0.146191617998463,-0.47042060052805,0.442579139305655,-0.0269005700862252,-0.625671920161934,-0.404776881968315,0.0031032563668781,-0.0348127893694474,5.99
125282.0,1.22963072354806,-2.98275273960726,-2.24815045656783,-1.16207298649424,-1.19199788615255,-0.625878425390572,0.174762595131881,-0.520174095053008,-1.68489041322602,1.31906908139937,-1.06546481218152,-0.61894130407182,0.897716202553582,-0.128146079417506,-0.411862121752183,-0.779314800746476,0.56235166117412,-0.348926136476354,-0.0365332030103227,0.791902301597908,0.0343233200005655,-0.732472960372404,-0.26448283522427,0.58924882667613,-0.225784219202002,-0.324456644729318,-0.130583384970678,0.0473907854196711,598.0
71215.0,1.18938282607002,0.0056453289071304,0.12875749334317,1.09294307040668,-0.175951987961926,-0.248330483622932,0.0165011348662487,-0.0179848848158221,0.548044741928778,-0.0843117238916853,-1.56412618832486,-0.582665208052088,-1.2444059417501,0.343187384000415,0.434104833800058,0.154776381047642,-0.421033409909217,-0.0150893172540726,0.240196152373057,-0.123983622150153,-0.254208202353188,-0.767279547384706,-0.105991570596047,-0.499526503005526,0.583637376469811,-0.461562966606542,0.0115828339878831,0.0217064350748332,48.31
157562.0,2.13163305142242,-1.7228779082092,-1.06780172960775,-1.50035836012642,-1.34725629029463,-0.49959839172523,-1.12505898582414,-0.0975634367305256,-0.973907982916324,1.5522099340893,-1.25445137084941,-1.52557217690129,-0.909997727497337,-0.167110553473748,0.0718365641558676,-0.502142846634332,0.594153741479798,0.0156534471628577,-0.198636651262063,-0.333549357144021,-0.1622913091522,-0.230204936055961,0.239742381899926,0.61565877850294,-0.305193150109688,-0.233496704308279,-0.0111637914814634,-0.0304105054000055,100.0
77094.0,-0.625796888013054,0.687463226162789,3.01350241765827,0.988636549444544,-0.657837188279238,0.345461553327004,-0.162021716984833,0.255514450551426,0.0049330546632227,0.317849731040193,1.01943623485789,-0.376732489187696,-1.26337907940947,0.0193523189017664,1.42006266945157,0.47063284572412,-0.63673364141385,1.51808741043808,0.626961964771535,0.257815644575153,0.247532442373437,0.948302631725409,-0.361389782638177,0.31844430221645,0.113357804466912,-0.0808498992276743,0.209140653489423,-0.0734853929916754,6.6
69857.0,1.06475038073435,-0.828970696222811,0.837048066789601,0.502060460432704,-1.17033577716295,0.3861994877702,-0.88793404956709,0.286048897473246,-0.558962109648445,0.816990648667525,0.818257301476148,0.248416686408917,-0.842167139313323,0.18212567417694,-0.0166037733293109,-1.48859314255587,0.0258859849845579,1.6085061837076,-1.19955561748576,-0.478314104410169,-0.130073479037429,0.0483578554629064,-0.0893395440343426,-0.027069516604463,0.360044042280723,-0.214293956815888,0.0699442931195898,0.0313530426051566,83.5
108272.0,1.99569955830115,-0.137547244020046,-0.170531747286223,0.521507994955114,-0.55954072643589,-0.66793104977641,-0.538344438168369,-0.165347573720302,2.58841164497976,-0.609476917044591,0.242932093126761,-1.91895755165685,1.89829382718972,1.47719566586733,0.361935947119016,0.146071056829705,0.0971451860758338,0.19887433547493,-0.396912566555761,-0.281301440298124,-0.265348294054815,-0.363119482842216,0.360616535964082,-0.199578060666756,-0.390801903564275,-0.955883368799156,0.0366417508371984,-0.0340565469968941,2.12
23377.0,-0.0933739151202226,1.27071816705893,-1.55831879802277,0.0043367067205211,2.64433781404241,3.10786747357031,-0.0269857810227912,1.08023149186778,0.464087104167353,-0.324334488140581,0.487058620842634,-2.57468557560945,1.59357510147159,2.39228459521101,0.080102437820751,-0.137178722652535,0.256776670128526,0.637542552468818,0.54786116778096,0.0093135377882976,-0.0294861116250896,0.105514589561079,0.039081156447152,0.944366095957445,-0.553410843572489,-0.435822321386266,0.290783518150774,0.154918320254549,0.99
58341.0,-2.53335674230032,1.91554485135015,1.44772075758717,1.31801107076007,-1.18585008531019,0.968488107519041,-0.659927122501581,1.10778923901979,1.22307642508333,1.07384384182146,0.502507958885219,1.15721847574611,-1.09639068973262,-0.462681424191447,-1.92527904200753,-1.46962932803162,1.17462431765619,-0.58258725036625,1.43363009210587,0.288929793350011,-0.367448473697958,-0.423226632491242,0.0047145415556804,0.199584048417837,-0.0432286333170046,-0.516010073476112,-0.672528187075649,-0.487666171650549,5.9
2168.0,1.34181957455548,-0.571108083616785,0.0970177945008413,-0.615244614084951,-1.08990733247852,-1.09151730733142,-0.381798716995056,-0.0931763917148351,-1.01110239492771,0.931655569651937,1.03614137872764,-0.508407416013081,-1.94283292306796,0.864024617247639,0.216746231313921,-1.22597199004475,-0.0039207514827865,1.40386161321859,-0.446479278826333,-0.595042969930911,-0.397944972938504,-0.819057809798636,0.0803145734229039,0.505020168007007,0.185047370034872,0.986715882893475,-0.0946854437526824,-0.0100082318580005,16.38
145619.0,2.22178711534558,-1.46668883967771,-0.799417929101005,-1.65435553081986,-1.24252624857624,-0.244462799268578,-1.29373950956067,-0.0181607501088122,-1.38348590092644,1.71399882986738,0.711988789816526,-0.0577265606557607,0.459478204427989,-0.328532699893949,-0.794531582339964,-0.292577741184306,0.205444844639725,0.459352719819462,0.0953157829957156,-0.366395353102211,-0.100587003791911,0.140957895151109,0.268883683490109,0.746214796222127,-0.271063559874915,-0.235615577880357,0.0104654004645655,-0.0465198694035095,29.6
75904.0,1.25418278871905,-0.106285782762517,-0.882851786436255,0.308303590970242,1.98542835669531,3.80866314047413,-0.684194049501395,0.938691697057076,0.416299583284072,-0.0585763086131931,-0.641114038837552,0.277030558757287,-0.201466539435957,-0.0053311974058284,-0.242578813436052,-0.0495704707867833,-0.504435139464945,0.0521837288222274,0.337315771448333,-0.048902164407628,-0.137631090763343,-0.28997120848108,-0.132416935487532,1.01839501575403,0.862442510142885,-0.28262211630206,0.0430881995655499,0.0155243829062477,2.3
142955.0,1.67920190677946,-0.934298042594592,0.654501228541597,1.73639001025005,-1.45171280492732,0.415816443298729,-1.21825257956324,0.324311114984278,2.09820082586814,-0.0735509342248123,-1.61584878962652,0.215459828296609,-0.735684169152116,-0.711098072330687,-0.42573378830932,0.175789460523438,-0.289420039638656,0.391725356946813,-0.549131040048564,-0.130494900444903,0.228531926395226,0.845283076960838,0.088184636883062,-0.0225374514070544,-0.280734038500957,-0.526312245411666,0.0992984214870111,-0.0030089865904799,100.25
113036.0,2.07397915878236,-0.0977110443009343,-1.48147759466337,0.177803965239607,0.168991556742867,-0.841714845920733,0.0930274679114937,-0.219053883259226,0.879780105503765,-0.0828703237022299,-0.862716008712969,-0.144896665793636,-0.782577475238816,0.64606028834855,1.04223425543926,-0.275279268720359,-0.45701315366562,0.136489261472141,-0.238574610505231,-0.28588334215724,0.258660573249689,0.859275171515914,0.0266633226929812,0.674277428500341,0.312950044180747,-0.44436567158355,0.0012393062457374,-0.0495722770956863,1.0
1177.0,-1.31912378035899,0.710146768573948,-1.06338829576439,-1.45284533198155,2.74125809718353,2.9583874465067,0.40297735613827,1.1022303154642,-0.658877791141917,-0.780124074759756,-0.64238444375663,-0.0571388518581102,-0.242711129286334,0.642935903822098,-0.322266858527138,1.01111372565115,-1.3822066497063,0.114225588370824,-1.59263860771243,-0.376890050076366,0.052045804763256,-0.30227486924623,-0.284833874579063,0.98195522759884,0.483153256831894,-0.699041479917375,-0.345202498957482,-0.0678752547515832,60.2
137340.0,-2.62674397848385,1.16412133612394,-0.947202920291869,-0.742909289404363,0.693732022225346,-0.353343226182219,-0.151347385581029,1.3025017757227,-0.833291395246627,-2.1310752073942,0.0135781349412507,0.671773649720279,-0.0113480409770868,-0.80655282725812,-1.68574778976416,1.05121129687865,1.04571365648463,1.06444131864088,-0.163520612494557,-0.406469182525586,0.123170519645622,-0.0703781214295834,-0.588522269040524,0.144580258650492,1.05218222041215,0.633579176560265,-0.581433413039449,-0.342317130516246,1.0
133409.0,-1.37440646965127,1.66315720712501,0.531936085218043,-1.86504227362252,3.3502669732096,-0.447492222206685,5.02838982711911,-4.31914723202308,4.25924470734334,6.81879904936572,2.78881394447723,-1.72001918529487,-1.77921027396524,-5.0667475290381,-0.443120110521202,-1.77350982938276,-1.49287951960059,-0.200804124738133,-0.124773877038792,2.18859599275423,-1.0003129091295,0.691741458352217,-0.847498827010793,0.678308650672513,0.142017289110507,0.0513208437014318,-2.90015887951974,-3.25522653808756,34.59
56003.0,1.05027286872666,-0.227264457326972,1.33309356941389,1.2386580251671,-0.960355745925725,0.445977833872826,-0.830347770078457,0.442900889628671,0.825264459904766,-0.0366840244587645,1.07380211837744,0.581680381011781,-1.50055151270519,0.155013414386638,-0.131998065111856,-0.0118711049217985,-0.0669125483881267,0.0888007442150455,-0.347627302561426,-0.249307726190466,0.0146111825273831,0.176428298871623,0.0541658925453719,0.196496672827645,0.237537896815277,-0.404995415253062,0.0761731397733085,0.0239247606820335,9.99
159304.0,2.04357844615134,-0.0995014701354546,-1.20425026801216,0.207967882387373,0.123922764847338,-0.659473116671393,0.0921593750690694,-0.177094314581791,0.271832280026803,0.234807130339112,0.649855791320845,1.12694693416999,0.289297693042154,0.400996998158802,-0.658172882514149,0.193893031182374,-0.694351720482651,-0.276237303379597,0.580455013364227,-0.18157455551566,-0.259350390984423,-0.639640585530308,0.275077985153192,-0.39985657457427,-0.26893439016623,0.201661945576122,-0.073824265624143,-0.0732395368220557,3.59
129626.0,1.74952650714833,-1.26027238371302,-1.68188121143408,-0.732009587062605,-0.5285662122125,-1.31429792301551,0.309654975915847,-0.593287777444336,-0.955731580433187,0.69322340418141,-0.25901732895488,0.297788807660302,1.74766710888538,-0.0913389547222005,0.147268458472127,0.77141102823766,0.154079607089146,-1.98265401355494,0.53167705507646,0.558682965112843,0.21976588156104,0.104767534976701,-0.0242575037936619,-0.0297618997465632,-0.110354042097506,-0.338807322561424,-0.0816883811737124,-0.016810461485755,261.49
66782.0,1.19223575179412,-0.0084389291225749,0.548596601945641,0.730854824683836,-0.552525576667735,-0.408607313219683,-0.167657269730034,0.0449429479618219,0.298086460673259,-0.005636808133919,0.930071156528057,0.836066570016263,-0.737829796771008,0.249398972322383,-0.844632377018679,-0.0577273039158065,-0.183597320340545,-0.143490136893048,0.513064291320468,-0.152533959847495,-0.188572623702743,-0.421654642891182,0.0089744183126731,0.344300086617534,0.403740304773492,0.254286474918402,-0.0297561622062683,0.0010011835098106,4.96
133453.0,1.75787063503174,-1.32743746163313,-0.615993213721889,-0.310655680962275,-1.02307167442146,0.015062042054534,-0.749109108171865,0.0796774176855877,-0.10490643647902,0.74456327692204,0.66878529728079,0.807006977662285,0.153305263408344,0.117565897431359,-0.140066381638209,-1.10198076806794,-0.518081877630288,1.64132648553465,-0.560065457308121,-0.282469811855435,-0.446105475389949,-1.12096658911577,0.36474705563762,0.671205899190711,-0.62887206280229,-0.733761762654819,0.0164668448436308,-0.0022291785799265,166.5
33260.0,1.22449415068215,0.117631125388277,0.37188025627587,0.439873833521844,-0.326338899445964,-0.490205138435846,-0.0812115781934899,-0.0025197987688006,-0.0947055092044789,0.118845865518758,1.07486313807398,0.60389472745385,-0.357781676421094,0.546736566859907,0.427840819764945,0.627722370064576,-0.757444773353188,0.142763194153338,0.297761536667987,-0.0962224262938032,-0.230100080486762,-0.750613247115703,0.083453278649101,-0.0248854576135432,0.20681965499084,0.0990687128051542,-0.0390955759826746,0.0055026057202441,9.99
150010.0,1.6129823436129,-0.820253408977588,-0.720733383679327,1.34388627819617,-0.503486221030676,-0.10556923321588,-0.240466603501867,-0.0543366408443754,0.987117499988448,0.142579250322944,-1.60864662834658,-0.174191271314654,-0.104393600340856,0.0824046477578605,0.893377713733786,0.705668939626833,-1.01266238779418,0.65799297204224,-0.564608791022506,0.162583528115734,0.2983373445736,0.541106467794571,-0.122393955133697,-0.670206583656582,-0.0844734640331191,-0.541316285080582,0.0151300484804857,-0.0020758346379528,210.0
54025.0,-1.25699461339626,0.188945355192747,1.86912136169179,-1.05514379831808,0.296423119771337,-0.991922641526497,0.473173715440331,-0.219399633847931,0.296635789761135,-0.240836518950274,0.145717775571869,0.015005584732378,-0.178911460609991,-0.252029632128952,0.934071188358405,0.0694947042305412,-0.33220602035561,-0.916689951814206,-0.969736428860952,-0.0240178175313827,-0.0853288730320437,-0.0130713764921373,0.0157248047465411,0.441291489742729,-0.476854394749529,0.710887981296514,-0.15294348215225,0.0488991497683411,20.0
66782.0,-2.00363061452305,-1.61791157119528,0.644770193402405,-4.07047296550631,-0.402698911799496,-1.46850340337788,-0.385339460193715,0.487639152122275,0.417919055377312,-1.66602411456975,0.46387169918892,1.56313492452555,0.668609091820241,0.130484343851798,-0.714028050398429,-1.65328310481414,-0.506258797434417,2.0520612142607,-0.829392423841721,0.0363095225807913,-0.0345611845588481,-0.122795487047029,0.0774378223504351,-0.0226189398403751,0.210386321850121,-1.09955019978751,0.288018817252857,-0.0607830323644055,124.99
138286.0,1.8570431435847,-1.19113773844412,-1.11831815582504,-0.185440379494511,-0.669113161701193,-0.0584706803990047,-0.571786571428272,-0.0270729363937007,-0.504351052489274,1.03133810873293,0.546763700599416,0.548400706245935,0.13015566093198,0.180488239656949,-0.52409804635147,-1.3581372710925,-0.344186441033064,1.78041514120088,-0.89031168126161,-0.343204494810373,0.0934088734650831,0.611542169167188,-0.0212938395650842,0.747870234067528,-0.0449369855693817,0.558800901797792,-0.0463765367711655,-0.0382405376205866,133.65
41960.0,-0.321577339610282,0.606128242533375,0.318754753099418,-1.06288130995573,0.0738339777281039,0.326418024844642,2.12886614879313,-0.528685800913481,-0.803656271314545,-0.325832021845345,0.656366988065319,0.653343923281535,1.09979417375011,0.0160872251564345,-0.0416541299447992,0.383004010665056,-1.0153888979393,-0.091950083167334,1.19120900621968,0.191575333416471,-0.372906815758903,-0.958763531544987,-0.0293023171988639,-0.773937492594758,-0.0736594914666688,0.709924075099116,-0.291566362706983,-0.295318472493605,233.55
71025.0,-2.38950261032266,1.99806981847107,0.179942294986485,-2.13348496910591,0.12499881314344,0.336502784975958,0.11753693956621,0.667376513889588,1.27424082613388,1.57036295535199,0.146788527894477,-0.120491123670963,-0.844904506723894,-0.0924814120255607,0.361049337225262,0.836144460443058,-1.08008037196316,0.164590743053656,-0.448280062522476,0.853755958840904,-0.321306592274143,-0.427774148544747,-0.0981205146025621,-1.36602713085183,0.063533627867459,0.825187106672218,0.705054298567532,0.291699131405065,0.77
139203.0,-2.56357341661586,3.50191114237074,-3.93914552765312,-0.62132537972339,-0.355463245222782,-0.668547999645112,-2.74757646201216,-7.08223346063947,-1.33685116522031,-1.56889967339306,-1.79590170475428,1.09102282778983,-0.824022075332656,2.78276449889482,-1.32358397011551,0.0091474250356821,0.602036439090682,-0.378626804179701,-0.838760397391633,1.67519224840185,-3.23786934507223,2.75839045133397,0.785834924387214,0.0847167774081881,-1.25676913969298,0.632577325698933,0.202452549509406,0.420606701239155,2.0
125258.0,1.98970712503164,0.0953257024722546,-2.02556011547686,1.02897948467042,1.06738551906159,-0.0156489657076845,0.530975871996197,-0.162894078323695,-0.0854121840941801,0.396960247550503,0.194042298557451,0.955437155926318,0.160756817264847,0.60936756062962,-1.16466920393314,-0.340697770740868,-0.657003275123152,0.042096104986043,0.310280910958708,-0.16045758573064,0.0739333857724142,0.32676319386933,-0.0865151554848063,0.0471975512684887,0.535619631405833,-0.50518628072086,-0.0269885425250602,-0.0662133114815995,35.59
73426.0,-1.35537028749612,1.02450720243157,1.06309583154199,1.32666089224552,-0.0736558840466153,0.156336489723927,0.196962454017621,0.548240253717277,-0.61936142768338,0.0644891465459278,1.19260202486243,1.23082205914463,0.12473029662485,0.385802902315085,-0.522963479916162,-0.966290222669016,0.572045546373329,-0.265696604703665,0.977989930045481,-0.154730391746533,0.0429848722119611,0.478054630041938,0.221636280465517,0.242899643100312,-0.0526568272962703,-0.258438280392965,0.129285023063902,0.0760738481610548,26.28
123326.0,-0.790035963241788,0.810754702391842,0.854912362083801,-1.40258589323355,0.624676395238513,-1.33195932380222,1.50918287919182,-0.230282773951981,-0.335945668460559,-1.19410012042618,-1.12648369669287,-1.07686354317352,-1.96595931091561,0.818251149257666,0.292191649296181,0.0492578204417068,-0.537273071534992,-0.264603766075864,-0.398462697530156,-0.168630671073609,-0.14942701540858,-0.680416093360031,-0.314902820712084,-0.0870812738128172,0.758301125475963,-0.111057059318909,-0.0722654485843701,0.0350490068697548,40.0
147485.0,-1.23922752522373,-0.166221815897062,2.44292630017973,-1.5934211953238,-0.464056643986519,0.338233893211777,-0.101463159390156,0.425822228884392,0.392323471943682,-0.910894872540807,0.457809361831877,0.571475648448537,0.351495036847807,-0.527943056238399,-0.0957041059489759,1.14367080480185,-1.08884947001195,0.831493887139067,-0.276016125285012,0.422166526940223,0.249633176823575,0.613220498882751,-0.13990089249915,-0.318672496043648,0.255678049288274,1.34600305784296,0.17491353552341,0.113892003607145,99.53
64517.0,-1.0932115419436,1.02953470672408,1.33335096560812,1.10442754710944,-0.153677160374998,-0.353459919707496,-0.025757817345423,0.557613286682519,-0.459258625745229,-1.33446531376548,-0.0624111711328408,0.156459175585462,-0.175199411265888,-1.22186337895107,0.368557607643817,-0.659209041101439,2.1233579289542,-0.177516857647186,0.687293654954415,0.0753615119977077,-0.0064012815298284,0.02382984091122,-0.22860308033217,0.350275207388188,0.243020409977106,0.601697668109226,-0.0353856726655202,-0.0048124330471519,12.31
126827.0,0.0906363266258473,1.35478081012432,-1.05327253847625,0.504642022511722,1.66449573281051,-0.822745156026126,1.42102024464663,-0.284899103001924,-0.47784629599563,-0.901196773891423,-0.806303345735876,-0.234645143045997,-0.157358140348705,-1.20950337350234,-0.772666644692285,-0.17590829075104,0.819697052837861,0.162022075489663,-0.609988169522835,-0.197838172300883,0.0391576961581837,0.206524036792148,-0.253854713800594,0.476917655354255,0.273636211975536,-0.601666607001251,-0.0991859088129817,0.0364378625844909,1.0
48173.0,1.2400659676151,0.0825094705631564,-0.11150961705465,0.550874717162308,0.518362429192047,0.915904199181334,-0.238845953328183,0.313494921510658,0.120294829411355,0.122272671754165,-0.127166410125123,-0.0948559437924228,-0.85413300682486,0.642614643654266,0.875171774622347,0.75386477609095,-1.03835726697803,0.399568635869384,0.304720333342947,-0.157619835846504,-0.320504697784535,-1.00376385649429,-0.0428766383801413,-1.80136637652459,0.373427981377891,-0.570570159442818,0.0314196330603359,0.0007079649872243,12.0
116249.0,-0.355431545499859,-4.29038257404162,-2.25125276438815,0.82229585050292,-0.588452497411749,2.21277508431914,0.771258908863181,0.309764063319634,0.794043824521382,-0.564221381236721,0.723365810676971,1.01861425455419,-0.231747705994286,0.444475589768242,0.183264670289974,-0.203926300007464,0.120643751479357,-1.14627988334187,-0.617780549530434,2.1001776831384,0.349932565788185,-1.4546384415186,-0.515870225915313,-0.918093183131448,-1.2044695429902,0.103800155323456,-0.225430054993601,0.134129989304685,1170.8
150799.0,0.176120762199682,0.981614462411249,-0.544727725550668,-0.661555146461754,1.17933080707137,-0.419542224297769,1.04421565259139,-0.198592722402468,-0.0654608427222299,-0.303362514199021,-1.48018782329569,-0.026387153095504,0.696868863064326,0.257414178671214,0.489690347155621,-0.239513573978092,-0.782648242839734,0.354509422183886,0.309302025459131,0.0606473093544003,0.322697736351429,1.20250756315959,-0.196517821973198,0.138645934730103,-0.661010841827381,-0.215004831187669,0.509036220461655,0.323167491629095,0.89
126821.0,-0.487359613229723,1.16274430951236,-2.49468006193424,-2.22158115464671,3.36259773646384,2.73303385222708,0.932696732465579,0.824286123077564,-0.386343230598009,-0.165928988821268,-0.181356919532499,-0.0431948537963337,-0.439844516290311,0.962975960467575,0.248561669633387,-0.718548234593662,-0.428681776602105,-0.507669467956705,-0.291247726323783,0.0818504106568987,0.202424443858332,0.792631218812395,-0.184660752735619,0.750488862459603,-0.22426470004861,0.087814833261642,0.234290091206067,0.0352980197149486,7.7
158225.0,-1.61942022618831,-2.11701028650351,-0.651870383902542,0.424588813487167,-0.381496576924213,-0.994438776297616,0.323837103114938,0.358753041703277,0.754027967516691,-0.99835550227368,-1.5469459300594,-0.0812381811206314,-0.377994483245961,0.587832385319661,0.773012904444001,0.22698849994575,-0.549937911117259,0.975309246330146,-0.186077620891406,0.924317719482479,0.866412993887629,1.33883152462199,1.12863128578538,-0.155226183594557,-1.88281217336571,-0.861786660656211,0.229128765889481,0.0905400623133089,376.0
123710.0,2.05597342151424,0.0407451316769793,-1.03746237314824,0.395293479370907,0.0081497728910858,-1.09744768548205,0.260096483282491,-0.385191496272477,0.336889841646179,0.0257646977098181,-0.461789575118425,1.17229830469733,1.40201798450451,0.0138228295372029,-0.059954927688882,-0.226843335383566,-0.308402041285895,-1.1233811698813,0.0654294083812185,-0.146334404384609,-0.268442642330141,-0.565129164177898,0.331540532398413,0.0234819411130673,-0.267743421378978,0.196650298952344,-0.0586341700481562,-0.0577544675510687,0.99
146784.0,1.9708674856483,-0.113625174212591,-1.15466802457101,0.484645889607142,-0.0336571354954145,-1.15153121662925,0.379036647979302,-0.438409636615872,0.35825321181452,-0.0062921367539602,-0.574641598794918,1.22086557809624,1.44363661753027,-0.0319746710731271,-0.377560489541544,-0.326811553739248,-0.26463411067668,-1.06532929557356,0.17803399228399,-0.0416870800022314,-0.203729460651223,-0.448146737733927,0.225974174526558,0.103024122656127,-0.163714903801738,0.263762063666596,-0.0727062999981902,-0.0518331463425476,50.22
140456.0,1.92807507998973,-0.0273963262787466,-1.75812680845729,0.334771273772235,0.263942998133169,-0.805571045342795,0.116964134685855,-0.169496128330923,0.684048677697251,-0.760860665031031,1.07848859219052,1.20321629147253,0.452455081905731,-1.53026636300141,-0.858952989456585,0.288140071728223,0.792105066585094,0.603636432471334,0.495818194744657,-0.0452122455295308,-0.193859926291117,-0.376890269334868,0.0921286012825695,-0.444668585774005,-0.0440253554236316,-0.0943134153540476,-0.0120116120482001,-0.0236223688671466,46.9
71319.0,1.18997930976517,-0.331090055382073,0.0099876742770861,0.370584551617746,-0.622144444752184,-0.787084873602153,0.0338317873093642,-0.144941359453345,-1.4307789364749,0.978660280688858,1.01619898749976,0.176368553967348,-0.78208589127986,0.81222080121538,-0.0277967092432504,-1.3491043196162,-0.259425526264664,1.2975737897074,-0.582697603692633,-0.465095271495113,-0.608731611284727,-1.54050043312565,0.106274998364508,0.210268743811683,0.30946303553167,-0.682146044122522,0.0001386115478381,0.0248199149998213,75.0
138677.0,0.240811829656966,1.1293223398857,-1.43486990219762,-0.356735436258057,0.885133447839674,-0.568123728403726,0.450735490169373,0.309885431382532,-0.37115151773709,-0.991558513885893,0.187019619998184,0.343051901723474,0.260407776056542,-0.519139745657442,0.0149745414098983,0.72544728720213,0.039061192383843,1.56418936520839,0.407802026133604,-0.203937889042979,0.304112020378326,0.869263962460541,-0.25104406575753,-1.11061009704734,-0.161476746300016,-0.106376745109281,-0.0688875627165833,-0.0651792127454062,2.36
166572.0,2.02879539883342,0.220433993395066,-1.72050710684882,1.17202882225573,0.718228352733922,-0.590802640027412,0.547148729466932,-0.265425623686277,-0.08397584315346,0.420552405125265,0.430621202839143,1.07176352533184,0.0793961967435488,0.63336660691108,-1.23027840549712,-0.444491959924444,-0.543135938066883,-0.0806338536565496,0.21623377900082,-0.270300610629496,0.0749350031933139,0.44667747871271,-0.0611972406997429,-0.45109892846105,0.496125471343689,-0.482584748037387,-0.0152162555028817,-0.0767977580383573,1.0
31309.0,-0.893986220401354,0.201898048406372,1.93876385612494,-0.0812213100669344,-0.996092653832257,2.16645678839471,0.134976420357609,0.427177898031852,-0.851958842101121,0.329329210909802,0.242287685039605,0.344005787580002,0.498981675092916,-0.515452965055786,1.21848628377282,-2.66696832898497,1.0951574306262,-0.54091624201484,-2.6719120310535,-0.818863577479869,-0.129906726080971,0.444655992833983,0.225793352974362,-0.672935707545624,-0.993783406083836,-0.43183619385791,0.0333601421556704,0.100790752413129,158.0
31252.0,1.39079244512744,-1.05697257909636,0.82427268129245,-1.23230914766412,-1.8350019454388,-1.06266562153085,-0.945410600967472,-0.262045371738213,-1.91000091989008,1.36447279405069,0.0251762619282296,-0.232979588261459,1.42271171730179,-0.537975466647819,0.633440088546804,-0.321573896943508,0.491374816827995,-0.296269740289507,-0.383308944605659,-0.179705660704029,-0.308654982844999,-0.598100767840181,0.168027902813511,0.694167586356379,0.102932180992129,-0.438678073279999,0.0408651288040531,0.0432748897842287,59.4
160834.0,2.26515598959211,-1.19439886985033,-1.34465508859013,-1.64966614140814,-1.02674717736846,-1.25270080253733,-0.639277341887765,-0.320011996937194,-1.93761039288374,1.84868863496571,0.951121624482973,-0.382991934535832,-0.174384834740361,0.314012127729207,-0.567887756412735,-0.460044161432255,0.273584945914445,0.0970736778664377,0.158814751663161,-0.443462108088238,-0.25110527963891,-0.395675300517874,0.289739069659149,0.0195344664535917,-0.241641568671908,-0.338042812799819,-0.031787653512401,-0.0651383028650812,28.0
119130.0,0.512351409634473,-0.865703478855266,0.36387726096815,0.0749795967795086,-0.968113612333646,1.49802819790798,-0.244561854513253,0.380000458144887,-0.692725369988441,0.577328134484323,-0.201921300160119,-0.814362038800747,-0.436939738812967,-0.24635243964486,1.64730248888239,-0.949347969208605,2.20600962008331,-2.69675723575633,2.27144596963376,0.576125459843384,0.0391639414863783,0.0290281285100587,0.816572646798156,-1.08614363370631,-1.18086285199377,-0.105412676877583,0.0631084503534356,-0.0390134366505393,189.64
158168.0,2.27308046385501,-0.477180867257478,-1.95383088674272,-0.821444899904382,-0.0496125849378527,-1.55161937358078,0.218006624345974,-0.593932058977418,-0.842749564965191,0.842885538252231,-0.68479269584972,-0.242029517338598,0.53536814108412,0.0789552430875233,-0.63907257662625,0.135042228741128,0.547499085246123,-1.95496723554167,0.768579297243786,-0.0515410998806955,0.321140758770144,1.08573940529946,-0.0896605746275778,0.006986679639668,0.51478179491989,0.115462306780936,-0.0629859843761919,-0.0832541401912787,5.0
41193.0,-1.08689724689601,0.203352229995449,2.84573384031331,0.120130578996195,0.351192945013417,1.17174847681447,0.288602379040061,0.386931946595235,0.148170100088331,-0.786525793022175,1.1440989719554,1.23309160031159,0.0124817117330504,-0.626067875861539,-1.19595899170381,-0.547518064606694,-0.054003819905909,-0.678056355489422,-0.910846414131025,0.0456426122903419,-0.0268060355011386,0.188745253945817,-0.151858341736204,-0.297716891248843,0.283875158085927,-0.529567921515447,-0.0643159514030057,-0.155166882807816,47.32
46884.0,1.24849965527723,0.317334855338212,0.163830658505,1.24869838519259,-0.217492995159492,-0.899999546052561,0.281182624785116,-0.217453084156438,0.180935151334351,-0.0472647301129024,-0.697736465245762,0.114246539517155,-0.548316558201841,0.335394968385101,0.0741927608623434,-0.399293438577233,-0.0735953166592632,-0.380138107615201,-0.0719597881308498,-0.197378122489363,-0.0404806232114194,0.0361493915233064,-0.142200655728937,0.403999703782549,0.832897605318871,-0.275401291711558,0.0083821878538052,0.0124203446756485,1.0
84571.0,-0.621094225260576,0.536197313224025,1.4963391353549,1.13975977731244,0.289422040569658,-0.981568821562129,0.327997888664743,0.0302755707883833,-0.388246928373065,0.0426977254711032,-0.477618446808449,-0.244190906553333,-0.400703670701211,0.344586199306257,1.21434077375913,-0.0320498886345002,-0.219694256206319,-0.118700948917925,0.439376856431905,0.283001985393837,-0.231639292038434,-0.794091196954372,0.235382581624692,0.298053967242396,-0.297454313257278,-0.656254006451443,0.301865611156506,0.133553229715538,27.87
127169.0,1.93885386881032,-0.969828012952799,-2.95197550334761,-0.599227399459522,0.513366489963751,-0.868190480046524,0.716475214166086,-0.548399448084536,-1.37923497625525,1.12764606642749,-0.204808216292922,0.183090774941524,0.212898816408164,0.851739790594578,-1.00132231166028,-1.77898369387121,-0.425488646867166,1.45033677809405,-0.0517092817313227,-0.229886490881111,-0.0100656285311531,0.187040793832212,-0.38775139226857,-0.951545768545675,0.546351909169349,1.0439812862238,-0.160225416818704,-0.0811296065365779,188.06
162695.0,0.0400191510705553,1.16156852403421,-2.16181960618666,-0.541552536346552,1.37155638327913,-0.7824771275998,1.37463844941439,0.0375625884657106,-0.683612544992132,-1.19231047599994,-1.39007724750732,-0.0976339485202402,0.433068450640894,-0.541904146725342,-0.706698789289358,0.0433796753091657,0.578572898878308,0.053197533463967,-0.130175686519604,-0.103000328801813,0.19715749091581,0.498673387319331,-0.0258599100634518,0.0052881484432761,-0.244927264689409,0.553538191672815,-0.102824967274734,0.0382566002310208,66.5
133241.0,-0.125942423706951,0.85374985811808,-2.4174798754958,-0.360352609275412,0.840197729657035,-0.850967718152061,1.87167094530887,0.0019469700730476,-0.856147253612968,-0.269936068354032,0.538162464944834,0.839924156794581,-0.13026997114754,1.34838965073416,-1.21485641928565,-0.953167489485684,-0.199891848322565,0.221565713928419,0.438002879779807,0.169103636841021,0.686742940709517,1.88399194327709,0.352262469625818,0.766829790174568,-1.01603837445217,-0.196304155345757,0.379735480297504,0.339828112007479,166.35
78340.0,-3.30660975109761,2.1307681127433,-1.15488684838207,-3.32501478199845,-1.26738218118643,-1.16529679168271,-0.64077869292466,1.60797709484325,0.517785917235655,-1.62952318006821,0.0290484775690892,1.34964469367916,-0.268453707636685,1.46442261971322,-0.347600587835721,0.892803507268898,-0.555599730266903,0.467259765765084,-0.245420948073129,-0.713341741041223,0.153497447556788,-0.40947606142248,-0.0227695820953163,-0.362473336758436,0.0922921611477264,-0.551646875583359,-1.59295929055961,-0.38386693778201,21.29
70812.0,-0.261020045226816,-0.104709786583137,1.12144416217596,0.892467327870238,2.49461706837074,-1.66447972494878,-2.41905679044143,-0.806886335434324,0.364404485042211,-0.010045187734778,-0.489940440874077,1.53347565880387,0.886431923500243,0.0502938419088308,-0.73597250864573,-0.608215596021324,0.0845722852301148,-1.39618855291421,-1.29914350438792,-0.415842835675143,0.784812398809676,-0.753106210792403,-4.30918427387702,0.336115115828182,-0.373423533571024,-0.574452551278468,0.431061995550055,0.404274534119833,70.43
122152.0,-0.71830043939866,0.397323307275105,1.15676544112829,-0.167626905727312,0.337586718247659,0.100470226097489,0.736429707482292,-0.110650269973045,0.461771622564847,0.0004279260068661,0.234883841095044,-0.0293325333904339,-1.28168032677006,-0.0437245931904828,-0.754134350215181,0.779630933167507,-1.34672574988303,0.447754720227815,-0.785455419169223,-0.419965557230034,-0.179362313593964,-0.442850910976025,-0.0371230297277981,-0.507002562078893,-0.497551649893025,-1.16841458437243,-0.442413368856926,-0.102025946985431,72.95
37884.0,-1.96051606376684,0.660351043179409,-1.05354273284089,-1.45923933886561,-2.86388489638472,1.43558564091811,2.91174095920465,0.532157305470367,-0.601113008125935,-1.19463785862535,-0.25864083189627,-0.0899375009451588,-0.492142093487115,0.882493563619391,-0.180441136143762,1.52081233970127,-1.03461331283733,0.584247244615171,0.113939427422274,0.0725012356697437,-0.204526938794329,-0.687698143277611,0.434228642566212,-0.943410842584742,0.0081255198171389,0.742256075377463,0.364810913041468,-0.0832162169265371,699.0
55648.0,1.17805182910316,0.0664144819388694,0.169155277128192,0.0366864094208551,-0.398947582759157,-1.10122469326967,0.278239077734028,-0.204027430919027,-0.373933896036636,0.011668965703296,1.76551440020282,1.12856330020841,0.0980102349245393,0.603946743590132,0.118533396940753,0.248911470715062,-0.387816589438,-0.598354245425654,0.480077750005855,0.0103502052283974,-0.356133488842692,-1.18346220459724,0.189381064433897,0.550306843364834,0.0367163219439946,0.588297146285666,-0.109636935316809,0.0018290981782582,40.98
39428.0,0.399448245924519,-1.62551032269241,1.04918193548741,1.1844621282394,-1.26443074937402,1.48354960722012,-0.770043563319164,0.585681634401194,1.35120361972316,-0.445357062677183,0.748164043607258,1.06277746253996,-1.09830049801156,-0.404406287608571,-1.25381775597578,-0.752344413421174,0.674413758192035,-0.534901142675986,-0.260972141604607,0.413511090499589,0.311150649215139,0.613225272840253,-0.362989064272776,-0.200175400931753,0.211473701224068,0.597497780635348,0.0006015498814972,0.0586999782966469,328.79
132443.0,-0.341131463434305,1.21857814522719,-0.763577138196308,-0.0998838279166437,0.885065910711287,-0.616452614143465,1.02660285350408,0.199927769684684,-1.01228178760662,-0.515365270514816,0.541637463196821,0.59128039861878,-0.501272576269717,1.21002652877702,-0.681479983161636,-1.01140048879833,0.146334985433677,0.324863855552529,1.45306072264051,-0.123787932185004,0.338505166813089,0.956498801062642,-0.285937599481143,0.82017588821762,0.0616090057960512,-0.0250638966062395,0.0215507241595877,0.0998268691098174,12.49
68725.0,1.17961686842029,0.250248421291575,0.717863099238527,0.691787069995105,-0.510803078815974,-0.816191606401288,0.0282448346103772,-0.128375532507136,-0.0676994021917052,-0.124762037655212,0.563382418891,0.884884675573603,0.680817371141763,0.204344660306229,1.19232396357155,-0.167411518821416,0.0216176177670817,-1.2237253138104,-0.681314081847387,-0.111222442276633,-0.18918231744907,-0.4928321965274,0.225915931205197,0.614323007208364,0.0896861152945099,0.0896473637466627,-0.0087808868547147,0.0220693222746979,1.98
148296.0,-2.40620466951379,-0.110150227835822,-1.03883342191077,-1.12255486261988,2.3780092173898,-1.37058656624157,0.930676091550935,0.180682045867318,-1.1481430020351,-0.583108504417996,-0.0347258957978059,-0.0830324708930316,-1.13723821027262,1.32481909965154,-1.26156217503059,-0.0237240164196159,-0.522841970080475,0.158351452839439,0.0432449799048812,-0.185098768641421,0.23991521566327,0.459586766300076,-1.30435386239456,0.34470581766744,1.46764023378316,1.03882781594485,0.115578854696998,-0.428377585513063,38.23
61791.0,-0.712384346708248,-0.177781376131611,3.19950628705919,1.61564775983341,-0.527302149467347,1.46277280963344,-0.600654201006126,0.544232066162511,0.97387531830014,-0.253231233765589,0.292472506551267,0.545634427588044,-1.34217348799854,-0.883031988200735,-1.54545302478094,-1.14703738637,0.690953834853831,0.241985548068148,1.27079002907774,0.146357861719643,0.0750439612251538,0.727863295183832,-0.167494367639636,0.0365520729504784,-0.124014185791956,-0.116480351564327,0.043064562900765,-0.0980527196086045,34.49
28849.0,-1.7712051776067,1.90625355158631,-0.692414850604167,-1.45000177560563,2.92110168870451,3.26846511096597,0.508473200189022,-0.076761662086841,-0.308585047708929,0.531371587256704,-0.301151348421321,-0.27134725669591,-0.334763678409977,0.327367658548321,0.338419989994735,0.17682646331695,-0.995171774118639,0.134044304399921,-0.47639698560554,0.182559143459465,0.715688526263133,-0.536461277400446,-0.344696706498821,0.969222431167621,1.16267999445719,-0.372205029060625,0.0797359518798585,0.233760432487502,1.79
137557.0,-2.18962403290793,2.72829535436664,-0.767378629336008,-1.3281255560716,0.447113313689852,-1.29015160712015,1.35786637848635,-0.537928082663636,1.76116710736388,2.66189165145087,-0.383964856020161,0.680623364142172,1.26215598133199,-0.787697807148932,0.253006727313187,-0.667481907262723,-0.86938323825698,-0.344832545736326,-0.821251591968251,1.24133571229701,0.0955242431390446,1.18976523476776,-0.132168303680718,0.0174116746240043,-0.0352960739591661,-0.27748674993628,0.971880634967393,0.610247324082234,0.89
99349.0,1.90651596666878,0.363429553467399,-0.0459626109080283,3.78153421404343,0.462224211244477,1.27006496205969,-0.641963160585267,0.156307565538779,0.954596993485364,0.959660433446826,-1.02050421396871,-2.58968261512695,2.63572005797615,0.959073597317865,-1.25169044929041,1.3389104210512,-0.490768832582943,0.433351162442805,-1.70526085064429,-0.2052014080906,-0.0163568526253896,0.303043368748119,0.122517228207608,-0.15327503889514,-0.125454394832971,0.0059570529422894,-0.0101404380151085,-0.0356276875581163,16.34
31692.0,-0.494189819402618,0.426818328526207,1.7812053147002,0.864511010323997,-0.291617636875359,0.613978619755991,0.589817633048187,0.217014679245345,-0.0543342119481118,-0.573579534324414,0.282430351235238,1.17369667867379,0.373174412863946,-0.478103983136862,-1.90887251937047,-0.333905189664159,-0.242103336175275,0.287145554206518,0.631258466173288,0.152909538677694,0.0511517946518147,0.279172559510975,-0.0768987009606649,0.0322244299895426,0.326498737066135,-0.329630428224176,0.0492408929627155,0.0258487464425322,101.25
141065.0,1.57240329541122,-0.479928840649122,-2.89809180651378,1.18046479924835,1.16241483251697,-0.472780622010262,1.30035095038056,-0.431481344535091,-0.575168960379186,0.422828960835883,0.449830483206349,0.711411733678188,-0.0966922674153859,1.11014233953448,-0.898676539499699,-0.534627092836756,-0.597835961729899,0.162581504011298,0.0257042109655218,0.296695960689795,0.489002143735671,0.943995374131905,-0.488809991610506,0.286908293077063,0.820084781542734,-0.244487446779755,-0.110111409916585,-0.0399945944172839,272.03
54190.0,-0.56949086979139,-0.393700172280861,2.00453045647193,-1.67646086757576,-0.696456005991339,0.440855200298923,-0.755527856271876,0.474649808788757,-0.370498542124428,0.136662694914873,0.407478412332653,-0.858431097934449,-1.7157545801862,-0.424979494872519,-0.988322029757345,1.21969791533428,0.212937139816435,-0.832078760427144,0.233514134571281,-0.102664879296961,0.29938082779443,0.77189551416941,-0.0815405981134943,-0.323164541502721,-0.568584986032542,-0.391399707342883,0.0327402694460616,0.168947488337788,7.99
88333.0,-0.708054837398373,-0.0561723930590328,0.367809360122383,-2.4805042430556,1.21976059706261,0.011734718422879,0.819033332846871,-0.0183131019346652,-1.68930903467054,-0.259157559771941,-0.289879145598199,0.727484916793198,1.2778191407012,-0.159353673999163,-2.13188650841219,-0.91862978185643,-1.0688452753435,1.1532117584472,-1.14016852125069,-0.348311964935134,-0.509743495077884,-1.18221971971918,-0.066753457324385,-0.160432118991171,0.167319332840663,0.214633863755874,-0.0120857306985542,0.102184780434605,50.98
134748.0,-1.87975003646603,-3.45810841516245,-2.56516512198216,-1.76217942050936,1.62222392279855,-2.43507268627696,-0.159440665844776,-0.0292930192600641,-2.9957310652162,1.10589389910475,0.0056573143082175,-0.0058214846505219,0.920528072334537,0.799247022611192,-2.04438822362953,-1.05713322436482,0.402289599444795,0.409684616030622,-0.0768578803610625,0.685427531070266,0.815654381299988,1.45079679159954,0.418835604734366,-0.393247420396707,-1.1354861737827,-0.0901344466404861,0.168645279821094,-0.173329023997357,218.83
63102.0,1.27226202584683,0.0571515787831784,0.162803471859474,0.440054069970389,-0.334637678460672,-0.721842629844614,-0.0132379847822101,-0.130129105073754,0.272331574975482,-0.037589251411284,-0.923048444440763,-0.448074319197323,-0.69508329635307,0.41648763844323,1.18618432655194,0.463436511249548,-0.535398907723134,-0.0820400799780858,0.0350469032042327,-0.104176859993407,-0.122797318081982,-0.415119680267036,-0.049137228023234,-0.137327075534732,0.395951435698198,0.426755038723351,-0.050545781820134,0.0085983145968844,19.99
168923.0,-10.2007172794614,8.78821656982066,-8.43840253944359,-2.01966404891539,-4.29739105811597,-2.38517865596582,-3.79586884112825,5.98694760716046,1.84747992535564,4.10049028854254,-1.21712226677095,2.20024982267032,-0.873844133413697,3.88898540775691,-0.850213496299285,0.807426303623405,1.51159569556353,0.444921614671092,-0.576572743507837,1.41087091096722,0.172822592497576,0.212836168276175,0.824432487232139,-0.494635318070198,1.21272126411949,0.229778757881509,1.00778320618236,0.82821877023556,1.31
160351.0,2.07362294871568,-0.0575795020696813,-1.12732793692151,0.382082903459919,-0.0778607341306965,-1.13141606239252,0.176098063970184,-0.321428691252794,0.562398130788554,0.0758256242508067,-0.885121991137359,0.352341274294011,0.0191584416954055,0.280512033976303,0.058482713718236,-0.0589286379677446,-0.337678905542218,-0.812942645264294,0.202366259574358,-0.225183556246366,-0.300085146974175,-0.731777145000558,0.323272000260006,-0.112331276218755,-0.280900273540909,0.205374521708385,-0.0712927766881924,-0.0616726821317971,1.29
112543.0,0.0646241403057067,1.09107272987595,1.54688057766425,3.19864024119526,0.386242151344967,0.49266164128331,0.324569985409632,0.0992418668156846,-1.17823819081818,0.829465921220594,-1.47099499631263,0.228187862170638,1.607035197986,-0.663660281361966,-0.960723117017472,0.983059205850235,-1.01371001342248,0.158584213767727,-1.46110792225706,-0.058274173525757,0.358645132048778,1.17631790585746,-0.0357359066255283,-0.0822417270149278,-0.750611968881774,0.0338775685450221,0.169110237923749,0.131580231681316,15.95
16667.0,1.00940067453233,-1.25693315622663,1.64361829494291,-0.632345508573352,-2.07407669517783,0.0204362828426396,-1.39507386571313,0.212396652340537,4.60872864687199,-1.91995626450326,-0.421957998562098,-1.86762668331625,0.428046038960518,0.47298394619634,-1.27820894444987,-1.12266113317056,1.38744934251665,0.489732351123765,1.01238425974047,-0.0365070625297127,-0.030341236583892,0.542995747045552,-0.236624713428473,0.431423415609986,0.496445582986598,0.112434194012804,0.0578544209602884,0.0374147240936315,97.86
41508.0,-0.230109695822891,1.36671396430557,0.563451551747547,0.367878833100713,1.20562156778097,-0.696021550509449,1.24459148953163,-0.451894070073228,-0.86669354286851,-0.848921401866892,-0.39816730937509,-0.356254383205061,1.0022696113492,-1.79916832251584,1.12892457548504,0.285105026082542,0.853043230224465,0.653472819290443,0.805483324222365,0.265642198029905,-0.16085552320393,-0.205099214656541,-0.447560262499977,-0.533217962336902,0.213030681439322,0.467778933019474,-0.0912089290299196,-0.0964819942790575,0.76
69966.0,1.24680556307913,-0.842976831423396,1.13785010846717,-0.722458576802533,-1.1411666713044,0.775312013020002,-1.39410698247599,0.412653655613768,-0.426354276540494,0.580316620158314,1.66009282363884,0.619178315191383,0.529959959572037,-0.545727396101079,0.11755202842316,0.76836831924717,0.599881149341831,-1.49009769166355,0.0253173099831023,0.0272762923394547,0.414028636304944,1.34699659950534,-0.0512995724627738,-0.211096169078691,0.297169635449037,-0.005288238621172,0.0838995446899817,0.0078573443738347,0.0
123175.0,-0.923418091054604,1.07668406854278,-0.69425763098076,-1.06110636417631,1.20828539913905,0.108452548864378,0.347670964911617,0.737883393009685,0.0932661964624675,-1.58720124286111,-0.345227055844602,-0.64419449903403,-1.9543752890862,-0.901778764516793,-0.871269165498136,0.679719984169777,0.784492089150961,1.29138136216447,0.617880465897863,-0.0670770265923547,-0.229079763498614,-0.703046443392309,-0.307535840506494,-0.589909370122203,0.210952786508092,-0.0445390964256792,0.212586571228956,0.11162214614077,3.0
62110.0,1.30652731530317,0.002832967856494,-0.388720232943539,-0.133262774956472,0.172939762874695,-0.355247510340404,0.130513631423848,-0.0991021341150628,0.151085532686199,-0.130720692164974,-0.901215576192186,-0.396325009783452,-0.549772524911409,0.499737733642024,1.24084136976791,0.0273614513418453,-0.19317219854684,-0.719151972653841,0.0510836127925916,-0.106771497060229,-0.112570519832298,-0.318597950750866,-0.104936212542102,-0.702045846903169,0.441325056901189,1.09158965399958,-0.092321818705945,-0.0154917614629648,15.45
1558.0,-0.749394662174219,1.22755072770481,1.19067628946573,1.01939797046276,0.308733767265589,0.544570930895116,0.432413972982022,0.281597225622519,-0.194176255364558,0.503715294834929,0.722724243695177,0.467260682620646,-0.706778110259721,0.190619997254516,-0.381109468527707,-0.93987339727304,0.275168644306607,-0.0404984487943547,1.1148951012409,0.217856061406425,-0.0274194036648198,0.25806757066021,-0.1998768199812,-0.301899369433863,-0.0581775295725394,-0.227205111866876,0.392654729528288,0.248841835841998,0.79
42034.0,-0.575292706411438,1.16059054204288,1.91915225236669,0.0534023641040547,0.0842480927507315,-1.18835429205247,1.06692199298633,-0.22188278693209,-0.727252858006145,-0.770152887526178,0.121156422014536,0.929351014397388,1.24186948479173,-0.0555559591591214,0.0820960496341758,0.211942321691473,-0.683550574500295,-0.601419692815358,-1.18939227118778,-0.0999444900807029,-0.0689463208699641,-0.229254060471093,0.0106713953262528,0.892372808602111,-0.239362624623008,-0.883465124143744,0.126225864330038,0.149438018092109,9.99
61523.0,-2.12699368597247,0.927702940276017,1.4505535937503,-0.0355780687334743,0.244262935121708,-0.790327521143146,0.844097408212499,-0.259667375120731,-0.244489789959649,0.319356169577039,1.23078055559652,0.160231572132223,-1.0611681064778,0.308202432483099,-0.148441462758926,0.324813745840924,-0.857057745022117,0.373365632532289,-0.60154846487857,-0.513821125900637,0.0802256681586327,0.224276116363518,-0.816052263601532,0.557720804727239,0.4234398303178,-0.571301387536239,-1.04965345659897,-0.63178060272675,41.6
88702.0,1.87662023109339,1.07400672948383,-1.79569160666413,4.18585087317395,1.09624452623523,-0.134298019171229,0.202193900478771,0.0308212733630146,-1.01189284197804,0.273560203855967,0.871411517204984,-0.0677787098914902,-0.216864944460068,-2.99654442064467,-1.90110433993344,1.73625060758707,1.54246650705116,1.43036067706005,-1.40170296873154,-0.201750301289006,-0.0670654170358252,0.0054122199002419,-0.0160135340944277,-0.605706330717414,0.152778010248522,0.0992471722248405,0.0088475894538983,0.004164011549324,1.0
33679.0,-1.22548840566803,-0.961303110193918,1.85682760740591,-1.12525934932891,-0.908181208488949,-0.513664060645024,0.342177356973739,0.187048774303351,0.989919305192309,-1.49915281059286,1.14892680578978,0.88053349725535,-0.69025868061382,0.115437592204097,0.41852574166362,-0.362923008354199,-0.291729842575803,1.00687757706052,0.888088138224022,0.567689822329556,0.356768160167576,0.599609206213477,0.483562073631617,0.515064805123127,-0.140327586595977,-0.783616694960724,0.10521129546317,0.172360895621335,231.18
43150.0,-0.989391880448378,1.29331813900007,1.11508619867663,-0.717160570973885,0.59030567414363,-0.084739303947818,0.713955776174891,0.0847232922638905,-0.478269821301649,-0.299137578796177,1.40115815590205,0.835916405557604,0.458267786396692,-0.436075040323392,-0.0155889638172178,0.556300836698329,-0.397181755817572,-0.125720326895601,-0.703437486259226,0.0044216730497013,-0.112918198732256,-0.418049932371761,-0.0323608639713713,-0.354184894867115,-0.411337838895014,-0.0864741353794849,-0.0797686575378133,0.190586532211069,3.58
53244.0,1.23668705561762,-1.92497084767345,1.54840108869599,-0.959496337991994,-2.23396685934002,1.29369205683963,-2.19365163359171,0.569394943715175,-0.32350000096846,1.12595584051143,-0.0046961044318034,0.0857210397501695,-0.314657158340404,-1.38164441802355,-2.33397820692934,-1.09311318812315,1.24222926660942,0.126986207462646,0.398874986834077,-0.313784665399308,-0.162048378813721,0.283410716108376,-0.0896775282210117,-0.284792209487587,0.304368094828762,0.0055397309434999,0.117488481904006,0.0234399731473859,61.0
76035.0,-4.05965348838602,4.4464307962411,-1.07210749395314,-0.186392427568953,-0.136489681779819,-1.47087567763889,1.69829346094224,-0.863988978554222,3.57931239543867,7.04833016457242,0.767991578546224,0.461169028032081,1.0005347808118,-2.03222632510559,0.957276554480677,-1.54590721010443,-0.742080059806134,-0.803180083053567,-0.240530506088794,2.71857626213173,-0.780358645364798,0.675925122600901,0.0217955533333673,0.684142592820417,-0.064459673874343,-0.721093640514571,-0.533258003429934,-1.94329938888123,0.89
76078.0,0.762080957072101,-1.49719433718048,0.79894717634288,-0.936245408385536,-1.60050049597127,0.154176425452816,-0.770086072189185,0.322938773220181,2.325748158696,-1.27183737806507,1.00527820350318,1.22214967612396,-1.49988456677088,-0.144539419342978,-0.559531084382243,-1.19605115533019,0.658670425394428,-0.0234987937937317,0.973250719976851,0.179017910127023,0.191970796001768,0.547370821888148,-0.270007296962983,0.301278729909258,0.399397588641872,0.154104661041194,0.0270392263003918,0.0387562417610313,200.0
139457.0,2.03545480775014,-1.17352041383362,0.0890066230466965,-0.0864783001529091,-1.32483625202467,0.380032385748118,-1.36716587526621,0.119222250249178,0.981574411667406,0.415725689887617,-2.05524815945342,0.710224135780265,1.29655579593536,-1.09798264911613,-0.728308168571947,-1.5039306648118,-0.224298015646054,1.427084742176,-0.401003897300549,-0.519009557773583,-0.41132338515647,-0.308161737921243,0.201495880709271,-0.661714959269105,-0.286643865595131,-0.329069807921606,0.104383228911646,-0.0232349225908205,32.89
160066.0,-0.307985430396106,-0.337907227369287,1.46050801422897,-1.81764980433959,0.379370204647131,2.43162732788192,-0.787977232233243,0.531166695025742,-0.0856675322856805,0.372348752215252,0.451029778029277,0.676233569573005,0.989888229756661,-0.80978933901844,0.521135230693479,-1.56145450959775,-0.464255392983269,1.37284126770237,-1.87168909421545,-0.546953947227517,0.0818545407832356,1.03657034173088,0.0059383135748231,-0.960133946279235,-1.33686566765066,-0.3818001230434,-0.0571871400656561,0.0100905851178864,6.95
74936.0,-0.784438830734378,0.995655323961869,1.77490658611476,-0.417218425430974,0.197909196344175,-1.05194001192113,0.861752057381065,-0.0567352808140144,-0.514222656016105,-1.04482356366784,-0.437549663711532,-0.574058694114689,-0.807768886928679,-0.254018771930964,0.612721284361005,0.668828840894098,-0.168279902485968,-0.0915832775435194,-0.68633681661521,-0.0926100918345909,-0.237375773989067,-0.867688398434963,-0.155702803620751,0.309738508162875,0.198297400705297,0.012344031164303,-0.0170954141636138,0.0722004266976822,9.99
119088.0,1.81098201480219,-0.326286758106514,-0.401978903349967,1.44297029815853,-0.501183753497032,-0.419594586967513,-0.266231779284768,-0.135050790035076,0.810049622900237,0.142138375292303,-0.863400461643358,0.754072618681511,0.942418170600368,-0.199025452066299,0.340586716758689,0.112319627022792,-0.632692070759522,0.178217414619379,-0.806379262387713,-0.0575462534702892,0.407953564832597,1.29301034023255,-0.0589023458104299,0.0334178607317083,0.120373404693008,-0.384093963474488,0.0472598454198647,-0.0222478298569948,81.0
64594.0,-0.492643597196992,0.2799027991328,1.24554901505526,0.926282862819753,1.29039759973775,0.583615128116826,0.43913754799637,0.0724109065196056,-0.366144427094798,0.0619152807114624,0.33149079946456,0.53331772637176,-0.0967589590183555,-0.0130050694770723,-0.587898237015215,-0.740598280692435,-0.156848370252753,0.0555684402821932,1.05846567069899,0.182729096339095,0.0104402155515812,0.276946199385075,-0.181883727070676,-0.824486918407454,-0.200778500104845,-0.311255725469305,0.0133159545619455,-0.0733459589341086,13.78
35136.0,1.30926111937733,0.339601752736131,-0.836102386953513,0.660059924952764,1.08853890646378,0.60670186825981,0.296748720715407,0.0798806191779834,-0.399541791511378,0.246258605342649,-0.100713422269246,0.0870729767905561,-0.384201529175809,0.796861808236747,0.384332097885755,0.260199954913006,-0.894986806134705,0.303198038831492,0.279620710809578,-0.159668718861516,-0.0393309614239889,-0.0802442242669926,-0.331659132335495,-1.70687974460063,0.954326313354716,-0.159161293133401,-0.0026846870498128,-0.0213825178114847,1.0
158313.0,-1.20711379176117,1.49193625364458,-0.482336388553136,-0.862375260633616,0.35832438145484,-0.704824325475207,0.49869133655026,0.50916599247429,0.0300491040908903,-0.29703193563237,-1.88101503243164,-0.2652662104638,-0.444274814421808,0.560196160937819,-0.255878647981832,0.168881382714045,-0.351796081204561,-0.447652204427505,0.211846571331148,-0.110523495936648,-0.276150316641004,-0.658061768689754,0.0880295646744766,-0.800069219184582,-0.459455200908542,0.160099698240586,-0.0707006706480723,-0.0767281754458422,1.49
97463.0,1.97714262313753,-0.565493493876039,-0.155228293338499,0.207142278155971,-0.487938403915151,0.620070646126983,-1.20373672663702,0.274787314002801,2.575229319012,-0.202281050815503,1.03076834355813,-2.19509146353011,0.995989709824593,1.43057559503859,-0.483024385635237,1.08408547559659,-0.35690945860465,1.14592011972204,0.030881287771285,-0.204041733806573,-0.119497708093928,-0.0672603248806848,0.282212558967099,0.0318770652949251,-0.580134352271775,0.431030814887883,-0.0553425466206854,-0.0546425910228791,14.95
114366.0,-0.815879432814214,1.0626762943312,0.765402499172585,-0.976597392814429,0.13289690588172,-0.0601843088437943,0.004971026656598,0.716004917758455,-0.0671801627477393,-1.65439053801192,0.899312583506235,0.405579988597217,-0.646347574070605,-0.775038752913504,-0.183940116632173,0.88456689787807,0.372976053743252,0.959997627836194,-0.0256826747482325,-0.196915289592565,-0.116902607495998,-0.492590761245928,-0.0229485517258231,0.559280954464147,-0.354944590403016,-0.322144671173098,0.0001944179029038,0.0963490231142403,1.6
40747.0,1.25651365118868,0.37821305622769,0.312968227614017,0.690345954515626,-0.342606557095561,-1.06557586184357,0.109028066296668,-0.222487189800853,-0.0171715104185468,-0.29230297617624,-0.0100186738117177,0.40944238344702,0.553807344421919,-0.352753785411045,1.05795569967658,0.463091803103943,-0.0239419621312403,-0.339482956263044,-0.200692825266451,-0.0597436493640909,-0.283820345492713,-0.803031444237552,0.125435880960105,0.354348356887362,0.227165446289149,0.0933035746840123,-0.020929681853035,0.0315297237007056,1.79
72220.0,1.5308289390659,-0.896122813032216,0.543245721453904,-1.46452700409306,-1.33778708692118,-0.59841984449555,-0.973422540161962,-0.237457571515454,-1.94795618094345,1.36619088505285,-0.599855056290713,-0.155881275975226,2.21718481885921,-0.727673552368205,0.61534410345409,-0.118229445491673,0.153416599386756,-0.117516096823077,-0.0639035982559762,-0.197552252030741,-0.380787435067934,-0.672566560497923,0.0948879291456115,-0.129049574211502,0.250348041223829,-0.384639427652052,0.0521721742859299,0.0288360390015861,17.1
128055.0,-0.923479778088206,0.525191715522851,-2.96546803593123,-2.46773056293381,1.14354097176845,-0.21343082406183,0.288692744175869,0.799271400292831,-1.50731158679218,0.55064556432947,0.256617561476064,-0.227255430100119,-0.846124861549951,1.22202877155978,-1.43284957600594,0.0250103954070046,0.809607881794819,-2.1649030988786,-0.679331576702075,-0.391646455828718,0.777287521054449,2.39586941083245,0.200299599296094,-1.56503671999676,-1.03706515184046,-0.0073531664957016,0.348797848858383,0.230145744444325,18.0
171279.0,-0.224123793175479,0.829000055941674,0.303907594335588,-0.848348718884835,0.98485705986779,-0.37534037801245,1.05778667315333,-0.0564733454966998,-0.557633075625953,-0.631820973650637,0.814473225299765,0.652661472241571,-0.331082609432979,0.596130418186842,-0.633360867065128,-0.565819566210386,-0.290872508934055,-0.0331866984349182,0.909755592197448,-0.0613839182113189,-0.0016793392401572,0.0335454530220747,-0.1694153765004,0.720932571691946,-0.18193789976941,-0.0868160395347615,0.10458799832421,0.144496368100492,1.0
139864.0,-2.6007747063859,-2.66837521335303,0.52422382228843,-2.64825748351749,-0.35580626055569,-0.189024802024917,-0.653910736721891,0.757163601770347,-2.18628016093278,0.384965138763355,-0.433150486199044,-1.32581690155222,-1.01394298545479,0.168420678095033,-1.05729864817771,0.348711865236484,0.0269668432527012,1.17441125648955,-0.376926025899997,0.719634708410566,0.151290997387967,-0.41878993378317,0.278495592556568,0.107577790708435,0.781507588858523,-0.158280188766696,0.0714415982795075,-0.210970590770954,282.0
167648.0,1.75007793779547,-0.437804863321792,-1.96095386771829,0.319988754925118,0.436376377150891,-0.819632465609895,0.735291338602913,-0.449865344405764,0.427348199323857,-0.242149839431217,-0.621825248797329,0.972014748030524,1.14187254390206,0.380575544683135,0.380532180196457,-0.637849884036205,-0.392263253630948,-0.419773175139623,-0.0306957282565191,0.192792775952923,0.217576815189163,0.448607282666414,-0.126934287688829,0.655108665906473,0.36937497293875,-0.564485934723931,-0.0355908392141092,-0.0206347196583202,179.7
81210.0,-0.8943448739861,1.41145552928253,1.89058538714001,0.842401782455966,-0.42333079999804,-0.456748197310296,0.333388883899858,0.352632269935037,-0.978223581738573,-0.69065443747068,-0.379247025900261,0.586828224287158,1.18106395894071,0.278862859189492,1.24279120242619,0.0667879618520569,-0.13722635242091,-0.0183664714040912,0.509941501209134,0.0408312329382548,-0.0723543571374444,-0.345740892083238,-0.0959419828552241,0.381301561674202,0.189998900892661,-0.491723542251024,-0.0279276932473383,0.0310329392027764,20.0
38062.0,0.935187510684411,-0.43030878916347,0.45315599182486,0.72457468732633,0.0276578906062016,1.45702657720098,-0.477884228233576,0.538988452059304,0.72945119786704,-0.411236466424692,0.0479018489770059,0.449323807525909,-0.887771957514712,0.0778375332355129,0.801302811783779,-1.55994342044376,1.32821925018378,-2.40774470767348,-1.37455053368038,-0.202988868595999,0.0332358918063448,0.336612795384949,0.022518169902198,-0.911056973582001,0.190859890621894,0.536353386295174,0.0429289793081921,0.004869534098115,58.31
56512.0,1.21937262925196,-0.093459108347892,0.770433472851477,0.915212496945019,-0.290233547900274,0.862175673224689,-0.71011726923186,0.329578908218721,0.737266683084092,-0.0236955425651641,-0.269791916607029,0.688314634785954,0.0734141391830327,-0.222960050143848,-0.41727073007346,0.656432294157646,-0.965223888060411,0.866840098185241,0.571024412341635,-0.106384159577689,-0.102899740587328,-0.103272632292991,-0.16765532173638,-0.96103087919344,0.558131760463777,-0.344865541155209,0.0680605232772005,0.0131508541886075,0.01
40543.0,-1.54612434433406,-5.48357026922773,-2.11055465072263,0.425229421082987,-1.83821496660602,0.470552214167224,1.68135636437226,-0.458616331859633,-1.10994475194139,0.0828760534165244,-0.118298562112002,0.156859258173299,0.213139597944071,0.56355756130016,-0.428026020089861,-1.04139429459834,-0.295366917857396,1.82821652044998,-0.226329671818211,2.67915135246539,0.459938741170725,-1.63229260763559,-1.52243816822129,-0.720613216315951,-0.0206922432428296,0.983062897559823,-0.368740640666054,0.244747802134329,1554.9
35744.0,1.33484184319558,-1.12289001417959,0.0577394624518908,-1.39501640602592,-1.3168201814336,-0.915205286717276,-0.567255133941764,-0.206266535977591,-2.35290130958032,1.5804491912592,1.28048546412111,-0.266301402279066,0.056193253265894,0.183280135172948,-0.298348510708459,-0.350725632461057,0.389842014539529,-0.0273103647949588,0.300118379132917,-0.17761097953185,-0.466660565792491,-1.2554419370398,0.12746046972837,0.250864088655894,0.166046326727404,-0.553243684784378,-0.0118357201602259,0.0228856478060759,96.85
145969.0,2.08654806619826,0.0608574186374488,-1.79512512740006,0.393164817430945,0.374106478060973,-0.823567757618544,0.0913801233488239,-0.151146254561893,0.705294360607634,-0.338691014703675,-0.933436240097631,-0.609215083049564,-1.23257498944802,-0.590439518923691,0.361826317121009,0.424008601919533,0.492306746983512,-0.0944015077696934,0.12097763174271,-0.237303397670757,-0.390592058416851,-1.08147682341567,0.337059124452071,0.342624063720036,-0.281768347059977,0.185866978856194,-0.0714121149879118,-0.0350152455244222,0.99
88723.0,-0.189672620944009,1.59191166802597,0.356714894350112,4.5272517367365,0.2294572862327,0.174610946344344,0.802626311945707,-0.0727975768301457,-2.13256654898093,1.80553643004503,-0.889640636958217,-0.50005386874237,0.800088474874948,0.361533756478439,0.934399686743254,-0.0974224264749362,0.0493778954730006,0.160597099761013,0.882726794793635,0.0331851172805831,0.26349207589919,0.897823502100656,-0.0274172216756582,0.075898748527015,0.0540394359646571,0.535898706352107,-0.526447355929679,-0.336276384081865,67.58
29088.0,-0.828067721570864,-0.372288745286428,1.55071971117332,0.1784999310488,0.661674767757152,-0.371291336830408,0.298699683678874,-0.0590249252164924,-1.96301624408621,0.864866522403267,1.26944824830022,0.004641830509122,-0.53621823944731,0.509065703834328,0.473166733094318,-2.04446014205505,0.148004469810075,1.06948180352674,-0.0720996348038825,-0.0797454109938985,-0.547250246153437,-1.31606860420749,0.298766564742683,-0.101464442342347,-0.359381263451662,-0.690741577004925,-0.061752588620319,-0.0926992469700392,59.19
57603.0,-0.679668763837351,0.896187235526078,0.922734624034504,1.30225123862705,-1.08041097679198,0.336459589739709,0.656592903112384,0.381100037381496,-0.586475381606524,-0.362308557562551,-0.310068573518352,0.151714343514188,0.240018505441493,0.444315294119263,1.66286083519628,-0.131072967886602,0.188622698790504,-0.329473536807947,0.241279489808401,-0.119872170299949,-0.0334619506216094,-0.164094956840725,0.389017533546435,0.0398618503156888,-0.477447582637884,-0.513284479299976,-0.0642084551481285,-0.0812809924722143,185.3
24960.0,-1.06647338293978,0.397754519569854,3.03215753508418,1.25743615674377,-1.63187077754107,1.07647103145043,-1.23515486548369,0.866678635640041,0.878539386148687,-0.332821735879091,-0.340009745243931,-1.89992341954098,1.9951456103484,0.485951364988123,-1.97809701126646,-2.89503089296386,2.29987070549496,1.01995883272328,-0.057225935090087,-0.348326294168253,-0.52850329855551,-0.32238533839862,-0.0888768191344253,0.342343824209203,0.187168613922687,-0.106842950346869,0.304073802460228,0.0828378726613085,20.0
86202.0,-0.635832493526205,0.400395592580118,1.97820743807189,1.45083564863398,0.0887495716980018,1.43920361690234,0.341776023784914,0.060674315667277,0.866715175863004,-0.179085214838705,-1.80791196591591,0.319108176485791,0.0294782592249003,-1.13090284818922,-1.28919466793538,-1.47575125716273,0.700414087844641,-0.844005930049864,1.63058495244883,-0.0302891397855244,-0.404805238524904,-0.490846384726785,-0.175182582620288,-0.750040017587201,-0.324608583183762,-0.436616186505624,-0.142932679369198,-0.0754421821832683,69.02
43646.0,0.922733226205715,-0.92890992205354,0.940300796864885,-0.974381648848981,-1.15627693507852,0.443359590350553,-0.994108528381492,0.463139963548835,1.68673850488711,-0.936554364249112,1.70032866430557,0.817619821225628,-1.11024228565747,0.412679892773582,2.19045738816021,-0.27792144430266,-0.135311609933064,0.49738348448426,-0.337856272536273,-0.0258473703645984,0.419315591908903,1.13444101041305,-0.135492288815591,-0.272856547029545,0.2364800602293,-0.516130600825877,0.108151337009937,0.0383943890705484,100.0
45101.0,-4.26701090565012,1.26335871427768,0.638068033444179,1.16589087082298,0.801788451214413,1.53355863879214,-2.51372959476522,-5.86344263031294,-0.112125855151765,0.441446667613971,1.38017919444026,1.98587473091726,0.402627805787377,0.407560291761694,-0.354957581473044,-1.02334827214171,1.12585791117441,-0.769994446084666,0.394135627104076,-2.09576184915674,5.90700740660149,-1.8680711158148,-0.650201796950128,-0.238204313850413,0.288595975521843,-0.151931909734201,0.585391280227272,-0.810599879672503,2.0
156933.0,-0.457468117699523,0.310999605139396,1.52458371819954,1.16171007198025,0.303792754219809,0.241069937827709,0.545061026658117,-0.0102947933892333,0.276264833346848,0.0455451118380991,0.366393680304977,0.55605915814747,-1.06957167032027,-0.159628494165204,-1.5413519429106,-0.827700068127681,0.0405020497460698,-0.138179538438196,1.42557012710599,-0.0353543234564758,-0.387984265010434,-0.791089416729658,0.216767959970323,-0.0715334149843301,-0.907799559345694,-1.06468596634151,-0.0433394550890254,0.021576152875818,41.99
146815.0,0.152568844005598,0.280266284358004,0.156854239752574,1.18894433921224,0.636801142372852,-0.102780224005365,0.519999486002832,-0.27449155504194,0.443680446961289,0.351330970830532,-1.29953610452445,-0.996965446656572,-1.69605708924849,0.320875117304659,0.932794622418441,-1.91192586487491,0.880473703618066,0.307042928170567,2.83567846283665,0.117830697058868,0.251763973347097,1.19087260472772,-0.055246243476114,0.717746823683874,-0.728631635822059,0.188251629690282,-0.0073801344489415,0.0382761807767674,10.8
39148.0,-0.471129178364177,1.01559008799029,1.59508450994275,-0.147861311598919,0.0490324979665993,-0.564826052772949,0.640206169199507,0.0472322348209949,-0.745510155617629,-0.161482856354659,1.40005458669282,0.958349087797781,0.548064959337586,0.220164680660213,0.0826156751740332,0.367301686826907,-0.678724205296629,0.0713564270266456,0.299461617615125,0.15644108121372,-0.166624502737689,-0.434537790489452,-0.0326574631374429,0.326188911806265,-0.201861938360353,0.0517909795537865,0.263924257051835,0.112608510944181,5.35
57443.0,1.20844895656002,0.274216497730885,0.223711686044153,1.26560348657876,0.17657544622994,0.117570733509716,0.114933035279319,-0.0357356949834022,0.187591110150944,-0.148680893681082,-0.826303417629908,0.851103334260102,0.867614329890515,-0.146418919425966,-0.158992456297572,-0.621671657820564,0.030602698784548,-0.929103023833573,-0.184920002012532,-0.124731922423007,-0.126521750480145,-0.0701611801545288,-0.131484710501509,-0.39330043797485,0.76179962901327,-0.283881045290072,0.046075002111268,0.0120861643787591,4.2
161960.0,-0.374445291097632,-0.132537665862746,0.373741510638767,-1.80343659467868,-1.29951909418126,-0.719640081930503,-0.72403696731123,0.207902193315565,-2.03460005820588,1.14974139207006,-1.41172767765337,-1.57969579486657,-0.529379983259939,0.0066910349790911,0.115473337870427,-1.0001740898983,1.10905609497933,0.315272310780616,0.75968362155785,-0.488324323480156,0.0945399091688568,0.576129776907947,-0.0987653608198842,-0.0217751031780254,-0.66200812096525,0.0143842830142683,-0.144674801132637,0.0885265845778726,16.0
51448.0,-4.56696548723964,-3.80015710536639,-0.318942988992496,0.219834440031399,1.3032314442515,0.842306337807598,1.47389222454151,-0.614309997520815,0.877411872823675,0.364108659085578,-0.0308144753939299,0.420530165598581,0.991116041039345,-0.934393176572105,-0.127038885975782,1.02436010768104,-1.54363821530637,0.156149671820501,0.398040273201709,-2.54691067703423,-0.943172606327082,0.699092562807928,1.3083979146314,-1.52272829563847,-0.0910283820088736,0.361509292579911,0.293839993998018,-1.06173074635351,374.79
50739.0,-0.530430955886204,0.0451499563200498,0.980110288872684,-2.22190912005027,-0.0166700845516517,-0.358228491005759,0.575345237533628,-0.244694381856686,-1.0288560881183,0.564582456737623,0.204270201963227,-1.57342462710757,-1.81218428808522,0.0121267790419401,-0.563263768280927,1.67995200085492,-0.642113855132729,-0.370099397253899,0.329142451321034,-0.0896741419171278,0.258345516679897,0.618729719627437,-0.350684187748213,-0.5258526940913,-0.0031445409663537,-0.369213001585692,-0.334077323116505,-0.122022582074764,49.8
141907.0,1.88594090473987,1.10315725455869,-1.76322878516225,3.98376548161763,1.12948853662104,-0.284551576523286,0.33358756795995,0.0129950278454902,-1.25345320755996,0.490348609361888,0.938036086712533,-0.329794200346083,-0.641562800985764,-2.23817743247951,-1.22755799997999,1.99540975335007,1.04976140664717,1.06800208686248,-1.30353297196758,-0.222662390859639,-0.403562180996509,-1.18648959517156,0.257019301775826,-0.738060854808888,-0.249353298525627,-0.335315515088313,-0.010811362713891,0.0029808779470031,6.22
143204.0,2.23905182666408,-1.46825715380661,-0.415759643394731,-1.65133036491517,-1.5182235636161,-0.328507280108858,-1.45864356086986,0.0046315549954036,-1.21736451672397,1.68594573198361,0.482928214697629,-0.0532487805992254,0.561249155965849,-0.43613076257089,-0.622869018687528,0.0368053156434712,0.0096566542616128,0.415983079449788,0.266511028678258,-0.405364821724156,-0.371510723839067,-0.623487643663888,0.412349217780659,-0.404534217276683,-0.595912262004536,-0.483845999037361,0.0340754092135673,-0.0476061931144657,15.95
38899.0,1.36390268625713,0.161303786329232,-0.0047870542017462,-0.277974138217849,-0.0321811949868722,-0.685782696765384,0.128994986574724,-0.279407477712476,0.0451954428658726,-0.240321687653441,-0.703592699221808,0.73468595801131,1.65977210506645,-0.0657783521511825,0.949674499023871,0.388144444408351,-0.650118395662696,-0.568352978627341,0.473226694504197,0.0429013138164398,-0.270731141023177,-0.698802427175379,-0.008502003666862,-0.374092885571911,0.332075078129159,0.894729407132045,-0.0786013429759705,-0.001603180861229,1.0
75752.0,-1.10216908234279,1.02985667359736,1.05654965038686,-1.35249616207208,-0.0712050885974938,0.11462327952453,-0.44601100749687,-2.44858253329928,-0.689869320480009,-1.25812801410641,1.18686858738839,0.460351008633973,-1.36699556139783,0.954759050586474,-0.125052685863083,0.542623064431523,-0.355134768294918,-0.374464389317175,-0.750940722641844,0.424505390967163,-1.31809485193346,0.0830791166183775,0.0990090120368757,0.0192535063608224,-0.614156494236281,0.634274406549443,-0.0056719308708215,0.126507779010324,38.7
161771.0,2.11889050791703,-0.171196998590918,-3.53999378117124,-1.07711680567645,2.9608396647008,2.69720159023863,0.161818929814323,0.49736609843459,0.052807806508992,0.0391764704384186,0.137104777205287,0.254052768959694,-0.29738485015299,1.01974427722778,0.794617712964537,-0.716676981392934,-0.335211003296966,-0.667265009913046,-0.0201572471375975,-0.168622018937903,0.145621665419854,0.449316469715292,-0.0022149060035348,0.759931246342561,0.474687581114853,0.261308610648972,-0.0670264238413646,-0.0854291041087363,3.79
61444.0,1.25535790961458,0.033575851891503,-0.0302417403549967,0.411698201751503,0.025627798899958,-0.117963239385138,-0.0548071115316827,0.0459300256430924,0.305888598246694,-0.0596785617289036,-1.04968623699902,-0.695819889123888,-1.20325863618369,0.569514418735046,1.41680383483605,0.231059135377334,-0.309873995492759,-0.513455139653151,-0.14320669473386,-0.177178327300978,-0.240444907155661,-0.746373011367574,0.0131156938448754,-0.801723957353514,0.300716016734177,0.258877629662184,-0.0322714098226263,0.0023002478824103,15.62
59725.0,1.28371933676519,-0.312954482060354,-1.33147057937792,-1.0469713080009,1.92448518838795,3.14237682085772,-0.52835095372475,0.743205513775511,0.0401203460613435,-0.0715292789959027,-0.0485987028100194,-0.0156731776839282,0.0577957588818961,0.385365812762899,1.24004979585026,0.560296694676244,-0.805354376269003,0.0627975331994263,0.314579385174895,0.123245157297652,-0.0153283015190048,-0.235983470682173,-0.113282835307488,1.08530295309478,0.528777008406497,1.08210404190783,-0.0888238575303988,0.0002937643320611,38.67
79336.0,-5.71513664611203,3.61041763042448,-1.12777936218008,0.809180462894548,-2.66371936387965,0.323059228420641,-1.97677141054159,2.41007399914174,2.30635643961648,1.75006266694466,-1.95064935242388,1.03996893498488,-1.02079261276789,0.0659579464108662,-1.75844868406318,-0.79776449998944,1.59181177018908,-1.08516838155741,0.111039760759398,-0.133174856055782,-0.274635445266148,-0.863606749981535,0.408373620037392,0.0097250936560863,0.383000333657918,-0.665840084364123,-1.54088243479586,0.152905213023837,5.45
71521.0,1.30728979845849,0.050123256832719,-0.634131952260133,-0.422710714965099,0.603310880384095,0.0300626532232823,0.286055343707709,-0.117099707862157,-0.342529492787157,-0.0069334385812234,0.149524254678042,0.84259936367356,1.10048617605447,0.356691760781276,0.188456816077978,0.782537780198027,-1.12869487286362,-0.0475951560660668,1.20306482723728,0.123986147778435,-0.473333463528964,-1.48824950467349,-0.0602877066590852,-1.35336597859876,0.316010562704298,0.704884827496376,-0.108668271617749,-0.015537193037796,44.89
69256.0,0.692675822443152,-2.13023230116575,1.08710661508961,0.0323806189969002,-2.12710660230416,0.768724864129382,-1.19548538373458,0.366118021778791,0.617779780803652,0.314145529796363,-0.308598591528638,0.451120238128438,-1.06507297517814,-0.750071653913749,-2.25614049956602,-1.66114275238087,0.501963516793865,1.40272915771202,0.282590231459784,0.025796215398496,-0.408504123989236,-0.982997274118801,-0.198211317940646,0.0573370900123754,0.0031801196236863,1.0064352059589,-0.0454231497269651,0.0548045855597178,299.0
128252.0,0.197866709540217,0.156588972805257,1.14026413963402,-0.800159989883718,0.241697233573103,0.703494699933577,0.185760663795342,0.125795241173365,0.324403149334053,-0.230630217275843,0.457945988997004,0.413906822833908,0.376866478050236,-0.333592069251482,0.311805882966066,1.15495170171965,-1.52393540791179,0.911222666811128,-0.374047659197189,0.0634220053620182,0.136223959906314,0.448934295254569,0.0892553109961528,0.127317802170988,-0.750073832805547,0.0455120597928548,-0.138440361407915,-0.210211448042216,45.0
158922.0,1.95091132799156,-0.117260930193632,-2.42211401899477,0.130679694652968,1.07843921124219,-0.439875941621359,0.802183392117554,-0.380292619903498,-0.07422554118231,0.0805268961905011,0.500783017906612,1.53051560341337,1.23110163836619,0.547432929317939,-0.958575748611147,-0.537297449513522,-0.683380150997214,0.0147843585553555,0.66472469252504,0.0505564556694315,0.203727890792661,0.626996536149082,-0.224607499587063,0.18229092882265,0.648955844772646,-0.0963442518699757,-0.0695678166446772,-0.0660987750682104,89.6
38088.0,-0.579022938563741,0.847620480096633,0.0539073524401063,-1.40205558703765,0.5691537223093,-0.295270306889516,0.541496416466982,0.369630291426039,-0.526645180794663,-0.928864088173898,-0.183242043007076,0.898692070307617,0.635476230019818,0.342862511892061,-1.42684776143266,0.502570745127448,-0.82400795733661,0.161707550790159,0.340053248367613,-0.171788070337602,0.0927495892214052,0.214376203486559,-0.204033306175406,-0.727214571861576,-0.362701007928374,0.872387870014601,-0.064174614381105,0.0696984196208379,10.5
104800.0,1.80687170380802,-0.484788396432648,-2.69515751715243,-0.605609073564187,0.758320519406183,-1.28533874920396,1.02737762898876,-0.684270920019118,1.22926097654237,-0.518896559832724,2.16753431746135,-1.08141236356294,2.26990187664845,2.32797518952666,-1.41635011710789,-0.921746630527808,0.488496492406635,-0.0180146520359744,0.56320891136472,0.202899491397434,0.274700156897291,0.82337682016445,-0.313576116954597,0.874163699110242,0.553945412213057,0.954656949755187,-0.212751534698356,-0.0763939643613217,186.85
112072.0,2.10578696816961,0.304595209659135,-1.87776902013121,1.20799074380804,0.842628953103692,-0.787350121407686,0.68900796212902,-0.442443684744387,0.130407632226849,0.246924160892615,-1.55429506265371,0.496120759311688,0.698949091555758,0.316568193279944,-0.602859377957899,-0.501368660378276,-0.503924075511271,-0.429452328408758,0.128503293407133,-0.233613831855032,-0.0004669159294124,0.283984654626284,-0.104752570036057,-0.687967032359184,0.60429011036442,-0.449927568784383,-0.011967633987037,-0.0686333006136997,1.0
79335.0,1.05734538713047,-0.0992287525526691,0.238256652123188,0.661039228535951,-0.326610677093835,-0.500467947668957,0.121698829915255,-0.124835442131714,0.0272971472024473,-0.122463270761916,-0.0704105673589673,0.409077962015497,0.363068266791385,0.268360971084798,1.22549962129301,-0.103592244794447,-0.121569682542456,-0.705297585421148,-0.637834565677722,0.057567517063391,0.125306703353119,0.259181824527816,-0.126031527267611,0.143099460681374,0.426332543468537,0.448199390609127,-0.0336057341134572,0.0232650697914643,90.0
124858.0,0.0240580306369009,0.73193250434015,0.128423391176306,-0.794242808146615,0.608320288343822,-0.514292455717356,0.81220379986878,0.0474842007899794,-0.128508420264522,-0.219102023872623,0.297947335030714,0.192174111340754,-0.992216701851393,0.486050243001877,-0.919504322558603,0.206594035201015,-0.691642770080442,-0.0921308852652961,0.291281548511768,-0.0891524562431932,-0.241886910112354,-0.589064607460919,0.0209477446733012,-0.49963739412196,-0.515423089994162,0.154062573209044,0.240398743489323,0.0803419782178599,0.89
63634.0,-0.827458617805693,-0.170456716985081,1.81024462187402,-1.49611849140397,-2.15060947526911,0.396022379488027,-0.838741296148522,0.601655613093264,-2.73006387313033,1.09186695100065,1.2570401287494,-0.84436316134243,-0.392647279372274,0.156398529175684,0.862821338473855,-0.611227272521833,1.09121657952983,0.738299593711565,0.603367610639292,-0.310140987238113,0.127965077094726,0.586671365685442,-0.0696027665591706,0.201383794624866,-0.0007286818675684,0.0729074774535055,-0.0897831247922622,-0.0218762623908557,106.0
109702.0,-0.72828827329425,1.79930697704061,0.884007229608936,4.44168979926306,0.943892239057062,0.72720825885284,0.13554414668788,0.56031866050826,-1.40338297408483,1.20277392182059,1.56336547312797,-2.34762235018401,1.87341471958023,2.37713134280669,-0.734320304277994,0.0704997563805409,0.814847690769439,0.560083231081905,1.39309703687248,0.299698555582592,-0.256828360372739,-0.684303257232467,0.0813396125619611,0.65245103979014,-0.529564420944181,0.0022407901867612,0.25435420953392,0.104947967209163,6.02
54912.0,1.19806603237111,0.719443486352675,-0.238900969408147,1.24750635046439,0.339403865467583,-0.691941425269122,0.312105028368971,-0.183299318231288,-0.292351038582674,-0.650113184321277,0.491448777701774,0.757424522218643,1.3205527970142,-1.2972425649738,1.16089979474563,0.148953571602486,0.871264751962967,-0.149310776243933,-0.948522432697411,-0.0493742252747451,-0.0089558826723631,0.146927690573029,-0.106823098314326,-0.0025402778045515,0.66566952759958,-0.302116266367707,0.0573283021310336,0.0507298528487957,1.0
36609.0,-0.799567607932442,0.434606007014969,0.911384035281186,-1.11848596146177,3.05854373805421,3.7142604270124,0.493512331060499,0.557243072532887,0.0938148291092595,-0.369148721459064,-0.546289071320528,-0.213521938907728,-0.425518019273927,-0.50618843467428,-0.535083902067257,0.0788399446528683,-1.04195788886758,-0.076295408617296,-0.175951247142152,0.0750325791397453,-0.363985151125826,-0.836305029297613,-0.393971252160318,0.968951903390137,0.613447706958163,-0.702183041519735,-0.40483189145657,-0.372181442624247,1.0
170458.0,-3.3850109064837,2.21272677552939,-3.23647003436193,-0.472378184276654,-0.565918661929576,-0.368074932691631,-0.0128557312802772,1.53076239287903,0.160504529208297,0.0162552018688995,-0.543658322452768,1.0954073876465,-0.24564643493244,1.58204581064353,0.105185776882043,-1.42965504767155,1.43392765514615,-1.95167481111755,-1.47219323831659,-0.791281005590864,0.44366189297521,1.1457007328118,0.0639751031049808,-0.552915625395566,-0.132671909735581,-0.227530297152723,-1.31231235922435,-0.240379682425184,55.94
73586.0,-0.600000223711707,0.82831106893155,0.835454117143831,-1.02258072724088,0.572089283180691,-1.07195119000738,1.52924706378765,-0.393086556250323,-0.953055942990471,-0.865680385357463,-0.562264277391415,0.47928627269889,1.38928386014694,0.0464533130471005,0.0227466340807513,0.0851777699644125,-0.598524171007369,-0.618606426980633,-0.242184587272532,0.168204083918086,0.0722944347396231,0.100600080781418,-0.189904998909755,0.140387479339333,0.28337531763188,0.940379003899975,-0.0582545427250171,0.0828958713421482,69.9
37350.0,-0.989198590755676,2.08660852369965,1.00411107057733,0.247681604231663,1.06749828242423,-1.30330304775109,2.77452469761894,-2.21260590705375,2.35063055573233,4.86125652666065,1.08891145303943,-0.178603189505969,0.408237403131367,-2.13333993919257,0.941748207219828,-1.69223202740704,-1.00607648442189,-0.779883275871032,-0.0638307068546585,1.90405115320169,-0.544671021933763,0.809499862613704,-0.1732029774646,0.91850201238749,-0.532761149099946,-0.667066740953021,-0.0864570713362179,-1.22810636333664,0.89
150239.0,1.92237359746062,0.365651506439818,-2.71860071981322,0.354698091042985,1.46815664397133,0.316214283050919,0.0154438322840185,0.204621610559719,0.302116350104931,-1.15908010217806,1.94006062129091,0.426873373865271,-0.171303141584321,-2.2678522630832,1.19410237866959,0.286117000905593,2.12232546457574,0.644021568623067,-1.237112612376,-0.224808584602337,0.186913277782921,0.80906390982745,-0.0526178882641862,-1.84928855075146,0.0935558881335923,0.0118813907193046,0.0644297742846008,-0.0197476535512371,1.0
122593.0,-0.289773706536554,1.24760904049628,-1.63006283961617,-1.41810492303626,1.41313560493886,-0.741994748398918,1.19039859746725,0.190428631693526,-0.627597013857394,-0.505506171579198,-0.701746767974231,-0.0998290246390466,-0.782478730089192,1.29534811329096,-0.742327207012953,0.082570367939139,-0.93761541909698,0.681265171451424,0.670305303835871,-0.189014950564487,0.239378226787552,0.719383524260201,-0.375355032904318,-1.35172980782266,-0.158111034947141,0.158472659966576,0.261042533645445,0.181151034360702,0.77
170367.0,-0.13012030080034,0.938502326645171,-0.849118037755154,-1.21487776530261,1.40351318714561,-1.07877895203074,1.57499757741664,-0.27228128838396,-0.683968926066376,-0.322478239724197,0.811863370972683,0.568400724870705,-0.30028042842028,0.902876348622166,-0.840454917742697,-0.454729312433251,-0.663834562138142,0.137902246729335,0.149386198964291,0.0163705635519038,0.309901313968008,0.987354943296866,-0.173624093150251,0.816505642578941,-0.314196585809213,0.0316585854376516,0.379254637790154,0.268778566410701,17.72
1579.0,1.2530150530815,-0.0893880943879866,0.482482312980204,-0.252726594716107,-0.56279352365141,-0.505972438217311,-0.299949674636182,-0.0078635000986784,0.133214746170496,-0.0506528303102573,1.2063118852979,0.888803157333293,0.263156407516099,0.276165896116702,0.558477150847873,0.691394304249821,-0.742820290770836,0.164999971192637,0.438752014258059,-0.0221822453816847,-0.0987029893938103,-0.310881377342429,0.0375136835397249,0.0705465839431315,0.134669175538687,0.906137500388272,-0.0749839809782121,-0.0027495767436823,7.69
80271.0,-1.9579393148677,1.00744567472353,0.262313981385095,0.336395733236274,-0.544978770879505,0.129037190844313,-0.925365361887417,1.26451481972713,-0.728320407438838,-0.85094052449663,-1.13489906833976,0.981266349155984,1.98111660858362,0.593490198632252,1.52636390108661,0.489838510443213,0.0892589165633879,-0.162899546801118,0.460791836061558,-0.339097554625436,0.14152325537723,0.103637099060976,-0.203839669471081,-0.676055262979547,-0.74346409091623,0.369178699599765,-0.303173540091805,-0.240315741183772,49.99
34180.0,1.14338050649991,-0.0755700026809906,1.06000118549492,0.978897054401616,-0.646833731565313,0.198013097441696,-0.615333409416776,0.0657342955424749,0.574865515248875,-0.114344521781803,-1.02251819252493,0.560225400311404,1.60482861075085,-0.448385286292318,1.51213013104822,0.954853533644473,-1.13978055257471,0.732839932525372,-0.494994575758447,0.0831342860182258,0.236680074033034,0.719466265347068,-0.22494588364428,-0.411716379153918,0.507087300720932,-0.21062562841673,0.0760099892034458,0.044804874012594,49.26
53683.0,0.920510905321379,-0.789066068799391,0.0403023207690169,0.450296982171184,-0.554308397942995,0.0905706823554978,-0.0871345276338261,0.0732494514629417,-1.35830575205968,0.900989004762909,0.973569425831298,0.213530846408089,-0.619684120740912,0.726797208774804,0.370803139635923,-1.28433897177719,-0.190580546553907,0.938294269355498,-0.904095701037539,-0.240220698986031,-0.675141200880219,-1.99560483149318,0.132554528457389,-0.440561075010584,-0.0172087122971541,-0.819469840947715,0.008208657894652,0.0478944595942425,191.31
76360.0,-0.85132209789882,1.22060440473581,1.21274404372285,1.43529915572008,-0.230259607545184,-0.207575689214014,0.278295264874866,0.494451484326903,-0.538290965750745,-0.343719503012523,-0.418522673811126,0.617312584907867,0.207245891196168,0.288280695158478,0.119236588018652,-1.20887314714929,0.898921568658859,-0.78678224691867,0.589439418169152,0.0818843529257745,0.0463635352203531,0.340097683177795,-0.0438077014024883,0.420800617857386,-0.0961940644896352,-0.243355099728145,0.306447425817248,0.129929370511745,18.56
148087.0,-0.421215470643204,-0.952554002692231,0.97758770163639,-2.61374563740208,-1.05213636040028,-1.14473368708233,-0.872233775339999,-0.175760288988615,-1.05330674239221,1.17774784910674,-1.13138740117408,-1.29680391268485,-0.371169844541466,-0.768019596937623,-0.671630732488104,-0.259980488173996,0.194213007760557,0.327634947731125,-1.38341204967439,-0.783123539892415,0.292262803574047,1.34743830440383,-0.0162603885766539,0.40545348440705,-1.42637184215899,-0.325360944604521,-0.0272089274487889,0.303532128741469,16.0
39674.0,-1.51384856770631,0.246143902000536,1.09637569588103,0.111129443358643,1.56499507184618,-2.31531441556501,0.449783171250238,-0.115586101404732,-0.696293538458586,-1.38042956526537,0.160041448565897,-0.58288586477566,-0.815963113169668,-1.26372454874801,0.466170550479834,0.603082708064607,0.994155461854141,0.353997298576623,-0.968596757522933,0.188859421819129,0.0040918771203794,-0.40041381445867,-0.149728744831318,0.570297173994291,0.563065989004007,0.266029754019894,-0.0573411757703782,0.109090873858453,0.76
141788.0,-0.184433368530541,-1.00444513301619,1.24485570190238,-2.18626313076455,-1.92455163914753,-0.944518465676752,0.318074274381691,-0.272856644194087,-1.9998499375392,0.616215363881176,-0.259507007228389,-0.235763717652496,1.31083765304448,-0.800370101045144,-0.668378716749591,-0.533522315336214,0.480660930608128,-0.345616573941459,-0.73975010415705,0.0669123636223976,-0.068962727320152,-0.0704087806101944,0.845632382850502,0.863254588676404,-1.41477059879139,-0.720113757056073,0.214098613157825,0.276593228545668,206.95
47269.0,0.996005909444067,-0.380579016855561,0.639054340890967,0.924991934977527,-0.0983145180596518,1.40933087991912,-0.601358663655528,0.394573516280558,0.588042356775762,-0.138548011486079,0.0737576165995321,1.24587806263416,0.980911912688165,-0.355230473759612,-0.249852117376919,0.344927887370382,-0.749177505936231,0.338584478153176,0.190192781815138,0.114396398384461,-0.0097700804139179,0.0281848618701036,-0.237286722846571,-1.2797087607965,0.485963317327125,-0.326026071011376,0.0724578915579179,0.027842239589325,94.99
124460.0,-1.20116124993917,-0.325744615131281,1.73031079189531,-1.011055473853,0.524356994427706,0.398507537240401,-0.023003386408166,0.448982848786672,0.347292405177043,-1.02003322595253,0.0401109178229769,-0.196526001566163,-1.38879106550232,0.153187864285233,-0.132990854235798,0.369034200334995,-0.710037405549195,1.06803829972503,0.318712293407795,0.203225402790802,0.27683504888491,0.506018093668808,-0.236884050895128,0.290197867447694,0.651786914297025,0.238955421504373,-0.0153881314711445,0.0646369841596102,75.63
130576.0,2.08595138955325,0.0074703009078968,-2.04672000782275,0.209323374093475,0.623737513726398,-0.888393776238101,0.517478174297441,-0.289377719163532,-0.0290878823798103,0.349685979244465,0.78637420095833,0.624080064885094,-0.752343355989951,0.878489796891156,-0.940392242339799,-0.413880143116331,-0.317787317708608,-0.195620288997724,0.41804306360811,-0.242891431299816,0.140144109169498,0.517052724448888,0.0046499367071356,0.832583363553418,0.343708956669716,0.659386864324171,-0.125059957201842,-0.0891511927352016,0.76
167496.0,-0.954591165938692,1.69577082453953,-1.02740593713894,-0.749552837541817,0.458352580534097,-0.605887368891444,0.47351171679559,0.522722991777447,0.124681239646063,0.0322680813460249,1.04719867967486,0.68767082799664,-0.284117237104313,-0.656058948881689,-0.865070742566903,0.508976769092944,0.369674251071339,0.171002535351951,-0.148456799256182,0.267275518020964,-0.332049194119861,-0.77122340039633,0.216093044942328,0.581981369395412,-0.305657465363266,0.110278712959576,0.413271251786994,0.202847677524777,8.99
127742.0,-0.149196002351321,0.53941289222244,-0.351592608652135,-0.415263020795022,1.07800981837591,-0.80246084178178,0.549877173851701,-0.0757771860947879,0.193185959599766,-0.941809791734649,-0.837253680484294,-0.50738803802108,-0.489985468994795,-1.21085726491289,0.0135514240836421,0.449199892765619,0.496504534690654,0.314864287735667,-0.487673884757407,-0.12141207174454,0.0664866513492814,0.167069704513811,0.046787406365576,0.517683449618801,-0.71169871327978,0.315318670214347,-0.078992271453449,0.191260339214565,8.0
163622.0,-0.854916235324185,-0.474627343496532,-1.34491236312154,-0.970986047380946,2.6927976160593,3.6069459598604,-1.08776222076169,1.63919394793757,1.00184369079197,-1.73004155267114,-0.686661633840311,0.371506650698343,-0.397004655632843,-1.26897244751232,-0.693630147318342,-0.205337674021995,0.880111224172799,0.737832862283972,-0.390451070022342,0.0442246867740688,0.420146071677403,1.08013635510121,-0.108625100996152,0.651894086473379,-0.258295415647428,-0.441892169574822,0.12300308441899,-0.0530878818251351,30.08
123833.0,2.25183792174322,-0.708617963001671,-2.34010210612334,-1.12355149452405,0.30152158707451,-0.659340547168035,-0.0307620438224492,-0.256061801398535,-0.83166085926761,1.05526420429791,0.24718116345727,-0.652466995215432,-1.10389149825549,0.56165544492475,-1.12421643554285,0.632997516027877,0.14281896566867,-0.975823724377392,1.32327800781917,-0.0644943172344812,0.320588233782678,0.887973430225756,-0.123569694721881,0.238714834647335,0.518690895847158,0.0914115336691284,-0.0892780868950569,-0.0914923667682377,20.0
124040.0,1.76087020760088,-2.04839826533534,-2.78500487959508,-1.25493089896427,-0.728627819922995,-1.68738107592299,0.4532686029645,-0.741235144429995,-1.9959976575835,1.6173802695163,-1.11630357482271,-1.47895240512236,-0.726518216928249,0.557924974711473,-0.494102905632824,-1.39873787417408,0.908389104289489,-0.302572920087021,-0.157369756758269,0.128827434336566,0.307313729192811,0.655644935115403,-0.430416940714078,-0.0329807163060681,0.49364765646841,0.277013703330954,-0.135495655587506,-0.0336578265718436,344.75
45524.0,-0.282557153094322,0.8215221295652,1.73566887195576,1.83129504045663,-0.0201488636136194,0.582046403103994,0.16208260426196,0.231330106992473,-0.938999751940493,0.51468343723286,1.20173430085916,0.954420202847223,0.315698001308098,-0.195024859130716,-1.03902200514303,-0.488545271717253,0.376989370757608,-0.554285075502879,0.585238035748838,0.0058798453972842,0.0990688838156443,0.470896361990624,-0.0566457172246245,0.309513826766127,-0.542041440960926,1.05326422664386,-0.0787462841393161,0.0370621874818043,9.99
84002.0,1.48474760188171,-1.01885017955763,0.848768204447881,-1.25402083134435,-1.93921433558528,-1.12821004942144,-1.12203886590168,-0.157155112607359,-1.65369167554822,1.43617756308129,-0.256175049066128,-1.11315078299867,-0.239945031935945,-0.219797969557637,0.807714869419643,-0.251366838445871,0.585231826379098,-0.104582240757999,-0.356999569721646,-0.38683739674336,-0.357417128457457,-0.706169323349459,0.230881457460628,0.633647055197248,0.064637309830199,-0.427301512960239,0.0394851964126682,0.031003002429585,10.0
144045.0,-1.94650646892263,2.22497553074241,-0.69275311555096,-0.634721497716481,-0.806286822954084,-0.611396130993235,-0.937442944009016,-2.31796846600845,-0.0933809344194897,-0.0773581916427953,0.831656851621257,1.15557873410539,-0.955316532904454,1.1747147358256,-1.18373748233244,0.227842585545399,0.173754085321273,-0.22222250723397,-0.104296634013417,-0.858198945579457,2.92242111985956,-1.51154953675619,0.694409992461908,0.458197406006918,-0.450134887623132,0.123344483913053,0.247573143869385,0.0432492968587285,11.98
89342.0,1.28703703972089,-1.00639758773251,0.857261819480281,4.02372224347607,-0.335969506736653,3.48119768373681,-1.49609592593378,1.03605990396625,0.716263311859425,0.970034176082825,-0.31766378416306,1.29454318222694,0.480087310976618,-1.17534377990452,-2.37777095214497,0.222839867895074,-0.0217423602098434,-0.715002307181868,-1.87819693974286,0.0323837089106801,0.293525904095204,1.00694410966413,0.0214196312586894,-1.59962497274701,-0.52970627889547,0.176116557373027,0.101457809932686,-0.0131338317593669,186.57
40930.0,1.01359097209206,-0.0664905972229413,1.56983721252695,2.8616232427195,-0.704844242950527,1.13010681694228,-0.740559576465804,0.426474220377142,0.432930482062521,0.406397595056836,-0.0754673129798721,1.32131047990783,0.09732822008753,-0.840237238683532,-2.96094749390923,0.0654900174144479,-0.121430491202104,-0.184569693275028,0.211803755402791,-0.102099968445879,-0.260193128331203,-0.405116743667734,-0.0428300637006823,0.0152413019182351,0.427996877842321,-0.0595518446181035,0.0537616179454232,0.0241148026797809,28.44
150434.0,-0.165132388514103,0.330968247178367,-0.202585358047044,3.02312011975501,2.28313431269443,0.178816580476004,0.231238047284327,0.27575100128063,-1.48427839133554,1.38515977624734,-0.578987594934454,-0.521566660342612,-1.14913563225498,0.675739126051932,-1.77821768288574,1.00822512421246,-1.18464866040904,0.32277476372569,-0.568887969324228,-0.0740283348592158,0.0362162173585187,-0.229980004711949,0.576690382724273,-0.0240077000409489,-2.15826556152711,-0.635663909217775,0.315441800590184,0.379122222416212,2.65
97901.0,1.75499084410409,-0.590626432460854,0.486189206577741,1.73994362828746,-0.808775245630262,0.847122257172625,-1.1235969528274,0.266620234548357,2.86127962193575,-0.32011995693714,0.805299744421151,-0.964148444551411,2.06622974442184,0.690433596265674,-2.54214941291457,0.1436009636273,0.129954681079666,0.791478550019046,0.0454404077475411,-0.148150552576612,-0.128147664343126,0.183058114257084,0.120259400381487,-0.463835647443222,-0.21890673262042,-0.716355954135652,0.0669761303651577,-0.030416868150609,65.01
73705.0,1.20324066343699,0.0611739913319735,0.578408408152525,0.572042360510403,-0.702172412059309,-0.833689822506361,-0.17533994047128,0.0437503699682012,0.0782781619518311,0.162785611605803,1.32003349905489,0.0476480271735709,-1.83194369709653,0.851228131777555,0.538664269763819,0.534547184129785,-0.483689595600344,0.134789418994299,0.10754531569794,-0.220478003791172,-0.216150019153775,-0.759793421626239,0.174413146228787,0.474826214844674,0.0918409428096615,0.0713521455793322,-0.0456836040830052,0.0064043996641786,0.89
126713.0,-0.694991640630358,1.28950702309049,-2.27083661910028,-1.6111881773957,2.69436930542426,3.13819500446084,0.0107748178873753,1.36160442727646,0.0514835482695393,-0.41524117397333,0.036696148919768,0.0213984142028571,-0.364086400442829,-0.577251775363151,0.149600175650718,0.300680286912608,0.50143991981605,-0.369880321324392,-0.464923189687952,0.188361175448028,-0.355647853400084,-0.9636497068891,0.179780120985806,0.58590720524436,-0.298608428769833,0.175711125522332,0.339813683707172,0.123661289675291,12.27
62741.0,-0.518977094215708,0.960569141135582,1.64219725569336,-0.149649287448053,0.0803376573994267,-0.206055556969043,0.561025479933356,0.191363062394523,-0.709878284526573,-0.19842152761708,1.7426526694567,0.91388103353947,0.124235044906164,0.333375501829237,0.359276078031266,0.0329647246666325,-0.305086483987488,-0.399358067740885,-0.134529309626863,0.0935230273256162,-0.130179533930512,-0.311393157425375,0.0273441212039136,0.21076263676357,-0.314649746309006,0.0699067498127846,0.278315545146737,0.110249312242057,7.16
78509.0,0.92332863941323,-0.371856722948028,1.27134144681088,1.6957982625927,-0.803019086442918,0.826164353761858,-0.567559853414757,0.408254427930492,0.979197522909574,-0.270611603657764,0.765431110555009,1.71375966909537,-0.427446999028715,-0.512325779901188,-2.4071386822528,-1.00034654402066,0.601853121730927,-0.908137470926326,0.371393952306801,-0.103071699335153,-0.319949003211449,-0.600752605187529,0.0525983392543304,0.232918491898045,0.348103167248352,-0.545084105627162,0.0777320173520083,0.0294740175094832,61.98
65688.0,-0.301638255809137,1.14724984053316,1.54806608530724,0.713510071787492,0.193808233644358,-0.215371408340863,0.571265111204778,-0.112103233960188,-0.527087045400558,-0.193157209490501,-0.743162567320856,0.39629513967496,1.3750541881829,-0.11675839373682,1.17845894896851,0.0876562469678417,-0.579635032711639,0.0922381315211863,0.632993036385397,0.0737263003885438,-0.0686579740337809,-0.178601377593088,-0.0438480957524046,-0.152825308546051,-0.549893165128241,-0.613682119522641,0.0699412896625264,0.173560953973066,5.0
25258.0,1.09801754053442,0.0012202472188327,-0.0705608508523398,0.546354564762487,-0.142292403669682,-0.776973443065439,0.388550203632483,-0.158355614180057,-0.0799157712473731,-0.110345749268339,-0.120253332510075,-0.050155559431607,-0.769316724143523,0.683889918490471,1.1089991789561,-0.218663205550663,0.076105920829226,-1.21796857226033,-0.26773916858753,-0.0359824090867869,-0.320947924931673,-1.13097700756474,0.12175520553651,0.0563332202970874,0.159558807667041,0.16252396073715,-0.0665347097903951,0.0172290274134388,79.95
160527.0,2.24822333026414,-0.750477768269513,-1.69309767146629,-1.01408623619109,-0.124394350039994,-0.653202272370244,-0.333798497058389,-0.219932172933727,-0.322338677623423,0.80423812030425,-1.23828891177904,-1.08858937237292,-0.740601439795212,0.118291213376154,-0.0925409498432788,0.769324439101439,0.309578594499034,-1.66380708122097,0.945759443517915,-0.0682598913581856,-0.01272708800341,-0.0744082145434016,0.186346221301485,0.252036737669802,0.0212787432032556,-0.278641831010183,-0.0488844749581835,-0.0628478825016599,15.0
171321.0,0.0014317336716881,1.29673319012617,-1.05629403292824,0.526306071242207,1.76002660105581,-0.819412898166969,1.49462673584566,-0.336760956160281,-0.599242035442684,-0.928032122074578,-0.663032608813716,0.203647856652955,0.677852779974518,-1.37776490495881,-0.855764018821066,-0.206753438557185,0.767990675215967,0.0651865734905981,-0.60751454540788,-0.158591712028686,0.0406014599011479,0.284143654601282,-0.164845113971238,0.497847416181524,0.326415213305484,-0.600283539559587,-0.0764079792744,0.0244223252065666,9.46
50090.0,0.647362921570966,-0.983725665208318,1.57364867493368,1.7325713460926,-1.58467829376539,0.481514974995743,-0.833527904288096,0.355067197942056,1.32074534002795,-0.298408288839356,-0.62657415944429,0.0932523291578814,-1.00757930467384,-0.358756417603477,0.519670207635079,-0.0591273853468483,0.152823739725141,-0.0449891403089145,-0.979343757253324,0.188071621984062,0.33827459902234,0.761119192158392,-0.212048444239538,0.428029865023109,0.236120440410222,-0.18374338852738,0.0677835863369219,0.0771334890810338,218.83
29944.0,0.979187730546958,-1.29569361292217,0.311583389422593,-0.740141590491677,-1.14385151307795,0.0448615940735085,-0.724962082143196,0.193884239092512,-0.698391473448901,0.695267736862127,1.147716044441,-0.755157784656367,-1.43427340927603,0.348250220250402,0.687046832378027,1.41748818406785,0.17739105442009,-1.03362526854023,0.530461036999141,0.332902519764892,0.140965373089166,-0.201416185537239,-0.0647247883271796,-0.346522999241064,0.0606672400097979,-0.393084869602753,-0.0156078128688182,0.0360136238405196,193.0
72951.0,-0.915281533395909,1.79253227307144,2.25609222038603,3.08492338060256,-0.560863049447713,-0.0969983865757671,0.187893696017002,0.45356420680052,-1.51794824302207,0.352266129965936,-0.268634007096642,0.855788148561745,1.37590385203798,-0.0773606294973569,-0.0736398919369405,-0.586758923037623,0.704590537660593,-0.628802263643621,1.02572137328629,0.231660482650166,-0.184722835038348,-0.334838322863615,-0.0777211710971161,0.940874575134144,0.137375775650962,0.0873201923447853,0.226612960218019,0.0979535595398808,0.76
65354.0,0.765442714139837,-0.587545428578971,1.13313378078216,1.28329362336108,-1.06060122343595,0.282235698525482,-0.585877419888038,0.33846601222522,0.375381459533823,0.0882415157006178,1.44920747596754,0.401851556639075,-1.11362222395199,0.457873595247873,1.10652425547927,0.610907958348528,-0.542504667242827,0.517174524768349,-0.907740959680386,0.104168083117761,0.295907576702798,0.471610965835107,-0.0969453338438084,0.18945504709749,0.112883048428528,-0.36034417037271,0.0388865225703676,0.0545472564031392,165.74
42867.0,-8.34940878280812,-1.73914881729577,-2.37546714328113,-4.01530930946079,-2.1033708056143,2.03786761983454,-0.475550867865046,-9.64212983724932,2.92015599090377,1.08359386868057,0.115162918008484,1.01641089804436,0.045164934879748,-1.0175571152766,0.0524613668582283,-0.830911612438459,-1.09487326883195,2.035612311827,-0.124994673505106,-4.87792941561679,2.33970739185012,-1.28327671740098,1.00194730856125,-1.01353748740656,0.613641279879553,-1.18338874457967,-2.33639232392684,1.81668706294757,367.99
41521.0,1.23891596502954,0.253391174576089,0.648673481824715,0.698277848833878,-0.649623821711324,-1.18333484831681,0.0597192880381813,-0.219631131023335,0.0406212747579552,-0.0623009288639563,0.0564416941823914,0.414343145118796,0.139532760474908,0.282221946537615,1.02078530835443,0.212861664775503,-0.297421772432446,-0.634706286660534,-0.241064134410274,-0.113267296532967,-0.237849860222467,-0.693401971845882,0.179104928913958,0.703135798017939,0.170158509184824,0.0748169144028746,-0.0292299048537604,0.0219237001159143,0.89
88266.0,-1.86239660120208,0.0930199456723575,1.18175975550904,-2.2705198236821,0.702175603243185,5.74491245668881,-2.74150416526691,-0.966504077774329,0.507266775125946,-0.209167009200533,-1.41150455652542,0.268900415335696,-0.339296541342432,-1.16582574747311,-1.54868584966283,-1.63528552113474,0.382132892129607,1.27733864033202,-0.918077828722377,0.583643363521223,-1.67564742730509,0.277853064440535,-0.101009397973487,0.727329758264395,0.43674010579353,0.896073266814775,0.53745095561583,0.317243669963268,25.0
55503.0,0.812117484956024,-0.588150289375694,1.040836469773,1.16585208614289,-0.729578839545726,0.997046522680835,-0.727825126016026,0.510065128150433,0.640290199465526,-0.0832634732168715,1.29442318551343,0.724760007623836,-0.947342527283882,0.208504772952045,0.544734185450661,-0.0930537622257093,-0.0373527018632743,-0.0626391868618312,-0.897178196202349,-0.0054690071486841,0.292962320914676,0.745335212976405,-0.135494910461396,-0.27629411933026,0.260210901259293,-0.226189876406414,0.0702512289251511,0.0374274659981657,123.45
153166.0,-0.706549207976975,-0.591988089061139,0.547864022296733,-0.425791011425529,0.852329362320682,0.10556212252991,0.0628351327835839,-0.0846939065489041,0.772496020048358,0.246117059170078,-0.497450592775685,-0.366284568588284,-0.797367145941861,-0.197099740086132,-0.138866211949915,0.661896678574704,-1.25196101007595,1.26453927992057,0.757760056900652,-0.460403468206701,0.228012772997966,1.36148860412916,0.514218872519731,-1.0547083979461,-1.11533945809928,0.553285149240317,0.0281883506863923,-0.113841585599428,6.42
61586.0,1.20484021677359,-0.390549388856298,1.12803774619412,0.254892107643762,-1.22999550995517,-0.39002657784272,-0.671161908038513,0.0732436445776392,1.25758652205069,-0.443520679443373,-0.857107755967315,0.391241975463431,-0.368202168186565,-0.486472156014258,-0.264261459800009,-0.102204761803369,0.16260653272413,-0.594694095735095,0.468785199448935,-0.0924325730470291,-0.236090765002564,-0.443651366156205,0.0809435224479651,0.457570074914405,0.124135620696903,0.943250174688107,-0.0366429074815913,0.0142341952396924,12.0
112884.0,1.31342227515498,-3.05134055213585,-0.756079483612813,-1.07533320548388,-2.29125290678799,-0.458293409956448,-0.883187566941119,-0.191927794914883,-0.856508842145451,1.28931376309946,-1.04962598398047,-0.875485838545288,0.248770536543042,-0.493878588085854,0.270362042205915,-0.142534944097319,0.415412232825463,0.050124240161048,-0.41172623655243,0.526701440269531,-0.0318264995329765,-0.704825620980213,0.0075547084012788,-0.12878970582775,-0.79178818414666,-0.456292176358404,-0.0449117821514604,0.0492130970098457,499.0
137276.0,-3.58257699880645,-3.87242432400845,0.133316389859971,0.0281514965286583,-1.86990943350765,-0.213821711885814,1.61595975042828,-0.582547566933795,-0.438485588336904,0.275422783127432,-0.535409461060965,-1.15238715811544,-0.645266934433596,-0.510752533176612,0.34464627580174,0.698199691967491,0.811618926789264,-1.64681166435705,1.82521847760846,-0.228687626302551,-0.402885289541622,-0.494731277955509,0.0983903707450598,0.41835242318829,-0.529124134864238,-0.461388575319068,-0.0793598851080326,-0.482115729135134,664.58
63659.0,1.18601048662358,-0.294035472046096,-0.116873995880742,-0.715363399283401,-0.684693644839693,-0.758225299885234,-0.405541533781937,0.118363378450501,1.60383720744854,-1.31765047030122,0.99600930776913,0.0312578761632009,-2.17105564145292,-0.589920744581109,0.722386415954905,0.0764638317147759,0.625997438958737,1.39280358494208,0.889626929547787,-0.14659906858959,-0.0452714179647233,-0.0590810818838358,-0.173710111749695,-0.128480625614442,0.613273071187098,-0.618505673011121,0.0642705044823177,0.0395496859101897,30.0
128139.0,-0.811032655066892,-1.08738735899647,0.611278923331486,-1.85139432500941,-0.80971935169692,0.915022824289231,1.0371967269769,0.154106225962937,-1.09631598652795,-0.303201609166342,0.188678392629978,-0.387245477299079,-0.239342317843426,-0.343016708157883,-1.37377993225507,1.23748884645622,-0.0675354921245372,-0.921187999661711,1.20057479188351,0.852531275254009,0.100718440317408,-0.4277462127173,0.846376231687493,0.136074718500811,-0.414954110875639,-0.629402802173496,0.0234475177293098,0.179609367722261,352.92
42424.0,0.729243599505333,-0.552570312179945,-0.573708828616417,1.19920883269635,0.267954338358213,0.253829061499301,0.63759871645641,-0.149145019888003,-0.317815783806588,0.0027237981296249,0.19707489019206,1.18515719013266,1.08816711189048,0.232299430948758,-0.7053323096995,0.148303121493934,-0.838201224759357,0.366755569288399,0.50150476813468,0.528728781945489,0.12466387880536,-0.105282302988715,-0.56782774807744,-0.77859205726744,0.895544558102193,-0.239576685338668,-0.0430879629839865,0.0435970565804224,288.45
56020.0,-0.824159214686426,0.689631768177833,0.238363554346315,0.843826799253566,-1.72367945601897,2.00380220682611,3.19454586571237,-0.727345166444796,-0.680086405744178,0.215221284553538,0.427708080837045,0.0537814623945592,0.658958167206253,-0.0770822076415251,0.784166400735925,0.395444731820279,-1.06261225120462,1.00460344535368,1.36825776639169,-0.338105037890438,-0.0927785943376103,0.491219549600939,-0.376126434578179,-0.768536091478706,-0.152190555378699,-0.255961569286596,0.0140224356886199,-0.227836806209486,570.0
130152.0,-0.216208141356193,1.21647754519614,-1.29570104717069,-0.558296982112092,0.924181564709691,-0.893274699743714,0.982557531488044,0.268697171834143,-0.667334397124085,-0.262184115723719,0.535599609241897,0.224576253529678,-1.21513082587533,1.45316743931809,-0.4381497542612,-0.489366674073905,-0.278917621927902,0.346558427697811,0.478797839410839,-0.177325294332103,0.329602043845,0.943256684358376,-0.0056344926692086,0.705038459656046,-0.775282117225276,-0.340227123999,0.35054512986295,0.249494386550696,5.9
154796.0,2.0859995848147,0.19246097916549,-1.75755770930336,0.375892819850666,0.539144772717806,-0.778953413028805,0.218900109416897,-0.257084676076157,0.423513819392763,-0.393788152024843,-0.616188280969836,0.380157494276393,0.627812575798323,-0.960420455761865,0.157853814027462,0.336880455746361,0.386035467851047,-0.322424214165011,0.108102054726696,-0.116102620304106,-0.368604271231947,-0.929652298133871,0.313858511677973,0.393605829928898,-0.219190601532397,0.179527693870635,-0.0594385189904522,-0.0308477341188012,1.98
126203.0,0.302747591607759,-0.648969324790125,0.891622722000143,-1.23170491142415,-0.48215613858983,1.82330091336081,-1.13773685810918,0.545584679808698,-2.31594689272667,1.61957934946545,0.618012217415611,-1.17034912877936,-0.551734776038601,0.0194522017459299,1.39166189431732,-2.00788365981593,1.8388384887218,0.0072871616695127,1.99554224793224,-0.138287394749863,0.0304631536176057,0.723651260161918,-0.0497375362939518,-1.64500469884003,-0.962224097946416,0.348735099564353,0.297463737162238,0.156884497328848,8.7
77327.0,-0.418310753568299,1.74979058371929,-0.385201635742992,0.563085789724512,0.71387042375948,-0.685679842350455,1.03028689098958,-0.236471552898165,-0.0489439212504794,1.10149505433151,-1.04983583851083,0.23623265112073,1.10125582478451,0.0378701202336992,0.66224329701877,-0.423210586331438,-0.533635839660114,-0.016846195792004,0.601068369203967,0.523940707585982,0.0017746400219102,0.470536778213033,-0.0675656203849056,-0.424938036591426,-0.412335592130306,-0.353177199943393,0.76087097355464,0.403971254457804,0.89
66938.0,-1.9196730855822,2.13970919161198,-2.21913353854857,0.212075475487449,0.400080220081903,5.30791892264896,-1.9920634348536,-3.57897793332171,-1.04242807805724,-1.44822108578588,-1.0649159501958,0.691237402210374,-0.502725535132256,1.45395055430975,-0.236995129162822,0.242616756507768,0.269487233058357,0.307033112654426,0.70468718986354,1.05226864520307,-2.62235704465336,0.599417706864774,0.416327649316715,0.981269763415792,0.0156408458277632,-0.3427273946527,0.0491438407558744,-0.0456678089772399,226.98
164240.0,-0.02570810322007,0.394850399974482,1.12657631158427,0.787128200727888,0.198185993740482,1.1194186317136,-0.128446158912452,0.0483221596203198,0.430977856239087,0.487354914881038,0.338269339786933,0.131992935590461,-0.174786326051139,-0.134067626998229,1.19807222280266,-0.80366879211079,-0.0463309326192001,1.33364907162207,2.94489049219045,0.207444137451592,0.287589567825484,1.23497286949041,-0.114439384283219,0.182954106280465,-0.831307460981207,0.0874691631586873,-0.104376812720365,-0.0283159729374377,9.99
58624.0,1.13965653657844,-0.148399449435718,0.981073703347501,1.37852433967259,-0.984665042758721,-0.349883595364972,-0.488265543825039,0.101968590044557,1.01244078329934,-0.132999599922599,-1.08396748939059,-0.376438531642059,-1.52457733411917,0.0285496228318052,0.221922808830855,-0.0254636274339025,-0.0984947558198727,0.185795027629048,-0.229800371584966,-0.206427368295887,0.0818191217851645,0.367735715460101,-0.135481866791216,0.374872358094505,0.594080562652763,-0.211942421207725,0.047316287399628,0.0294015654812638,24.56
157812.0,1.95178559994952,-0.409727009211516,-0.444015475328114,0.125487611536859,-0.486976047716096,-0.0577029616634854,-0.699150214488992,0.232274347938193,1.23743810020455,-0.0365047003412201,0.82261019499935,0.518472881862301,-1.22851738167275,0.510042677246535,0.590608682650595,0.437274570592855,-0.794885215131684,0.598339258265772,0.0809074332997959,-0.289030394758501,-0.0786696716460054,-0.218988266371108,0.400863418781075,0.610056507052829,-0.439500751304051,-0.970243130806716,0.0454609463993414,-0.0327784475264763,2.35
71443.0,-2.44301716214069,0.447099102045855,-0.438827742357669,0.9573971536076,-0.231755261199424,-0.0055837011309171,-0.571970402044348,1.30005782192958,-0.882681209802864,-0.512850937194359,-0.453677931238986,0.264907981451881,-0.262620995373126,1.36508268343794,0.564274342562547,0.799998498343167,-0.41297806203347,1.41966737076109,1.10364297495158,-0.609699780531067,0.310052989786602,0.75273675598221,0.158407939992622,-0.798975439228584,0.0237508067470425,-0.15286002858957,-0.137314617188492,-0.563296631223138,12.49
139985.0,-2.35308881078719,-3.38385631583573,-2.59355203716736,1.01038046249425,-2.49205740030806,1.19193151891868,5.61972635682826,-0.683578949308136,-2.76129402177297,-0.196141581213516,-0.144901961746829,-1.37508784013667,-1.73425830922163,1.48135043020721,-0.611461690377075,-2.23488561919282,0.0656363528902109,2.47973637405431,-0.0163218381110598,2.44257009062434,0.893285778103513,0.614280991888646,2.76885448199107,-0.590254864860047,0.772854839138175,-0.127468302759497,-0.313206363558732,0.257730268341277,1352.2
86572.0,1.90955332959205,-0.0832709395353928,-2.07275902985443,0.126092314891467,1.0362707049481,0.593920684270119,-0.108167001919756,0.247598796746199,0.465329376083561,-0.421018471176965,1.30233998486441,0.435863986539922,-0.689876006198004,-0.352633755596529,1.08200980607543,-0.255895093314898,0.78026034162273,-0.0584210483872872,-0.971166279313103,-0.289414642291253,0.285551756808827,1.01548671320653,-0.0288025965213004,-1.71273438987334,0.0665618980904132,0.0116786783393005,0.0363401054431779,-0.0579325990688476,14.53
32813.0,1.33025081375993,0.226679857174814,-1.71042855296215,-0.0693180849933964,2.55517406132696,3.06321704164407,-0.0316181397067138,0.646999100307122,-0.400803319986831,0.107354422345847,-0.146342920786183,0.0070053257675693,-0.116988060968459,0.718591981570079,0.877036268877056,0.112486682387179,-0.808367797191171,0.0829363395614663,0.119431929704814,-0.0334031701657056,-0.0503846500767064,-0.244080228717171,-0.181290460895382,1.0100822920792,1.00932088732171,-0.28067410070364,-0.0062021455288059,0.0041514118789365,2.69
59029.0,0.895580948401573,-0.837686580536803,1.28842083975618,1.08217049841597,-1.26051062375426,0.61475886427341,-0.834878265922689,0.316205885067993,1.56170253761138,-0.50456916657355,-1.06967319030422,0.600511607725705,-0.411944439870112,-0.806771070978958,-0.891799180816231,-0.699718899966693,0.611612082386666,-0.715252609483149,-0.0881875959253841,0.0548109026241193,0.107129546020621,0.529748352605911,-0.199203894681744,0.185579838398931,0.391392079961175,0.710681870058296,0.0230489473446479,0.0356821251971016,119.9
510.0,-2.14951704002277,2.35116354665973,0.992990515150123,0.692643264716344,0.231641731851019,-0.020506516542017,1.08660631527349,-0.445825206368224,1.88011037019937,3.31752515809267,-0.163521122083793,-0.0819153925141274,-0.337022410146768,-1.2248843263494,0.454536332813067,-1.65497078660277,0.245135608895339,-0.899635212476244,0.467840857836927,1.4661819209442,-0.469893026245907,0.144642962828001,-0.182026647999042,0.0617344036065488,0.289829570671384,-0.267336869485086,0.875690581818585,0.12117495694558,1.99
66478.0,-10.6740849749187,-4.3552913935911,-0.314302534653472,3.18496864411411,1.10422911963074,-0.709119849265936,0.0048305175596525,-1.19768399016419,3.93658575556808,4.03928375160213,-0.154631367951742,0.646243085091237,0.283394111246557,-2.62208545787472,-0.169103312755746,-0.989230977848469,0.519749445579304,-1.86206609622781,2.45089759592349,-7.63363907462525,-3.03593216018316,0.817017909047598,4.06266543597121,0.657116365554757,1.0337821238409,-0.297371894800449,0.0681924018425469,-1.87591957627704,10.03
130548.0,-0.35816683950877,1.16903495531755,-0.779141688775036,-0.316345894810493,1.17960915984686,-1.3148151706412,1.69495247196259,-0.499442496467687,0.0107656242528755,-0.123647373817937,-1.18562098403472,0.555915998250345,0.406436448886687,0.0414109362522258,-1.85374178835378,-0.32980982151752,-0.832628157491979,-0.796049968713378,-1.71520546917499,-0.373745673710858,0.186838628731821,0.753239501393199,-0.0308546597764246,-0.0089936621173015,-0.36568483463209,-0.915757596769585,-0.0024471022145758,0.216554490819761,22.26
152713.0,1.70860375091982,-0.754890810017584,-1.52105546263581,0.417931212586985,-0.38026435044545,-1.33311674217534,0.398775906650294,-0.410052720164575,0.514230334381374,0.106710569096199,-0.811142768948157,-0.270700273895484,-0.719068385909457,0.631735466766114,0.739939383570652,0.0965158707216657,-0.414556871736632,-0.1533653849944,-0.290649077817446,0.136946270771335,0.318654597857327,0.562741594714914,-0.112241497156592,0.110014488733532,-0.0435145513966231,0.766426999143321,-0.132027217618791,-0.0381399787502713,199.0
158379.0,2.08820494291096,-0.0028047322011881,-1.67302264636931,0.483391430641411,0.170856184531823,-1.40573577934122,0.499730242347414,-0.417937739003326,0.718834526408155,-0.0364990823922493,-1.092951759722,-0.0040161243527705,-1.00131941946459,0.641463059578305,-0.221689957413019,-0.755054308152606,-0.0606278478450665,-0.520465002474175,0.262971293805905,-0.329505326446721,-0.0191619812369686,0.163243413360918,0.038238214991852,-0.0193918292676798,0.34399351421986,-0.21580858766673,-0.0407521782649287,-0.069545353606801,1.0
65586.0,-0.858369788280462,0.601324008133039,1.39921261281939,0.166768844203091,0.495328872226553,0.478944424113112,1.12841903909451,0.167513137308918,-0.642805851207183,-0.75609656963525,0.712199939170861,1.09556827896841,0.302054976651095,0.0021825218782717,-1.48419264150923,-0.286055582034848,-0.397525440684448,-0.309593997323213,-0.525402935261535,0.0767794599371509,0.0876934407188051,0.21524921097522,-0.0674902296985452,-0.308695075849968,0.311479480333781,-0.477957787031424,0.0774132367409533,0.103253965635138,106.0
161414.0,-0.122255608022144,0.734209470194822,-0.899494254181983,-0.59365610539923,0.918321566056588,0.916890377802097,0.0076498703281768,0.848966143251687,0.202343853077321,-1.39318306495649,-0.714942919410391,-0.400132321683665,-0.821323633763903,-0.817530517902716,0.77456005586918,-0.004393183982152,1.30585638909066,-0.698992220937762,-1.49396809816423,-0.341934208292426,0.149217521956799,0.429962535357775,0.265220548157282,-0.670972411738581,-1.16595029306869,0.355479315932267,0.0159791041535571,0.0575506860351891,27.5
51119.0,0.989758756595984,-0.145033593865236,1.36330768101234,1.36159656963437,-0.783221396818891,0.53798632212852,-0.643227940185241,0.319839756125098,0.434771900055486,-0.0571886250407673,1.4242169979915,1.69434522712805,0.64116332333775,-0.266649930709133,-0.401542662954284,-0.0659850268264253,-0.202851935801442,-0.174822988021666,-0.425678067337915,-0.0528423118814424,0.0564064548000854,0.327205207380472,0.0047905271364594,0.255131624797512,0.292087292152175,-0.399514839761198,0.08298415422822,0.0338618548663231,40.0
84118.0,-0.79121606149711,1.20360510653721,1.13228927489318,0.932985294112433,-0.268053665358799,-0.801700561582855,0.279272765735089,0.302705110386826,-0.636665362425533,-0.351672095086709,-0.651011294256831,-0.0727992124811733,-0.216362398218112,0.645295931948125,1.14796141652105,-0.0123770355711284,-0.0642509978679316,0.0034792554447247,0.522824190619104,-0.158884821157783,-0.0502309459778921,-0.324511053425076,0.171896037003267,0.341577699257224,-0.557271220966913,-0.643911890913734,-0.0652786771918426,0.0972610659142139,8.49
81550.0,-0.994971665754482,1.07277954661522,1.46488476531664,-1.2131328860098,-0.446293196149439,-0.829767391802139,0.228279644751754,0.467132575696688,-0.28584697018738,-1.01030838178561,-0.0344630863664425,0.573599407537069,0.476933188228744,0.212865130593988,0.640652312065384,0.309801860435346,-0.137056522451889,-0.927727309035034,-1.17516777592318,-0.0977664271940287,0.0119014003456579,0.018605776995061,0.0376748458254915,0.447032656331939,-0.419955709199672,0.729456040369753,0.154294755982834,0.113214387528247,0.92
63416.0,-0.605538403755373,0.594787117732906,1.37240448778013,0.273584097880196,0.474539513984405,0.0654882288739175,0.651987080280841,0.152017240147302,-1.07661870421496,-0.202858423313593,1.34202656525856,0.459449937643077,-0.209105154829355,0.652604407004438,0.898592955210852,-0.257996726935569,-0.0157055601425199,-0.384420371883045,1.30162261977608,0.244929349636575,-0.309477908417357,-1.123718900284,0.220177912506451,-0.34057681565423,-0.50756775474653,0.129166780030589,0.0442728916030172,0.102765529845603,55.9
147041.0,-2.54320368926314,-0.786174838914851,0.0587539212475282,0.555174392094174,1.26423273475207,-1.7372345342656,-0.353477825437135,0.145598530820134,-0.178966373764964,-0.102888498534177,-1.10859127306081,0.0067301259086144,-0.193003497207551,0.615236432734039,0.554375330699304,-0.290629871506194,0.215144691183359,-0.527684029697382,1.29669809775344,-0.405084204945068,-0.357070198838588,-0.866840624292205,-1.12896606628059,0.0111850891008871,-0.455649545320461,0.386020761377522,0.462058029975748,-0.54990057853167,16.99
39946.0,-1.65666277213089,1.76855360200355,0.701611393734486,-0.105811360899821,-0.865698173465201,-0.821772973413991,-0.0981839757490479,0.933932541352642,-0.615008383845521,0.0209207396804726,1.22759209065225,1.0229911003612,-0.004573396471877,0.852216218837246,0.0974196442392954,0.550201194028563,-0.249817830330136,0.124447915338937,0.156218574816512,0.121900198265454,-0.145473069390531,-0.521929271646091,0.088108974708404,0.510329735618598,-0.10970271136771,0.0549493451981717,0.245619918560159,0.0821072035439345,17.99
148839.0,2.0855954107357,0.152530916015378,-1.76901771356536,0.381248725662312,0.489955238267347,-0.792066917132011,0.181505657564321,-0.225771649950101,0.506969799519158,-0.377599698387639,-0.710183473637425,0.0870221459822315,0.07663892794868,-0.850730064978696,0.218327012414088,0.362734891825377,0.417531950742173,-0.254801830523321,0.111823352705952,-0.151416600065929,-0.374941431425098,-0.974792160494165,0.320474223460983,0.378515173082609,-0.237839860569296,0.181374715862109,-0.0630416755765942,-0.0320314777772415,1.98
81534.0,1.04545656450747,-1.74790091145395,-0.0445563946356735,-1.07783932498199,-1.6750553836207,-0.778972813384118,-0.546107609077188,-0.186171874899365,-1.98011296242021,1.48042416478998,1.01577661958426,-0.478973796155483,-0.643086999271169,0.0775312474468542,-0.977307177045691,-0.773411145012529,0.75676162054525,0.260131212675408,0.200436971416636,0.0457520018458232,-0.0207251138489279,-0.122804353498498,-0.256462927526652,0.544633862783636,0.509864542097848,-0.114945619676421,-0.0348566761144816,0.0378279722292218,235.14
77352.0,-0.632176048651836,-0.12596433418695,1.33506499711111,-0.188841471420894,-0.427786390762182,-0.0789450548807606,1.22690270277799,-0.191348638565816,-0.551401324169655,-0.206541145621586,0.968210827666896,-0.365582307286972,-1.05428491968529,0.373550229066,0.779244400007119,0.192928328695653,-0.442567407065449,0.652347911903285,1.15971771752262,0.615560808163361,0.155846061153378,0.127874498289323,0.149046572913469,0.03600014367416,0.322555883072071,1.17864433488889,-0.347369726459044,-0.254240481012454,216.45
80988.0,-0.493056396732023,0.694805885553926,1.17200733769859,-0.82122754249995,0.498677895666997,-0.209030344247011,0.704051425416679,0.100574661742499,-0.522198485654571,-0.532929294189637,0.239736050513282,-0.0808541467784984,-0.707216021659688,0.432554476620049,-0.175753733137952,0.89264273541196,-1.16952961115388,0.608269971386299,-0.0835645968311101,-0.0916812813780698,0.0177586224289367,-0.109434129059461,-0.197708044169544,-0.530280617739041,-0.180213696925544,0.23988761114758,0.0411264376792873,0.106548691018708,19.99
169584.0,2.046687234578,0.123034052207956,-1.8021155596656,0.217907814309504,0.690691089587224,-0.287596541971754,0.0879792835544184,-0.0669925594879018,0.192089449557707,-0.22891733377197,0.978127771072168,0.971269933731532,0.436351524703149,-0.741709356983772,-0.470374849502336,0.52393139817902,0.144985060898008,0.148057250096398,0.382936917861941,-0.116942931539199,-0.322928577965956,-0.830878916857745,0.292281675108192,0.137360016350076,-0.248493518208341,0.176951798374781,-0.0609131402841945,-0.0435577401026947,0.89
59023.0,-0.271636384136571,1.58698735710363,0.199142000860784,1.18724244464354,0.0964818660581817,-1.08101588703211,0.450672422634278,0.218672094274765,-0.845050951225135,-0.957921400313245,-0.111094989278739,0.137339529741564,0.634180267551482,-0.929829425096301,1.05658107850941,0.278594710271501,1.02727831929664,0.664777477733643,0.127394274255984,-0.0756779031448876,0.0979536089259737,0.260829870842384,-0.105532693613044,0.291613654630579,-0.115754315233756,-0.329082425861758,-0.0195837148524033,0.0138823463569696,1.0
74520.0,1.25930687840503,-0.297857705053658,-1.08509706949669,-1.03032948824406,1.83067832907859,3.21669308690172,-0.596736391601178,0.805550452030512,0.123513811370399,-0.14774073558399,0.0401566077934057,0.115548649742679,0.0811079075058192,0.366014112417434,1.36199084876633,0.69291517636437,-0.857914073432882,-0.173285766529888,0.448425456347077,0.121761592425953,-0.355656786277002,-1.28443901137429,0.133654476669883,1.010899052801,0.181077943826232,0.486031006855346,-0.0635912375361589,0.0142674862261408,40.0
126035.0,0.0580096878176077,0.498142247202136,0.709184121054026,-0.483501159350694,0.0506782522572478,-0.726553736186784,0.719665012205639,-0.0114866669466895,0.543365631107578,-0.844720774061754,-1.24350443191493,-0.441055985346509,-1.46526018371639,0.288744100413433,-0.0615650432069268,-0.0833000303555558,-0.342655154109353,-0.485241155837453,0.0113440090585582,-0.249673622824792,-0.394579813466372,-1.16574133001983,0.278993720851264,-0.206154898942764,-0.753381395847506,-0.90607996887002,0.0741712345399951,0.0563400787117529,27.53
71657.0,1.02729560714622,-0.346736598710465,0.597798508232999,0.828000568997074,-0.66340986679369,0.0643725077489046,-0.334666984442031,0.235920008683835,0.544069877535929,-0.0715807704721089,1.08034765717466,0.578516169242303,-1.58101789014937,0.332767122914894,-0.705327435333422,-0.449589366550041,0.271879027168433,-0.403579495120311,0.0350820391710279,-0.13763652104146,0.0184618365411237,0.118249777315781,-0.0734462964905276,0.262937247658092,0.390904866057606,0.436776828974733,-0.0214715816458611,0.005158140119501,56.63
137926.0,-0.833557385521703,0.853657919318422,1.2152742840906,-0.418085808275995,-0.394340831753264,-0.179017428613242,-0.1226199836984,0.622017703809455,0.261650179377263,-0.816149490727726,-1.03855149409017,0.111096285341994,-0.159895542710094,0.0043423138515345,-0.0022508077719501,0.234896399041092,-0.220910021861945,0.0951692235002903,-0.589141614230408,-0.0637962206685097,0.271574501794618,0.856137082776235,-0.0796634851390219,1.12697116260637,-0.320377579492315,0.326193140306385,0.258603243796437,0.162237749597821,9.99
162079.0,2.13453298533208,-1.20942882932831,0.093184472079049,-0.923413746633733,-1.3908350400004,0.195028639634869,-1.68121848770855,0.163816245543776,0.588182347253274,0.663148933338265,-1.0987256031605,-0.384518189790743,0.87182413918879,-0.991024798566557,0.647139032455536,1.75631643345406,-0.259662388820836,-0.593643530504888,0.303368043992377,0.0633001679727587,0.407681872735526,1.25282287085261,0.183143389680649,0.518639578719095,-0.348300665010254,-0.110390400347114,0.0525112661034834,-0.0253374357431542,15.99
27948.0,-0.302463827445412,1.02680383168966,0.824957089650361,-0.322340189284847,0.628181731711421,-0.011542303660315,0.555937781713685,0.165960615119931,-0.524569448430814,-0.32971479801849,0.388719507128095,0.0531638581262464,-0.0878721332238824,-0.237759199269559,0.313521339882106,0.93346558479656,-0.64717838371047,0.776012942406164,0.640483549331426,0.139037593587894,-0.292956370413645,-0.817227695791451,-0.170994714835187,-0.910549369350702,-0.0467997993812432,0.128541379075771,0.238645702929964,0.0754200274406915,1.78
123955.0,2.30578088285721,-1.61596230212529,-2.62842350019781,-2.4742380359836,1.32274953993638,3.45554202532435,-1.49412199280783,0.75602928192177,-1.30461838794064,1.55637645017161,-0.496927570379822,-0.671064864287654,0.136377505786375,-0.299965024787201,-0.690189646564934,-1.25193801034544,0.768305181499172,-0.372671776893271,-0.0654178859363911,-0.397496219218506,-0.0219826772138626,0.514067927988318,0.070544795511008,0.740920645037353,0.255099685795009,0.144430317815224,0.0199578878624961,-0.0713639160148817,10.0
136160.0,1.9867169811923,-0.172974488218501,-0.766673904483763,0.348508097082092,-0.576260784143457,-0.956050402517046,-0.4900875560896,-0.0348408333247592,1.40836144745356,-0.690510155226226,-0.504029370713289,-0.147721319734529,-0.830735230615482,-1.11611580547567,0.946236753172722,0.58853340008171,0.556513544962538,0.279921292902824,-0.217389792063535,-0.242689646172224,-0.266870193609659,-0.633762609845424,0.388822435865694,-0.168251374104758,-0.543970483166477,-0.277146163647482,0.0224164175195498,-0.0118308779454066,3.79
30679.0,1.33024438080694,-0.58125177681521,-1.16110998194517,-0.394268981538781,1.6730527034311,3.66370774034511,-0.822310810707927,0.82757169353378,-0.883402083077148,0.779811441036081,-0.770436304954775,-0.056949365573404,0.0782907603154546,0.042637911864613,-0.30111885116215,-1.6031829009134,-0.254265134284633,1.27135884259613,-0.404943634475329,-0.3978596005779,-0.531606255078232,-1.0663230700578,-0.0646903746233522,0.967714179534469,0.774551001237908,-0.327426654734763,0.0470468885019008,0.0212133936218664,31.54
78494.0,-1.35234277854933,1.18302961062948,2.36810739131974,0.955305119109556,-0.873751378178089,0.720940357032273,-0.749243623858528,0.993721649142035,-0.2737759421205,0.121543986347209,1.19679619359961,0.484855159960195,-0.21814469879473,0.314374110022741,1.52956179679673,0.325454173611419,-0.15631367408471,1.00118575772527,0.219245684123801,0.230522757584167,0.348691190924751,1.07975116123454,-0.250744789604439,0.0298872519342347,0.172474901440568,-0.019998463482885,0.37825541574518,0.143810547247779,5.99
56564.0,-0.928204089293327,-0.741771296223565,3.00985974242836,0.101583410644316,-1.72886447536165,0.943673224411887,-0.16822043278784,0.271035534029085,1.58348621918384,-0.596226775986693,0.260671430179922,0.408065963568272,-1.4683385108436,-1.23753355027647,-2.06331506279296,-0.243128037507459,0.175579864908879,0.474704744815515,0.869212984894433,-0.0787775160962805,0.0900257438231679,0.913597314979821,0.169628450003077,0.631622803660417,-0.206420031594712,1.16049070110368,-0.1324136111631,-0.245342382311325,152.24
107749.0,1.57307160582619,-0.211130026143635,-0.299650539965872,4.15618992079627,0.0223594000702178,0.788486207973939,-0.297900108496885,0.0781556364647929,1.11255199142887,0.916361041326096,-0.951486849725914,-3.2274892744756,0.763859733873518,1.36989842025474,-1.78633823452924,0.897412639579942,0.0315018379932067,0.342957936727258,-1.6957524161556,-0.0154367144672918,0.0984645635755685,0.256385778071428,-0.0185872619769253,0.496585535536427,-0.0867036989562874,0.0518663476957932,-0.0674085536163811,-0.0138552441363844,177.49
65076.0,-3.00285701126556,2.58288930059624,2.02518446426073,0.538231116147982,-1.18867932944622,0.16137881194507,-0.152292609765096,0.307448039914208,2.23088644748011,3.37656084716661,0.134392284807048,-0.682099408391617,-1.02828182217588,-0.979982486546709,2.49066976319414,-0.380425631070791,-0.128035167602852,0.258800017228644,-0.446295282467997,1.52154324243917,-0.11615735247662,0.855759183301024,-0.19508460707462,0.34166892960269,0.520379918051219,-0.0633497790374225,0.821698393436935,0.0591616937355031,4.4
166451.0,-0.312048184094347,0.945163043363851,-0.691345727594486,-0.389901601012149,0.0867112057706082,-1.01786309318958,1.90585559930864,-0.472589225059793,-0.0881330522685237,-1.047176890982,-0.344386844867868,0.0676682159510089,0.691207294557366,-1.18976913778609,0.426986978109852,0.277413889740609,0.279362404741159,0.596989817581018,-0.694225516680462,0.0319244425852255,0.226413410757881,0.928660886810029,-0.0546472975049146,-0.0124682309205196,0.129342531436606,-0.169414135761949,0.272785757771241,0.072302729539156,188.0
158891.0,2.06574551733754,-1.63641987821143,-1.47485502930006,-1.63266746521117,-1.05078297312408,-0.799096101780048,-0.688238667604759,-0.315851437416182,-1.84263040748991,1.78678763829233,0.606042938889721,-0.172361805129016,0.792448326561785,-0.0060227575753223,-0.485889376182839,-0.294724249952814,0.0073762914787408,0.671785239920223,0.0056138021549692,-0.138326319583318,0.196707483265622,0.754321565603778,-0.0992923085920934,-0.302283727693181,0.0547737248437322,0.0627615301977598,-0.0360520718689654,-0.0501930747957951,142.0
138473.0,-1.72059298077114,1.2954813636762,-1.17344830106983,-0.608625745932028,0.624553357315541,-0.671086858963748,0.405156273642493,0.664888235358135,-0.284416993177693,-1.09817887714689,-1.33586704930832,-0.135826378146344,-0.115959958947221,-0.392851389320374,-0.179686747637614,0.589133140080634,0.624383032457043,-0.0521184120147376,-0.0659568060263572,-0.319239580069927,-0.23239402621323,-0.831598646597306,0.166849336912582,0.173620711350628,-0.475120824406911,0.101278877484892,-0.207090875427458,0.0003775332923213,11.99
130657.0,-0.205610406533276,1.27380041167264,-0.960932278350681,-0.749449738373455,0.984764529987105,-0.230440922380189,0.578966135015232,0.446197615398568,-0.574706468322735,-0.918254488479732,0.527351703879764,1.02442199425201,0.968763016702074,-0.713685515479336,-1.03647155273375,0.767242857204216,0.0357364913294541,0.387240111832794,0.252916805310554,0.0068826295229363,-0.26985814096938,-0.760726259085429,0.0732626889129057,0.0103688809174912,-0.322266505141032,0.127631898549129,0.0964934711016391,0.0080514230467078,8.99
160480.0,-0.851915730304368,1.3942157323333,0.21666348134528,-0.912857631676573,0.524830865772833,-0.835954976103773,1.35169519782198,-1.67612931410726,1.24625999670232,1.44351302697049,-0.711643738086898,-0.325792077119068,-0.549158115774987,-0.68295462711276,-0.207078481995965,-0.372622607872606,-0.696440297225025,-0.802884177252614,-0.144010438401693,0.304418400936313,0.270124458524763,-0.866881913028449,0.126046245057993,-0.0697355864624644,-0.419439058277869,0.0541268524553002,-0.159727345911431,-0.369281374328055,23.37
96292.0,-0.0334999211579859,-0.344810932124031,0.826992031078341,-0.0555268382526906,-1.83089267980839,1.84797560409882,-0.80588474450919,-1.5980954593577,0.187282365085985,0.48230495367655,1.56874564965231,-3.35882974762163,1.26973420696599,1.53760074328872,0.878530542162645,0.877830467467166,1.41265495553752,0.494257071455134,3.11139743521513,0.143303326993951,1.67307714214614,0.0667592813138233,-0.759772667239941,0.212891703359694,1.19959196587855,0.566260488132071,0.311009435425255,0.0901795772519998,333.65
80175.0,-0.655487176718182,1.04269930469869,1.21388062971369,0.603141724705598,0.814707764852235,0.181658009824866,0.917920711390286,-0.0236213241071272,-0.804309691933816,-0.306827123672148,-0.810176341038354,-0.0282813645440241,0.505226041759035,0.270367131671093,1.33272114436691,-0.331538876536959,-0.17898872742106,-0.6600434022428,0.735761534534867,0.0118891880873252,-0.402920888294001,-1.17374234595768,0.0875137622471711,-0.837575158292534,-0.14189240941235,-0.700079919817323,0.0167378123865224,0.0940839244371962,28.11
136602.0,-0.367444017514944,0.139925087469923,0.049881582029215,-3.43739643541541,0.796968881335504,-0.509638150367592,0.880066198843255,-0.294486599759855,-3.45659174095344,0.712622239301827,0.297157202224915,-0.571720981642502,0.856624710726549,0.0899139201695686,-1.51461050270776,-0.561601302145424,-0.105773353562357,0.343929815081596,-0.151313234884145,-0.294195368794761,-0.0025265709500911,0.296368610284378,-0.690593593796758,0.230371507667625,1.29604788838916,0.09808360674023,-0.0475410339877642,0.0106519749465677,7.0
138623.0,-3.53351324366105,0.0597618452993425,-1.18830760466554,0.172667261311138,1.77209487061645,0.38841331430896,0.067195702471877,1.37541332192439,-1.13128669947369,-1.47714478256622,-1.33829027654047,0.516567043939024,-0.0989652042416707,1.38430038258954,-0.278546557657548,-0.786177629254228,0.772244512703109,-1.58095508914904,-1.63429339702027,-0.589676340865497,0.239156482614087,0.153522042907433,-1.10221819408397,-0.487320000721587,1.08780281933475,-0.419984072808954,-0.39288892854353,-0.552168123336486,46.11
150665.0,1.38054045671708,-3.14254833614015,-1.25137466999211,-1.46831642009511,-1.78518251986171,0.433019281297721,-1.15447658397811,0.0924988043258438,-0.98033702380834,1.56855053411543,-0.106314223655448,-1.16719942572737,-0.757335829627319,-0.0840092029407017,0.0336431804071315,0.412202366738617,-0.17261786883783,1.4037840353612,-0.0818841376775387,0.489470251934012,0.30554472404733,0.199606242621674,-0.231469896437284,0.0677655527436637,-0.460714914451821,-0.123467065751594,-0.0653099584593282,0.028817771478346,479.0
146772.0,-0.682042696377212,0.57690260289939,1.70375100908367,-0.465693918559119,-0.0881545507416809,-0.573716893119564,0.447161241012062,0.0994422034342354,0.255472394933453,-0.628069191398196,-1.08627296854146,-0.28385328066935,-0.507287440212984,-0.0998977273678291,0.23457136178314,0.376432983438001,-0.550694136304497,-0.121272040208826,-0.205867004289599,0.101294877463654,-0.17506677669668,-0.466383347541585,0.0356867254258295,0.0074475831268014,-0.352381841651665,0.0159836560324521,0.326061781268976,0.200733746825075,29.99
53401.0,-0.419158244208302,1.04937224930362,0.553745836453597,0.0830170815244085,-0.25082613178826,-0.921591879092588,0.550985972230054,0.300857325204719,-1.00597320383943,-0.434216734752129,1.26901897826687,0.92462744813954,0.0722162621911843,0.798231844163835,-0.255237702124913,0.185321171106295,-0.329732894887722,0.13247954965351,0.163061864978266,-0.128034904229306,0.168132263088665,0.286838200963281,0.0447522215354718,0.561390103974118,-0.246810674241577,0.229924827745165,-0.135032581874152,-0.040628287969293,33.0
153593.0,-0.33734351382882,-0.39475029844096,2.29710076662858,-2.01012438452573,-0.996143458784033,0.0496394169409845,-0.46265610978044,0.152503578327791,0.633097420357224,-0.0523461057074777,-1.73737306225709,-1.34579777536923,-1.45974266788236,-1.30850622455434,-1.54162390699591,1.00411116801509,0.224471695356515,-1.14445142569268,0.0973827846582675,0.0674376220943056,0.0971562556199775,0.722883306534663,-0.213202186282878,-0.0939571427327029,-0.350219188637197,-0.305035833799746,0.260425245510293,-0.0081706905420872,3.5
75104.0,-1.57118559068353,0.612720645509366,1.54158738788324,-1.54378062358638,0.221330131451193,-0.518186997414748,0.869713171695874,-0.599118622478039,0.652902274904357,0.683407210063311,1.07508016097718,0.0342522504551616,-0.630186483483308,-0.453473354796434,0.0541819408606495,0.715146726519717,-1.28916582088521,0.200097301529897,-0.194539272081918,-0.226281183429908,-0.142629892971586,-0.11157082280282,-0.0805116265897274,0.0256340062379134,-0.44192808807874,0.592535813188643,-0.940394363425018,-0.254790164855764,30.59
158465.0,1.93599066913195,0.125492191621586,-1.8088043053045,1.19253416033929,0.473185255628412,-1.15380718327523,0.692793496390805,-0.321970760914205,-0.264355138362991,0.548782883321503,0.889118188045061,0.344775896969942,-1.26415001547528,1.23658971465781,-0.358830601158755,-0.245985156755521,-0.54064698293217,0.0922894246028945,-0.203832049187447,-0.271782097509847,0.196235473380734,0.512712026660164,-0.0309799731652984,-0.0088606724141553,0.367175036329281,-0.504630505339489,-0.0468570143435632,-0.0686369769041087,44.0
54307.0,-3.55516316940703,-0.121459173166902,0.740165153045013,0.892311205054806,-2.67654145077066,2.27334503504483,-0.325526771349904,0.144332840280252,-0.743896913188716,0.849210221903665,0.725255332778829,0.728778753916193,-0.243084330464168,0.0034608546197011,-0.141440406981344,-2.07739274864709,1.21308117711596,0.924837315435538,-0.0258753602215323,-1.62211537764312,0.0826369986713457,-0.732518099723863,-0.805139557792355,-0.221180632087007,-0.197464160727011,-0.289911198011628,-0.318589272072922,-0.793378164330388,381.62
38835.0,1.10331224719972,-0.138186303588022,1.37404863732695,1.28123008726506,-1.11198268664129,-0.0181187433736301,-0.73603014213051,0.286183981675898,0.77791584148837,-0.0002509005615306,0.910933789725152,0.67776475836949,-1.14066568290678,0.0576978160951576,-0.421993380988853,0.263835886239241,-0.364805929517939,0.494762341069405,0.0099279304551052,-0.205894095597308,-0.0121026345193972,0.0926588360748941,0.0249982635377787,0.517025824815091,0.323699989023702,-0.435321548994027,0.0628642975252576,0.0272009981172481,4.99
126322.0,0.0866526481175586,1.31638168105963,-2.4351411395674,0.324833168855276,1.24131562838615,-1.419521239234,0.803820859114802,0.0336351298067232,0.03789358740877,-1.24184496214031,1.44990840613074,-0.207763339268453,-1.00815960793474,-2.49127335561491,0.209263552121961,0.5405007087788,2.1993437377388,1.95942065025944,0.362295909293617,-0.0371094606614663,-0.0199793870146758,0.196124172866575,-0.214088227030921,-0.68737799764035,-0.200756255344008,-0.528236308566363,-0.0823113209831572,-0.322447015592125,20.0
164715.0,-1.47441096333265,0.423192854671387,-0.289944867595572,3.38296648861568,2.10377625775917,0.120154614221013,1.19653820429422,-0.633474284003921,-1.21009140675003,2.29415891960341,-1.81984430842536,-0.715252718451275,1.16352914825916,-0.354526727111129,-0.0134112106090558,0.573729230341514,-1.26953710564783,0.133376476747558,-0.372534590837819,-0.522914158483741,0.127831935605316,1.26102567349744,0.347884114567015,-1.02913931486385,-0.938364208336157,0.0338262165882173,-1.03106401488857,-0.0372595636459552,15.15
141309.0,0.185667516125273,1.8254849988114,0.202814437079644,4.16838360823027,1.47389090147989,0.237865792179461,1.28692573879052,-0.201278267900586,-3.05030878054679,1.78017012949086,0.545459500066502,0.111964913690092,0.80364152581864,0.851104424334365,-0.232472707031241,-0.34321150556858,-0.182958834679899,0.366131627264307,1.61369707088382,0.194604762869733,0.253222013150625,0.800116013003538,-0.282517008970316,-0.295607843479068,-0.393643274473873,0.439359778625741,0.182857056138667,0.183485258190723,1.0
58226.0,1.10750228632613,0.138017266803525,-0.0101292020228357,1.03082686253176,0.219633311642133,0.117219262176324,0.202296901161328,0.0328281904252145,-0.187193858891921,0.0352297740736136,1.06657230885301,1.21138303661641,0.220832741121207,0.38885822446423,-0.433904050808556,-0.431996495293319,-0.210521898131542,-0.317289337051614,-0.0353532643543461,-0.0726344260228571,0.0512044399522487,0.247196877906755,-0.211378225253288,-0.265515367389203,0.786251852765468,-0.249828827614091,0.018207748413487,0.0043255150697147,41.73
163541.0,1.97488195384107,-0.314762437110635,-0.19628743537446,0.522427875328026,-0.719435752014674,-0.596956255207768,-0.51185926732521,-0.137298813375857,1.27805347244572,-0.202434734883642,-0.764443578625584,1.15930102033907,1.37326615615603,-0.448128368654775,0.334827264690506,0.0107885219326096,-0.565831524784078,0.0380256837267,-0.245959850090065,-0.141328140555228,0.209134696946533,0.923733737623887,0.105175458056126,0.106171782765204,-0.0556739880521074,-0.219993153516345,0.0500075572926621,-0.0334415495621157,9.99
49068.0,1.25766060871933,-1.13447198845715,-0.793571862636305,-1.74426958697326,1.04632553094174,3.47623787663209,-1.32576666331321,0.875723088130961,-0.666798610184497,0.608238418359273,-0.0169675352905708,-0.691179935993323,0.32401739854245,-0.216937611122613,1.17441610032489,1.74926757369,-0.382273168962647,-0.742939223934303,0.751623265891544,0.400921114596752,0.126657148304451,-0.0745699939253333,-0.074777413710091,1.0138677687267,0.395735297197576,-0.292849257765636,0.0157032802405949,0.0367243287358438,103.55
123344.0,-0.350525861264424,1.61105165904789,-1.2190474750594,0.663002819649395,2.008926029391,0.19215787556443,1.23690855583549,0.0459709786045951,-0.651385703703455,-0.114222583546087,0.062775643120767,-0.313601061493395,-0.697662018925055,-0.873027348134304,-0.675856953540868,-0.205438115554574,0.7222197633673,1.19715521670596,1.19896887268671,0.244261246808464,-0.0342253823268565,0.245863098370201,-0.430442395613781,-0.483416236410785,0.18424805587984,-0.354730795201148,0.565599518448958,0.315695108049723,5.7
15404.0,-2.34285889172781,-1.60842052971582,1.21828546844474,2.43804023300617,-2.00442985713062,1.79693389890778,1.4642220803363,0.63699584497343,1.09963147325905,-1.59385417094867,1.54136800379699,-0.85408269507065,1.91937287493178,1.21693845322112,-2.87880985581725,-1.28665705022543,1.79733840234583,-0.0812981946591024,1.11994252334856,1.5086614429367,0.120028328193785,-0.473524891502818,1.63709621380095,0.102899057738721,-0.214562175988408,-0.542592603449566,-0.127042253775615,0.0237556682424619,676.82
133478.0,2.04292029422186,-0.167685359959555,-1.07140964790414,0.279350789913176,-0.133926080107888,-0.978885239829519,0.130785735192126,-0.37663290090102,0.921645474700935,-0.244610503025274,-0.854067805890274,1.32334488888018,1.41059671925446,-0.254962047846632,-0.602021938636261,-0.707310125418972,-0.153590425289482,-0.608758764083761,0.283921635187871,-0.137584307031343,0.0961281826385885,0.67415888623742,0.0043618292850173,0.080152849406904,0.257906272432951,0.190591457630968,-0.0172846651807244,-0.0588288637240682,10.0
57871.0,0.217345006495615,0.772669776601174,0.756720231626775,1.11307883794414,0.237570582414008,-0.0641580725784772,0.48079292660008,0.062795278200988,-0.295444720584412,0.0584809488269975,0.436724279024596,0.701938740352624,-0.26873139179961,0.199339397971619,-1.03511695387774,-0.465062246992871,-0.212274848502909,0.343137253190048,1.07761836685611,-0.100407613846552,0.0736131458714768,0.438776434002749,0.0086111041056048,0.0137184071579322,-0.879889890506364,-0.474998287994665,0.224912439941975,0.162158009096984,1.0
123893.0,-0.710188788749262,-0.0549833225475018,0.539203464801779,-1.64426399438838,0.73095018753945,-0.874166320706918,0.709969189823001,0.119036363084807,0.0587790226467825,-0.800977454755562,-0.0755111181287573,-0.886012152626717,-3.09426332230659,0.841438707108735,-1.16408490234325,0.36378989091316,-0.532676615112186,-0.0749894118781585,0.154995719409981,-0.162974444411012,-0.174391238052586,-0.810971537003725,0.0500640610485664,-0.435805427628045,-0.43494928753457,0.878039894432986,-0.0529364856703289,0.109222322919567,39.0
65500.0,-3.26546972739005,2.09973181408163,0.300732869469518,-1.66169884375974,-0.590361731132683,-1.35704443619619,0.415940085659383,-0.0680597330197832,2.21825837801432,2.69436338884715,-0.203121579481672,0.0393150563223245,-0.0248575620401254,-0.897050247448561,0.749001331873726,0.4877845281185,-0.829397817745736,-0.564986862255123,-0.963530015137345,0.752735768504646,-0.552660091118184,-0.398600900084316,0.453404944476272,0.391920272182975,0.354804516111926,0.782062593702061,1.20880700010478,0.520188618347049,3.69
164570.0,-1.81736675953405,-1.90425888957209,2.78559507296326,-0.820152692410473,-0.795088205312569,0.871088297199983,-1.04358756568292,0.625866007223603,0.524944655210093,-0.439563807775015,-2.2705555122099,-0.0451535646225684,0.171977809993078,-1.58577863457133,-1.82634127026008,-1.62285354484007,0.287911293190402,1.56990520223663,-0.55538406621167,0.388779429628374,-0.156332888848818,-0.102823240059288,0.299201329696416,0.684862068728119,0.522749887092228,0.846673376288482,0.227163729505106,0.170602475625782,200.0
83768.0,-1.36938389576879,0.867174215249495,1.94379744993695,-1.05002971348505,-1.09023186903784,-0.472838528913491,-0.129223716718442,0.518622853068974,0.619411171376523,-0.964373798432618,-1.05410778315689,0.184499275885294,-0.250185926900061,-0.348262410635954,-0.397417623247072,0.472447765974826,-0.20066258301619,-0.267167895786937,-0.446806762673194,-0.140061331551871,-0.0294358557031073,-0.0613117168958747,-0.0535093180823382,0.437027160828253,-0.0930085923576502,0.830000815736894,-0.119428358982331,0.0812318592227923,27.0
148451.0,-1.61869745422523,-0.975965965620804,1.17754400017263,-1.33593479648782,1.83723260297219,0.753091792172526,-0.658766748772032,0.598046475213069,-1.43807101632779,0.267487582804135,0.480824234404383,0.41873570259275,0.466649584734138,0.0392502274540132,-0.0451192950367543,-2.14674702930975,0.222131084002564,0.825103551302828,-1.56463620657195,-0.0406080397748869,0.114952260885679,0.742012053947792,-0.339996693110074,-1.58579970949578,0.795471787994664,0.886582599829046,0.25580245823412,0.104064967051724,14.9
114404.0,-0.398916565572335,1.02451392652023,-0.904565923065083,0.96695578734945,1.77320359759467,-0.287504730690945,1.14586216955938,0.0680211290360002,-0.725393807824016,-0.406007878881715,0.436649228618885,-0.656019010775008,-1.84346047731349,-0.539018067879593,-0.614197824906367,-0.325703758729395,1.02901353976925,1.15573482101781,0.982203992718038,0.202656434962854,0.0778654450826288,0.283675657339789,-0.190664189344761,0.13254205575887,0.04188677735255,-0.397894913535877,0.417483565334633,0.274100355289839,40.37
85288.0,-0.905698350685872,1.22624034774729,1.21208667785205,-0.581047535425458,-0.238139304616329,-0.933636406475469,0.489994236760301,0.301215210205973,-0.357724625915935,-0.923111948505516,-0.65324826665433,0.946473709147971,1.18198855551911,-0.0422411075432671,-0.475672749182413,0.0535430600526943,-0.193439440284351,-0.701473839387347,-0.23709464928582,-0.0081996716237687,-0.134287309567768,-0.286261123203426,-0.0456844757675264,0.437607805189874,-0.150586879151482,0.291047218308299,0.18374995344339,0.120848210435029,4.0
120427.0,-0.563301026111087,0.689383250356398,-0.155337418526107,-2.12656506110157,1.58517344244193,-1.03212406819661,2.02998167033684,-0.530225166221704,-0.782178355382696,-0.846165086660743,0.907258926905221,-0.0373877013684853,-1.24615731343846,0.882128756066042,-0.718440057094135,-1.00889164885769,-0.217009813808777,-0.0658973558819485,0.751035061245649,0.0661390298514825,0.27422727526081,0.875365940386002,-0.746746233300863,0.821233221957185,1.36248159924086,1.11652247493892,-0.310836203531126,-0.224611740127048,33.0
160683.0,0.0503094804413029,0.827989849104104,0.220602295711602,-0.614385728882455,0.437519328805927,-1.04698002614068,0.990920497582896,-0.176961557959975,0.0232295320874385,-0.401406629666849,-1.12439819517106,-0.116670380943716,-0.349049457649855,0.180423170340429,-0.350054172923032,-0.0316623493266074,-0.440372820508152,-0.652089217271214,-0.02628073511213,-0.0534851463179662,-0.273274669138716,-0.630279188733693,0.0615856069668882,-0.128115585512518,-0.481645976422684,0.148656262225581,0.243642678313112,0.095267612741593,5.49
